index,timestamp_us,interface,packet_type,packet_type_name,wire_len,dst_mac,src_mac,ethertype,direction,key_epoch,cell_counter
0,1786990956710136,l_left,3,otherhost,256,02:00:00:00:00:02,02:00:00:00:00:01,0x88b5,forward,1,0
1,1786990956710219,l_left,3,otherhost,256,02:00:00:00:00:02,02:00:00:00:00:01,0x88b5,forward,1,1
2,1786990956710250,l_left,3,otherhost,256,02:00:00:00:00:02,02:00:00:00:00:01,0x88b5,forward,1,2
3,1786990956710283,l_left,3,otherhost,256,02:00:00:00:00:02,02:00:00:00:00:01,0x88b5,forward,1,3
4,1786990956710631,l_left,4,outgoing,256,02:00:00:00:00:01,02:00:00:00:00:02,0x88b5,reverse,1,0
5,1786990956710698,l_left,4,outgoing,256,02:00:00:00:00:01,02:00:00:00:00:02,0x88b5,reverse,1,1
6,1786990956910117,l_left,4,outgoing,256,02:00:00:00:00:01,02:00:00:00:00:02,0x88b5,reverse,1,2
7,1786990956910192,l_left,4,outgoing,256,02:00:00:00:00:01,02:00:00:00:00:02,0x88b5,reverse,1,3
8,1786990956910215,l_left,4,outgoing,256,02:00:00:00:00:01,02:00:00:00:00:02,0x88b5,reverse,1,4
9,1786990956910234,l_left,4,outgoing,256,02:00:00:00:00:01,02:00:00:00:00:02,0x88b5,reverse,1,5
10,1786990956910250,l_left,4,outgoing,256,02:00:00:00:00:01,02:00:00:00:00:02,0x88b5,reverse,1,6
11,1786990956910315,l_left,4,outgoing,256,02:00:00:00:00:01,02:00:00:00:00:02,0x88b5,reverse,1,7
12,1786990956910648,l_left,4,outgoing,256,02:00:00:00:00:01,02:00:00:00:00:02,0x88b5,reverse,1,8
13,1786990956910901,l_left,4,outgoing,256,02:00:00:00:00:01,02:00:00:00:00:02,0x88b5,reverse,1,9
14,1786990956911140,l_left,4,outgoing,256,02:00:00:00:00:01,02:00:00:00:00:02,0x88b5,reverse,1,10
15,1786990956911403,l_left,4,outgoing,256,02:00:00:00:00:01,02:00:00:00:00:02,0x88b5,reverse,1,11
16,1786990956911617,l_left,4,outgoing,256,02:00:00:00:00:01,02:00:00:00:00:02,0x88b5,reverse,1,12
17,1786990956911854,l_left,4,outgoing,256,02:00:00:00:00:01,02:00:00:00:00:02,0x88b5,reverse,1,13
18,1786990956912101,l_left,4,outgoing,256,02:00:00:00:00:01,02:00:00:00:00:02,0x88b5,reverse,1,14
19,1786990956912356,l_left,4,outgoing,256,02:00:00:00:00:01,02:00:00:00:00:02,0x88b5,reverse,1,15
20,1786990956912739,l_left,3,otherhost,256,02:00:00:00:00:02,02:00:00:00:00:01,0x88b5,forward,1,4
21,1786990956912764,l_left,3,otherhost,256,02:00:00:00:00:02,02:00:00:00:00:01,0x88b5,forward,1,5
22,1786990956919236,l_left,3,otherhost,256,02:00:00:00:00:02,02:00:00:00:00:01,0x88b5,forward,1,6
23,1786990956919260,l_left,3,otherhost,256,02:00:00:00:00:02,02:00:00:00:00:01,0x88b5,forward,1,7
24,1786990956919525,l_left,3,otherhost,256,02:00:00:00:00:02,02:00:00:00:00:01,0x88b5,forward,1,8
25,1786990956919773,l_left,3,otherhost,256,02:00:00:00:00:02,02:00:00:00:00:01,0x88b5,forward,1,9
26,1786990956920300,l_left,4,outgoing,256,02:00:00:00:00:01,02:00:00:00:00:02,0x88b5,reverse,1,16
27,1786990956920324,l_left,4,outgoing,256,02:00:00:00:00:01,02:00:00:00:00:02,0x88b5,reverse,1,17
28,1786990957120395,l_left,4,outgoing,256,02:00:00:00:00:01,02:00:00:00:00:02,0x88b5,reverse,1,18
29,1786990957120470,l_left,4,outgoing,256,02:00:00:00:00:01,02:00:00:00:00:02,0x88b5,reverse,1,19
30,1786990957120494,l_left,4,outgoing,256,02:00:00:00:00:01,02:00:00:00:00:02,0x88b5,reverse,1,20
31,1786990957120512,l_left,4,outgoing,256,02:00:00:00:00:01,02:00:00:00:00:02,0x88b5,reverse,1,21
32,1786990957120528,l_left,4,outgoing,256,02:00:00:00:00:01,02:00:00:00:00:02,0x88b5,reverse,1,22
33,1786990957120543,l_left,4,outgoing,256,02:00:00:00:00:01,02:00:00:00:00:02,0x88b5,reverse,1,23
34,1786990957120559,l_left,4,outgoing,256,02:00:00:00:00:01,02:00:00:00:00:02,0x88b5,reverse,1,24
35,1786990957120908,l_left,4,outgoing,256,02:00:00:00:00:01,02:00:00:00:00:02,0x88b5,reverse,1,25
36,1786990957121165,l_left,4,outgoing,256,02:00:00:00:00:01,02:00:00:00:00:02,0x88b5,reverse,1,26
37,1786990957121390,l_left,4,outgoing,256,02:00:00:00:00:01,02:00:00:00:00:02,0x88b5,reverse,1,27
38,1786990957121649,l_left,4,outgoing,256,02:00:00:00:00:01,02:00:00:00:00:02,0x88b5,reverse,1,28
39,1786990957121908,l_left,4,outgoing,256,02:00:00:00:00:01,02:00:00:00:00:02,0x88b5,reverse,1,29
40,1786990957122149,l_left,4,outgoing,256,02:00:00:00:00:01,02:00:00:00:00:02,0x88b5,reverse,1,30
41,1786990957122369,l_left,4,outgoing,256,02:00:00:00:00:01,02:00:00:00:00:02,0x88b5,reverse,1,31
42,1786990957122899,l_left,3,otherhost,256,02:00:00:00:00:02,02:00:00:00:00:01,0x88b5,forward,1,10
43,1786990957122928,l_left,3,otherhost,256,02:00:00:00:00:02,02:00:00:00:00:01,0x88b5,forward,1,11
44,1786990957129273,l_left,3,otherhost,256,02:00:00:00:00:02,02:00:00:00:00:01,0x88b5,forward,1,12
45,1786990957129318,l_left,3,otherhost,256,02:00:00:00:00:02,02:00:00:00:00:01,0x88b5,forward,1,13
46,1786990957129525,l_left,3,otherhost,256,02:00:00:00:00:02,02:00:00:00:00:01,0x88b5,forward,1,14
47,1786990957129773,l_left,3,otherhost,256,02:00:00:00:00:02,02:00:00:00:00:01,0x88b5,forward,1,15
48,1786990957130391,l_left,4,outgoing,256,02:00:00:00:00:01,02:00:00:00:00:02,0x88b5,reverse,1,32
49,1786990957130418,l_left,4,outgoing,256,02:00:00:00:00:01,02:00:00:00:00:02,0x88b5,reverse,1,33
50,1786990957330370,l_left,4,outgoing,256,02:00:00:00:00:01,02:00:00:00:00:02,0x88b5,reverse,1,34
51,1786990957330435,l_left,4,outgoing,256,02:00:00:00:00:01,02:00:00:00:00:02,0x88b5,reverse,1,35
52,1786990957330457,l_left,4,outgoing,256,02:00:00:00:00:01,02:00:00:00:00:02,0x88b5,reverse,1,36
53,1786990957330475,l_left,4,outgoing,256,02:00:00:00:00:01,02:00:00:00:00:02,0x88b5,reverse,1,37
54,1786990957330491,l_left,4,outgoing,256,02:00:00:00:00:01,02:00:00:00:00:02,0x88b5,reverse,1,38
55,1786990957330506,l_left,4,outgoing,256,02:00:00:00:00:01,02:00:00:00:00:02,0x88b5,reverse,1,39
56,1786990957330554,l_left,4,outgoing,256,02:00:00:00:00:01,02:00:00:00:00:02,0x88b5,reverse,1,40
57,1786990957330901,l_left,4,outgoing,256,02:00:00:00:00:01,02:00:00:00:00:02,0x88b5,reverse,1,41
58,1786990957331158,l_left,4,outgoing,256,02:00:00:00:00:01,02:00:00:00:00:02,0x88b5,reverse,1,42
59,1786990957331407,l_left,4,outgoing,256,02:00:00:00:00:01,02:00:00:00:00:02,0x88b5,reverse,1,43
60,1786990957331660,l_left,4,outgoing,256,02:00:00:00:00:01,02:00:00:00:00:02,0x88b5,reverse,1,44
61,1786990957331905,l_left,4,outgoing,256,02:00:00:00:00:01,02:00:00:00:00:02,0x88b5,reverse,1,45
62,1786990957332152,l_left,4,outgoing,256,02:00:00:00:00:01,02:00:00:00:00:02,0x88b5,reverse,1,46
63,1786990957332371,l_left,4,outgoing,256,02:00:00:00:00:01,02:00:00:00:00:02,0x88b5,reverse,1,47
64,1786990957332783,l_left,3,otherhost,256,02:00:00:00:00:02,02:00:00:00:00:01,0x88b5,forward,1,16
65,1786990957332832,l_left,3,otherhost,256,02:00:00:00:00:02,02:00:00:00:00:01,0x88b5,forward,1,17
66,1786990957339443,l_left,3,otherhost,256,02:00:00:00:00:02,02:00:00:00:00:01,0x88b5,forward,1,18
67,1786990957339485,l_left,3,otherhost,256,02:00:00:00:00:02,02:00:00:00:00:01,0x88b5,forward,1,19
68,1786990957339528,l_left,3,otherhost,256,02:00:00:00:00:02,02:00:00:00:00:01,0x88b5,forward,1,20
69,1786990957339801,l_left,3,otherhost,256,02:00:00:00:00:02,02:00:00:00:00:01,0x88b5,forward,1,21
70,1786990957340303,l_left,4,outgoing,256,02:00:00:00:00:01,02:00:00:00:00:02,0x88b5,reverse,1,48
71,1786990957340326,l_left,4,outgoing,256,02:00:00:00:00:01,02:00:00:00:00:02,0x88b5,reverse,1,49
72,1786990957540481,l_left,4,outgoing,256,02:00:00:00:00:01,02:00:00:00:00:02,0x88b5,reverse,1,50
73,1786990957540547,l_left,4,outgoing,256,02:00:00:00:00:01,02:00:00:00:00:02,0x88b5,reverse,1,51
74,1786990957540569,l_left,4,outgoing,256,02:00:00:00:00:01,02:00:00:00:00:02,0x88b5,reverse,1,52
75,1786990957540585,l_left,4,outgoing,256,02:00:00:00:00:01,02:00:00:00:00:02,0x88b5,reverse,1,53
76,1786990957540601,l_left,4,outgoing,256,02:00:00:00:00:01,02:00:00:00:00:02,0x88b5,reverse,1,54
77,1786990957540617,l_left,4,outgoing,256,02:00:00:00:00:01,02:00:00:00:00:02,0x88b5,reverse,1,55
78,1786990957540646,l_left,4,outgoing,256,02:00:00:00:00:01,02:00:00:00:00:02,0x88b5,reverse,1,56
79,1786990957540905,l_left,4,outgoing,256,02:00:00:00:00:01,02:00:00:00:00:02,0x88b5,reverse,1,57
80,1786990957541171,l_left,4,outgoing,256,02:00:00:00:00:01,02:00:00:00:00:02,0x88b5,reverse,1,58
81,1786990957541400,l_left,4,outgoing,256,02:00:00:00:00:01,02:00:00:00:00:02,0x88b5,reverse,1,59
82,1786990957541660,l_left,4,outgoing,256,02:00:00:00:00:01,02:00:00:00:00:02,0x88b5,reverse,1,60
83,1786990957541913,l_left,4,outgoing,256,02:00:00:00:00:01,02:00:00:00:00:02,0x88b5,reverse,1,61
84,1786990957542159,l_left,4,outgoing,256,02:00:00:00:00:01,02:00:00:00:00:02,0x88b5,reverse,1,62
85,1786990957542397,l_left,4,outgoing,256,02:00:00:00:00:01,02:00:00:00:00:02,0x88b5,reverse,1,63
86,1786990957542947,l_left,3,otherhost,256,02:00:00:00:00:02,02:00:00:00:00:01,0x88b5,forward,1,22
87,1786990957542986,l_left,3,otherhost,256,02:00:00:00:00:02,02:00:00:00:00:01,0x88b5,forward,1,23
88,1786990957550095,l_left,3,otherhost,256,02:00:00:00:00:02,02:00:00:00:00:01,0x88b5,forward,1,24
89,1786990957550167,l_left,3,otherhost,256,02:00:00:00:00:02,02:00:00:00:00:01,0x88b5,forward,1,25
90,1786990957550198,l_left,3,otherhost,256,02:00:00:00:00:02,02:00:00:00:00:01,0x88b5,forward,1,26
91,1786990957550215,l_left,3,otherhost,256,02:00:00:00:00:02,02:00:00:00:00:01,0x88b5,forward,1,27
92,1786990957550307,l_left,4,outgoing,256,02:00:00:00:00:01,02:00:00:00:00:02,0x88b5,reverse,1,64
93,1786990957550334,l_left,4,outgoing,256,02:00:00:00:00:01,02:00:00:00:00:02,0x88b5,reverse,1,65
94,1786990957750135,l_left,4,outgoing,256,02:00:00:00:00:01,02:00:00:00:00:02,0x88b5,reverse,1,66
95,1786990957750198,l_left,4,outgoing,256,02:00:00:00:00:01,02:00:00:00:00:02,0x88b5,reverse,1,67
96,1786990957750221,l_left,4,outgoing,256,02:00:00:00:00:01,02:00:00:00:00:02,0x88b5,reverse,1,68
97,1786990957750239,l_left,4,outgoing,256,02:00:00:00:00:01,02:00:00:00:00:02,0x88b5,reverse,1,69
98,1786990957750255,l_left,4,outgoing,256,02:00:00:00:00:01,02:00:00:00:00:02,0x88b5,reverse,1,70
99,1786990957750287,l_left,4,outgoing,256,02:00:00:00:00:01,02:00:00:00:00:02,0x88b5,reverse,1,71
100,1786990957750651,l_left,4,outgoing,256,02:00:00:00:00:01,02:00:00:00:00:02,0x88b5,reverse,1,72
101,1786990957750904,l_left,4,outgoing,256,02:00:00:00:00:01,02:00:00:00:00:02,0x88b5,reverse,1,73
102,1786990957751166,l_left,4,outgoing,256,02:00:00:00:00:01,02:00:00:00:00:02,0x88b5,reverse,1,74
103,1786990957751411,l_left,4,outgoing,256,02:00:00:00:00:01,02:00:00:00:00:02,0x88b5,reverse,1,75
104,1786990957751660,l_left,4,outgoing,256,02:00:00:00:00:01,02:00:00:00:00:02,0x88b5,reverse,1,76
105,1786990957751898,l_left,4,outgoing,256,02:00:00:00:00:01,02:00:00:00:00:02,0x88b5,reverse,1,77
106,1786990957752130,l_left,4,outgoing,256,02:00:00:00:00:01,02:00:00:00:00:02,0x88b5,reverse,1,78
107,1786990957752396,l_left,4,outgoing,256,02:00:00:00:00:01,02:00:00:00:00:02,0x88b5,reverse,1,79
108,1786990957752759,l_left,3,otherhost,256,02:00:00:00:00:02,02:00:00:00:00:01,0x88b5,forward,1,28
109,1786990957752784,l_left,3,otherhost,256,02:00:00:00:00:02,02:00:00:00:00:01,0x88b5,forward,1,29
110,1786990957759576,l_left,3,otherhost,256,02:00:00:00:00:02,02:00:00:00:00:01,0x88b5,forward,1,30
111,1786990957759614,l_left,3,otherhost,256,02:00:00:00:00:02,02:00:00:00:00:01,0x88b5,forward,1,31
112,1786990957759642,l_left,3,otherhost,256,02:00:00:00:00:02,02:00:00:00:00:01,0x88b5,forward,1,32
113,1786990957759789,l_left,3,otherhost,256,02:00:00:00:00:02,02:00:00:00:00:01,0x88b5,forward,1,33
114,1786990957760391,l_left,4,outgoing,256,02:00:00:00:00:01,02:00:00:00:00:02,0x88b5,reverse,1,80
115,1786990957760419,l_left,4,outgoing,256,02:00:00:00:00:01,02:00:00:00:00:02,0x88b5,reverse,1,81
116,1786990957960021,l_left,4,outgoing,256,02:00:00:00:00:01,02:00:00:00:00:02,0x88b5,reverse,1,82
117,1786990957960085,l_left,4,outgoing,256,02:00:00:00:00:01,02:00:00:00:00:02,0x88b5,reverse,1,83
118,1786990957960108,l_left,4,outgoing,256,02:00:00:00:00:01,02:00:00:00:00:02,0x88b5,reverse,1,84
119,1786990957960125,l_left,4,outgoing,256,02:00:00:00:00:01,02:00:00:00:00:02,0x88b5,reverse,1,85
120,1786990957960146,l_left,4,outgoing,256,02:00:00:00:00:01,02:00:00:00:00:02,0x88b5,reverse,1,86
121,1786990957960406,l_left,4,outgoing,256,02:00:00:00:00:01,02:00:00:00:00:02,0x88b5,reverse,1,87
122,1786990957960653,l_left,4,outgoing,256,02:00:00:00:00:01,02:00:00:00:00:02,0x88b5,reverse,1,88
123,1786990957960895,l_left,4,outgoing,256,02:00:00:00:00:01,02:00:00:00:00:02,0x88b5,reverse,1,89
124,1786990957961205,l_left,4,outgoing,256,02:00:00:00:00:01,02:00:00:00:00:02,0x88b5,reverse,1,90
125,1786990957961332,l_left,4,outgoing,256,02:00:00:00:00:01,02:00:00:00:00:02,0x88b5,reverse,1,91
126,1786990957961644,l_left,4,outgoing,256,02:00:00:00:00:01,02:00:00:00:00:02,0x88b5,reverse,1,92
127,1786990957961838,l_left,4,outgoing,256,02:00:00:00:00:01,02:00:00:00:00:02,0x88b5,reverse,1,93
128,1786990957962064,l_left,4,outgoing,256,02:00:00:00:00:01,02:00:00:00:00:02,0x88b5,reverse,1,94
129,1786990957962281,l_left,4,outgoing,256,02:00:00:00:00:01,02:00:00:00:00:02,0x88b5,reverse,1,95
130,1786990957962703,l_left,3,otherhost,256,02:00:00:00:00:02,02:00:00:00:00:01,0x88b5,forward,1,34
131,1786990957962723,l_left,3,otherhost,256,02:00:00:00:00:02,02:00:00:00:00:01,0x88b5,forward,1,35
132,1786990957969184,l_left,3,otherhost,256,02:00:00:00:00:02,02:00:00:00:00:01,0x88b5,forward,1,36
133,1786990957969271,l_left,3,otherhost,256,02:00:00:00:00:02,02:00:00:00:00:01,0x88b5,forward,1,37
134,1786990957969525,l_left,3,otherhost,256,02:00:00:00:00:02,02:00:00:00:00:01,0x88b5,forward,1,38
135,1786990957969773,l_left,3,otherhost,256,02:00:00:00:00:02,02:00:00:00:00:01,0x88b5,forward,1,39
136,1786990957970058,l_left,4,outgoing,256,02:00:00:00:00:01,02:00:00:00:00:02,0x88b5,reverse,1,96
137,1786990957970275,l_left,4,outgoing,256,02:00:00:00:00:01,02:00:00:00:00:02,0x88b5,reverse,1,97
138,1786990958169859,l_left,4,outgoing,256,02:00:00:00:00:01,02:00:00:00:00:02,0x88b5,reverse,1,98
139,1786990958169903,l_left,4,outgoing,256,02:00:00:00:00:01,02:00:00:00:00:02,0x88b5,reverse,1,99
140,1786990958169916,l_left,4,outgoing,256,02:00:00:00:00:01,02:00:00:00:00:02,0x88b5,reverse,1,100
141,1786990958169926,l_left,4,outgoing,256,02:00:00:00:00:01,02:00:00:00:00:02,0x88b5,reverse,1,101
142,1786990958170058,l_left,4,outgoing,256,02:00:00:00:00:01,02:00:00:00:00:02,0x88b5,reverse,1,102
143,1786990958170307,l_left,4,outgoing,256,02:00:00:00:00:01,02:00:00:00:00:02,0x88b5,reverse,1,103
144,1786990958170565,l_left,4,outgoing,256,02:00:00:00:00:01,02:00:00:00:00:02,0x88b5,reverse,1,104
145,1786990958170811,l_left,4,outgoing,256,02:00:00:00:00:01,02:00:00:00:00:02,0x88b5,reverse,1,105
146,1786990958171034,l_left,4,outgoing,256,02:00:00:00:00:01,02:00:00:00:00:02,0x88b5,reverse,1,106
147,1786990958171277,l_left,4,outgoing,256,02:00:00:00:00:01,02:00:00:00:00:02,0x88b5,reverse,1,107
148,1786990958171528,l_left,4,outgoing,256,02:00:00:00:00:01,02:00:00:00:00:02,0x88b5,reverse,1,108
149,1786990958171771,l_left,4,outgoing,256,02:00:00:00:00:01,02:00:00:00:00:02,0x88b5,reverse,1,109
150,1786990958172009,l_left,4,outgoing,256,02:00:00:00:00:01,02:00:00:00:00:02,0x88b5,reverse,1,110
151,1786990958172263,l_left,4,outgoing,256,02:00:00:00:00:01,02:00:00:00:00:02,0x88b5,reverse,1,111
152,1786990958172808,l_left,3,otherhost,256,02:00:00:00:00:02,02:00:00:00:00:01,0x88b5,forward,1,40
153,1786990958172818,l_left,3,otherhost,256,02:00:00:00:00:02,02:00:00:00:00:01,0x88b5,forward,1,41
154,1786990958179129,l_left,3,otherhost,256,02:00:00:00:00:02,02:00:00:00:00:01,0x88b5,forward,1,42
155,1786990958179268,l_left,3,otherhost,256,02:00:00:00:00:02,02:00:00:00:00:01,0x88b5,forward,1,43
156,1786990958179508,l_left,3,otherhost,256,02:00:00:00:00:02,02:00:00:00:00:01,0x88b5,forward,1,44
157,1786990958179756,l_left,3,otherhost,256,02:00:00:00:00:02,02:00:00:00:00:01,0x88b5,forward,1,45
158,1786990958180135,l_left,4,outgoing,256,02:00:00:00:00:01,02:00:00:00:00:02,0x88b5,reverse,1,112
159,1786990958180285,l_left,4,outgoing,256,02:00:00:00:00:01,02:00:00:00:00:02,0x88b5,reverse,1,113
160,1786990958379592,l_left,4,outgoing,256,02:00:00:00:00:01,02:00:00:00:00:02,0x88b5,reverse,1,114
161,1786990958379626,l_left,4,outgoing,256,02:00:00:00:00:01,02:00:00:00:00:02,0x88b5,reverse,1,115
162,1786990958379639,l_left,4,outgoing,256,02:00:00:00:00:01,02:00:00:00:00:02,0x88b5,reverse,1,116
163,1786990958379814,l_left,4,outgoing,256,02:00:00:00:00:01,02:00:00:00:00:02,0x88b5,reverse,1,117
164,1786990958380058,l_left,4,outgoing,256,02:00:00:00:00:01,02:00:00:00:00:02,0x88b5,reverse,1,118
165,1786990958380309,l_left,4,outgoing,256,02:00:00:00:00:01,02:00:00:00:00:02,0x88b5,reverse,1,119
166,1786990958380562,l_left,4,outgoing,256,02:00:00:00:00:01,02:00:00:00:00:02,0x88b5,reverse,1,120
167,1786990958380787,l_left,4,outgoing,256,02:00:00:00:00:01,02:00:00:00:00:02,0x88b5,reverse,1,121
168,1786990958381026,l_left,4,outgoing,256,02:00:00:00:00:01,02:00:00:00:00:02,0x88b5,reverse,1,122
169,1786990958381277,l_left,4,outgoing,256,02:00:00:00:00:01,02:00:00:00:00:02,0x88b5,reverse,1,123
170,1786990958381525,l_left,4,outgoing,256,02:00:00:00:00:01,02:00:00:00:00:02,0x88b5,reverse,1,124
171,1786990958381763,l_left,4,outgoing,256,02:00:00:00:00:01,02:00:00:00:00:02,0x88b5,reverse,1,125
172,1786990958382014,l_left,4,outgoing,256,02:00:00:00:00:01,02:00:00:00:00:02,0x88b5,reverse,1,126
173,1786990958382266,l_left,4,outgoing,256,02:00:00:00:00:01,02:00:00:00:00:02,0x88b5,reverse,1,127
174,1786990958382804,l_left,3,otherhost,256,02:00:00:00:00:02,02:00:00:00:00:01,0x88b5,forward,1,46
175,1786990958382813,l_left,3,otherhost,256,02:00:00:00:00:02,02:00:00:00:00:01,0x88b5,forward,1,47
176,1786990958389129,l_left,3,otherhost,256,02:00:00:00:00:02,02:00:00:00:00:01,0x88b5,forward,1,48
177,1786990958389246,l_left,3,otherhost,256,02:00:00:00:00:02,02:00:00:00:00:01,0x88b5,forward,1,49
178,1786990958389490,l_left,3,otherhost,256,02:00:00:00:00:02,02:00:00:00:00:01,0x88b5,forward,1,50
179,1786990958389740,l_left,3,otherhost,256,02:00:00:00:00:02,02:00:00:00:00:01,0x88b5,forward,1,51
180,1786990958390094,l_left,4,outgoing,256,02:00:00:00:00:01,02:00:00:00:00:02,0x88b5,reverse,1,128
181,1786990958390272,l_left,4,outgoing,256,02:00:00:00:00:01,02:00:00:00:00:02,0x88b5,reverse,1,129
182,1786990958589636,l_left,4,outgoing,256,02:00:00:00:00:01,02:00:00:00:00:02,0x88b5,reverse,1,130
183,1786990958589689,l_left,4,outgoing,256,02:00:00:00:00:01,02:00:00:00:00:02,0x88b5,reverse,1,131
184,1786990958589706,l_left,4,outgoing,256,02:00:00:00:00:01,02:00:00:00:00:02,0x88b5,reverse,1,132
185,1786990958589771,l_left,4,outgoing,256,02:00:00:00:00:01,02:00:00:00:00:02,0x88b5,reverse,1,133
186,1786990958590052,l_left,4,outgoing,256,02:00:00:00:00:01,02:00:00:00:00:02,0x88b5,reverse,1,134
187,1786990958590273,l_left,4,outgoing,256,02:00:00:00:00:01,02:00:00:00:00:02,0x88b5,reverse,1,135
188,1786990958590507,l_left,4,outgoing,256,02:00:00:00:00:01,02:00:00:00:00:02,0x88b5,reverse,1,136
189,1786990958590756,l_left,4,outgoing,256,02:00:00:00:00:01,02:00:00:00:00:02,0x88b5,reverse,1,137
190,1786990958591012,l_left,4,outgoing,256,02:00:00:00:00:01,02:00:00:00:00:02,0x88b5,reverse,1,138
191,1786990958591258,l_left,4,outgoing,256,02:00:00:00:00:01,02:00:00:00:00:02,0x88b5,reverse,1,139
192,1786990958591513,l_left,4,outgoing,256,02:00:00:00:00:01,02:00:00:00:00:02,0x88b5,reverse,1,140
193,1786990958591763,l_left,4,outgoing,256,02:00:00:00:00:01,02:00:00:00:00:02,0x88b5,reverse,1,141
194,1786990958592019,l_left,4,outgoing,256,02:00:00:00:00:01,02:00:00:00:00:02,0x88b5,reverse,1,142
195,1786990958592267,l_left,4,outgoing,256,02:00:00:00:00:01,02:00:00:00:00:02,0x88b5,reverse,1,143
196,1786990958593122,l_left,3,otherhost,256,02:00:00:00:00:02,02:00:00:00:00:01,0x88b5,forward,1,52
197,1786990958593134,l_left,3,otherhost,256,02:00:00:00:00:02,02:00:00:00:00:01,0x88b5,forward,1,53
198,1786990958599170,l_left,3,otherhost,256,02:00:00:00:00:02,02:00:00:00:00:01,0x88b5,forward,1,54
199,1786990958599246,l_left,3,otherhost,256,02:00:00:00:00:02,02:00:00:00:00:01,0x88b5,forward,1,55
200,1786990958599499,l_left,3,otherhost,256,02:00:00:00:00:02,02:00:00:00:00:01,0x88b5,forward,1,56
201,1786990958599743,l_left,3,otherhost,256,02:00:00:00:00:02,02:00:00:00:00:01,0x88b5,forward,1,57
202,1786990958600204,l_left,4,outgoing,256,02:00:00:00:00:01,02:00:00:00:00:02,0x88b5,reverse,1,144
203,1786990958600278,l_left,4,outgoing,256,02:00:00:00:00:01,02:00:00:00:00:02,0x88b5,reverse,1,145
204,1786990958799658,l_left,4,outgoing,256,02:00:00:00:00:01,02:00:00:00:00:02,0x88b5,reverse,1,146
205,1786990958799687,l_left,4,outgoing,256,02:00:00:00:00:01,02:00:00:00:00:02,0x88b5,reverse,1,147
206,1786990958799704,l_left,4,outgoing,256,02:00:00:00:00:01,02:00:00:00:00:02,0x88b5,reverse,1,148
207,1786990958799780,l_left,4,outgoing,256,02:00:00:00:00:01,02:00:00:00:00:02,0x88b5,reverse,1,149
208,1786990958800150,l_left,4,outgoing,256,02:00:00:00:00:01,02:00:00:00:00:02,0x88b5,reverse,1,150
209,1786990958800335,l_left,4,outgoing,256,02:00:00:00:00:01,02:00:00:00:00:02,0x88b5,reverse,1,151
210,1786990958800585,l_left,4,outgoing,256,02:00:00:00:00:01,02:00:00:00:00:02,0x88b5,reverse,1,152
211,1786990958800813,l_left,4,outgoing,256,02:00:00:00:00:01,02:00:00:00:00:02,0x88b5,reverse,1,153
212,1786990958801053,l_left,4,outgoing,256,02:00:00:00:00:01,02:00:00:00:00:02,0x88b5,reverse,1,154
213,1786990958801298,l_left,4,outgoing,256,02:00:00:00:00:01,02:00:00:00:00:02,0x88b5,reverse,1,155
214,1786990958801544,l_left,4,outgoing,256,02:00:00:00:00:01,02:00:00:00:00:02,0x88b5,reverse,1,156
215,1786990958801808,l_left,4,outgoing,256,02:00:00:00:00:01,02:00:00:00:00:02,0x88b5,reverse,1,157
216,1786990958802024,l_left,4,outgoing,256,02:00:00:00:00:01,02:00:00:00:00:02,0x88b5,reverse,1,158
217,1786990958802275,l_left,4,outgoing,256,02:00:00:00:00:01,02:00:00:00:00:02,0x88b5,reverse,1,159
218,1786990958803044,l_left,3,otherhost,256,02:00:00:00:00:02,02:00:00:00:00:01,0x88b5,forward,1,58
219,1786990958803058,l_left,3,otherhost,256,02:00:00:00:00:02,02:00:00:00:00:01,0x88b5,forward,1,59
220,1786990958809119,l_left,3,otherhost,256,02:00:00:00:00:02,02:00:00:00:00:01,0x88b5,forward,1,60
221,1786990958809241,l_left,3,otherhost,256,02:00:00:00:00:02,02:00:00:00:00:01,0x88b5,forward,1,61
222,1786990958809490,l_left,3,otherhost,256,02:00:00:00:00:02,02:00:00:00:00:01,0x88b5,forward,1,62
223,1786990958809739,l_left,3,otherhost,256,02:00:00:00:00:02,02:00:00:00:00:01,0x88b5,forward,1,63
224,1786990958810156,l_left,4,outgoing,256,02:00:00:00:00:01,02:00:00:00:00:02,0x88b5,reverse,1,160
225,1786990958810283,l_left,4,outgoing,256,02:00:00:00:00:01,02:00:00:00:00:02,0x88b5,reverse,1,161
226,1786990959009610,l_left,4,outgoing,256,02:00:00:00:00:01,02:00:00:00:00:02,0x88b5,reverse,1,162
227,1786990959009657,l_left,4,outgoing,256,02:00:00:00:00:01,02:00:00:00:00:02,0x88b5,reverse,1,163
228,1786990959009673,l_left,4,outgoing,256,02:00:00:00:00:01,02:00:00:00:00:02,0x88b5,reverse,1,164
229,1786990959009796,l_left,4,outgoing,256,02:00:00:00:00:01,02:00:00:00:00:02,0x88b5,reverse,1,165
230,1786990959010056,l_left,4,outgoing,256,02:00:00:00:00:01,02:00:00:00:00:02,0x88b5,reverse,1,166
231,1786990959010297,l_left,4,outgoing,256,02:00:00:00:00:01,02:00:00:00:00:02,0x88b5,reverse,1,167
232,1786990959010559,l_left,4,outgoing,256,02:00:00:00:00:01,02:00:00:00:00:02,0x88b5,reverse,1,168
233,1786990959010763,l_left,4,outgoing,256,02:00:00:00:00:01,02:00:00:00:00:02,0x88b5,reverse,1,169
234,1786990959011010,l_left,4,outgoing,256,02:00:00:00:00:01,02:00:00:00:00:02,0x88b5,reverse,1,170
235,1786990959011254,l_left,4,outgoing,256,02:00:00:00:00:01,02:00:00:00:00:02,0x88b5,reverse,1,171
236,1786990959011505,l_left,4,outgoing,256,02:00:00:00:00:01,02:00:00:00:00:02,0x88b5,reverse,1,172
237,1786990959011754,l_left,4,outgoing,256,02:00:00:00:00:01,02:00:00:00:00:02,0x88b5,reverse,1,173
238,1786990959012004,l_left,4,outgoing,256,02:00:00:00:00:01,02:00:00:00:00:02,0x88b5,reverse,1,174
239,1786990959012260,l_left,4,outgoing,256,02:00:00:00:00:01,02:00:00:00:00:02,0x88b5,reverse,1,175
240,1786990959013160,l_left,3,otherhost,256,02:00:00:00:00:02,02:00:00:00:00:01,0x88b5,forward,1,64
241,1786990959013170,l_left,3,otherhost,256,02:00:00:00:00:02,02:00:00:00:00:01,0x88b5,forward,1,65
242,1786990959019222,l_left,3,otherhost,256,02:00:00:00:00:02,02:00:00:00:00:01,0x88b5,forward,1,66
243,1786990959019234,l_left,3,otherhost,256,02:00:00:00:00:02,02:00:00:00:00:01,0x88b5,forward,1,67
244,1786990959019495,l_left,3,otherhost,256,02:00:00:00:00:02,02:00:00:00:00:01,0x88b5,forward,1,68
245,1786990959019743,l_left,3,otherhost,256,02:00:00:00:00:02,02:00:00:00:00:01,0x88b5,forward,1,69
246,1786990959020081,l_left,4,outgoing,256,02:00:00:00:00:01,02:00:00:00:00:02,0x88b5,reverse,1,176
247,1786990959020266,l_left,4,outgoing,256,02:00:00:00:00:01,02:00:00:00:00:02,0x88b5,reverse,1,177
248,1786990959219570,l_left,4,outgoing,256,02:00:00:00:00:01,02:00:00:00:00:02,0x88b5,reverse,1,178
249,1786990959219610,l_left,4,outgoing,256,02:00:00:00:00:01,02:00:00:00:00:02,0x88b5,reverse,1,179
250,1786990959219622,l_left,4,outgoing,256,02:00:00:00:00:01,02:00:00:00:00:02,0x88b5,reverse,1,180
251,1786990959219782,l_left,4,outgoing,256,02:00:00:00:00:01,02:00:00:00:00:02,0x88b5,reverse,1,181
252,1786990959220057,l_left,4,outgoing,256,02:00:00:00:00:01,02:00:00:00:00:02,0x88b5,reverse,1,182
253,1786990959220310,l_left,4,outgoing,256,02:00:00:00:00:01,02:00:00:00:00:02,0x88b5,reverse,1,183
254,1786990959220554,l_left,4,outgoing,256,02:00:00:00:00:01,02:00:00:00:00:02,0x88b5,reverse,1,184
255,1786990959220781,l_left,4,outgoing,256,02:00:00:00:00:01,02:00:00:00:00:02,0x88b5,reverse,1,185
256,1786990959221026,l_left,4,outgoing,256,02:00:00:00:00:01,02:00:00:00:00:02,0x88b5,reverse,1,186
257,1786990959221319,l_left,4,outgoing,256,02:00:00:00:00:01,02:00:00:00:00:02,0x88b5,reverse,1,187
258,1786990959221525,l_left,4,outgoing,256,02:00:00:00:00:01,02:00:00:00:00:02,0x88b5,reverse,1,188
259,1786990959221759,l_left,4,outgoing,256,02:00:00:00:00:01,02:00:00:00:00:02,0x88b5,reverse,1,189
260,1786990959222008,l_left,4,outgoing,256,02:00:00:00:00:01,02:00:00:00:00:02,0x88b5,reverse,1,190
261,1786990959222265,l_left,4,outgoing,256,02:00:00:00:00:01,02:00:00:00:00:02,0x88b5,reverse,1,191
262,1786990959223272,l_left,3,otherhost,256,02:00:00:00:00:02,02:00:00:00:00:01,0x88b5,forward,1,70
263,1786990959223282,l_left,3,otherhost,256,02:00:00:00:00:02,02:00:00:00:00:01,0x88b5,forward,1,71
264,1786990959229192,l_left,3,otherhost,256,02:00:00:00:00:02,02:00:00:00:00:01,0x88b5,forward,1,72
265,1786990959229210,l_left,3,otherhost,256,02:00:00:00:00:02,02:00:00:00:00:01,0x88b5,forward,1,73
266,1786990959229493,l_left,3,otherhost,256,02:00:00:00:00:02,02:00:00:00:00:01,0x88b5,forward,1,74
267,1786990959229748,l_left,3,otherhost,256,02:00:00:00:00:02,02:00:00:00:00:01,0x88b5,forward,1,75
268,1786990959230073,l_left,4,outgoing,256,02:00:00:00:00:01,02:00:00:00:00:02,0x88b5,reverse,1,192
269,1786990959230266,l_left,4,outgoing,256,02:00:00:00:00:01,02:00:00:00:00:02,0x88b5,reverse,1,193
270,1786990959429772,l_left,4,outgoing,256,02:00:00:00:00:01,02:00:00:00:00:02,0x88b5,reverse,1,194
271,1786990959429830,l_left,4,outgoing,256,02:00:00:00:00:01,02:00:00:00:00:02,0x88b5,reverse,1,195
272,1786990959429848,l_left,4,outgoing,256,02:00:00:00:00:01,02:00:00:00:00:02,0x88b5,reverse,1,196
273,1786990959429864,l_left,4,outgoing,256,02:00:00:00:00:01,02:00:00:00:00:02,0x88b5,reverse,1,197
274,1786990959430038,l_left,4,outgoing,256,02:00:00:00:00:01,02:00:00:00:00:02,0x88b5,reverse,1,198
275,1786990959430265,l_left,4,outgoing,256,02:00:00:00:00:01,02:00:00:00:00:02,0x88b5,reverse,1,199
276,1786990959430507,l_left,4,outgoing,256,02:00:00:00:00:01,02:00:00:00:00:02,0x88b5,reverse,1,200
277,1786990959430755,l_left,4,outgoing,256,02:00:00:00:00:01,02:00:00:00:00:02,0x88b5,reverse,1,201
278,1786990959431003,l_left,4,outgoing,256,02:00:00:00:00:01,02:00:00:00:00:02,0x88b5,reverse,1,202
279,1786990959431252,l_left,4,outgoing,256,02:00:00:00:00:01,02:00:00:00:00:02,0x88b5,reverse,1,203
280,1786990959431504,l_left,4,outgoing,256,02:00:00:00:00:01,02:00:00:00:00:02,0x88b5,reverse,1,204
281,1786990959431751,l_left,4,outgoing,256,02:00:00:00:00:01,02:00:00:00:00:02,0x88b5,reverse,1,205
282,1786990959432026,l_left,4,outgoing,256,02:00:00:00:00:01,02:00:00:00:00:02,0x88b5,reverse,1,206
283,1786990959432273,l_left,4,outgoing,256,02:00:00:00:00:01,02:00:00:00:00:02,0x88b5,reverse,1,207
284,1786990959433116,l_left,3,otherhost,256,02:00:00:00:00:02,02:00:00:00:00:01,0x88b5,forward,1,76
285,1786990959433146,l_left,3,otherhost,256,02:00:00:00:00:02,02:00:00:00:00:01,0x88b5,forward,1,77
286,1786990959439191,l_left,3,otherhost,256,02:00:00:00:00:02,02:00:00:00:00:01,0x88b5,forward,1,78
287,1786990959439216,l_left,3,otherhost,256,02:00:00:00:00:02,02:00:00:00:00:01,0x88b5,forward,1,79
288,1786990959439494,l_left,3,otherhost,256,02:00:00:00:00:02,02:00:00:00:00:01,0x88b5,forward,1,80
289,1786990959439742,l_left,3,otherhost,256,02:00:00:00:00:02,02:00:00:00:00:01,0x88b5,forward,1,81
290,1786990959440088,l_left,4,outgoing,256,02:00:00:00:00:01,02:00:00:00:00:02,0x88b5,reverse,1,208
291,1786990959440259,l_left,4,outgoing,256,02:00:00:00:00:01,02:00:00:00:00:02,0x88b5,reverse,1,209
292,1786990959639590,l_left,4,outgoing,256,02:00:00:00:00:01,02:00:00:00:00:02,0x88b5,reverse,1,210
293,1786990959639635,l_left,4,outgoing,256,02:00:00:00:00:01,02:00:00:00:00:02,0x88b5,reverse,1,211
294,1786990959639652,l_left,4,outgoing,256,02:00:00:00:00:01,02:00:00:00:00:02,0x88b5,reverse,1,212
295,1786990959639793,l_left,4,outgoing,256,02:00:00:00:00:01,02:00:00:00:00:02,0x88b5,reverse,1,213
296,1786990959640041,l_left,4,outgoing,256,02:00:00:00:00:01,02:00:00:00:00:02,0x88b5,reverse,1,214
297,1786990959640290,l_left,4,outgoing,256,02:00:00:00:00:01,02:00:00:00:00:02,0x88b5,reverse,1,215
298,1786990959640543,l_left,4,outgoing,256,02:00:00:00:00:01,02:00:00:00:00:02,0x88b5,reverse,1,216
299,1786990959640795,l_left,4,outgoing,256,02:00:00:00:00:01,02:00:00:00:00:02,0x88b5,reverse,1,217
300,1786990959641040,l_left,4,outgoing,256,02:00:00:00:00:01,02:00:00:00:00:02,0x88b5,reverse,1,218
301,1786990959641291,l_left,4,outgoing,256,02:00:00:00:00:01,02:00:00:00:00:02,0x88b5,reverse,1,219
302,1786990959641539,l_left,4,outgoing,256,02:00:00:00:00:01,02:00:00:00:00:02,0x88b5,reverse,1,220
303,1786990959641765,l_left,4,outgoing,256,02:00:00:00:00:01,02:00:00:00:00:02,0x88b5,reverse,1,221
304,1786990959642009,l_left,4,outgoing,256,02:00:00:00:00:01,02:00:00:00:00:02,0x88b5,reverse,1,222
305,1786990959642254,l_left,4,outgoing,256,02:00:00:00:00:01,02:00:00:00:00:02,0x88b5,reverse,1,223
306,1786990959642849,l_left,3,otherhost,256,02:00:00:00:00:02,02:00:00:00:00:01,0x88b5,forward,1,82
307,1786990959642863,l_left,3,otherhost,256,02:00:00:00:00:02,02:00:00:00:00:01,0x88b5,forward,1,83
308,1786990959649131,l_left,3,otherhost,256,02:00:00:00:00:02,02:00:00:00:00:01,0x88b5,forward,1,84
309,1786990959649243,l_left,3,otherhost,256,02:00:00:00:00:02,02:00:00:00:00:01,0x88b5,forward,1,85
310,1786990959649490,l_left,3,otherhost,256,02:00:00:00:00:02,02:00:00:00:00:01,0x88b5,forward,1,86
311,1786990959649741,l_left,3,otherhost,256,02:00:00:00:00:02,02:00:00:00:00:01,0x88b5,forward,1,87
312,1786990959650069,l_left,4,outgoing,256,02:00:00:00:00:01,02:00:00:00:00:02,0x88b5,reverse,1,224
313,1786990959650263,l_left,4,outgoing,256,02:00:00:00:00:01,02:00:00:00:00:02,0x88b5,reverse,1,225
314,1786990959849650,l_left,4,outgoing,256,02:00:00:00:00:01,02:00:00:00:00:02,0x88b5,reverse,1,226
315,1786990959849690,l_left,4,outgoing,256,02:00:00:00:00:01,02:00:00:00:00:02,0x88b5,reverse,1,227
316,1786990959849703,l_left,4,outgoing,256,02:00:00:00:00:01,02:00:00:00:00:02,0x88b5,reverse,1,228
317,1786990959849788,l_left,4,outgoing,256,02:00:00:00:00:01,02:00:00:00:00:02,0x88b5,reverse,1,229
318,1786990959850059,l_left,4,outgoing,256,02:00:00:00:00:01,02:00:00:00:00:02,0x88b5,reverse,1,230
319,1786990959850316,l_left,4,outgoing,256,02:00:00:00:00:01,02:00:00:00:00:02,0x88b5,reverse,1,231
320,1786990959850569,l_left,4,outgoing,256,02:00:00:00:00:01,02:00:00:00:00:02,0x88b5,reverse,1,232
321,1786990959850786,l_left,4,outgoing,256,02:00:00:00:00:01,02:00:00:00:00:02,0x88b5,reverse,1,233
322,1786990959851031,l_left,4,outgoing,256,02:00:00:00:00:01,02:00:00:00:00:02,0x88b5,reverse,1,234
323,1786990959851280,l_left,4,outgoing,256,02:00:00:00:00:01,02:00:00:00:00:02,0x88b5,reverse,1,235
324,1786990959851518,l_left,4,outgoing,256,02:00:00:00:00:01,02:00:00:00:00:02,0x88b5,reverse,1,236
325,1786990959851769,l_left,4,outgoing,256,02:00:00:00:00:01,02:00:00:00:00:02,0x88b5,reverse,1,237
326,1786990959852010,l_left,4,outgoing,256,02:00:00:00:00:01,02:00:00:00:00:02,0x88b5,reverse,1,238
327,1786990959852258,l_left,4,outgoing,256,02:00:00:00:00:01,02:00:00:00:00:02,0x88b5,reverse,1,239
328,1786990959852944,l_left,3,otherhost,256,02:00:00:00:00:02,02:00:00:00:00:01,0x88b5,forward,1,88
329,1786990959852963,l_left,3,otherhost,256,02:00:00:00:00:02,02:00:00:00:00:01,0x88b5,forward,1,89
330,1786990959859137,l_left,3,otherhost,256,02:00:00:00:00:02,02:00:00:00:00:01,0x88b5,forward,1,90
331,1786990959859245,l_left,3,otherhost,256,02:00:00:00:00:02,02:00:00:00:00:01,0x88b5,forward,1,91
332,1786990959859492,l_left,3,otherhost,256,02:00:00:00:00:02,02:00:00:00:00:01,0x88b5,forward,1,92
333,1786990959859742,l_left,3,otherhost,256,02:00:00:00:00:02,02:00:00:00:00:01,0x88b5,forward,1,93
334,1786990959860064,l_left,4,outgoing,256,02:00:00:00:00:01,02:00:00:00:00:02,0x88b5,reverse,1,240
335,1786990959860262,l_left,4,outgoing,256,02:00:00:00:00:01,02:00:00:00:00:02,0x88b5,reverse,1,241
336,1786990960059785,l_left,4,outgoing,256,02:00:00:00:00:01,02:00:00:00:00:02,0x88b5,reverse,1,242
337,1786990960059831,l_left,4,outgoing,256,02:00:00:00:00:01,02:00:00:00:00:02,0x88b5,reverse,1,243
338,1786990960059855,l_left,4,outgoing,256,02:00:00:00:00:01,02:00:00:00:00:02,0x88b5,reverse,1,244
339,1786990960059868,l_left,4,outgoing,256,02:00:00:00:00:01,02:00:00:00:00:02,0x88b5,reverse,1,245
340,1786990960060074,l_left,4,outgoing,256,02:00:00:00:00:01,02:00:00:00:00:02,0x88b5,reverse,1,246
341,1786990960060349,l_left,4,outgoing,256,02:00:00:00:00:01,02:00:00:00:00:02,0x88b5,reverse,1,247
342,1786990960060607,l_left,4,outgoing,256,02:00:00:00:00:01,02:00:00:00:00:02,0x88b5,reverse,1,248
343,1786990960060852,l_left,4,outgoing,256,02:00:00:00:00:01,02:00:00:00:00:02,0x88b5,reverse,1,249
344,1786990960061053,l_left,4,outgoing,256,02:00:00:00:00:01,02:00:00:00:00:02,0x88b5,reverse,1,250
345,1786990960061284,l_left,4,outgoing,256,02:00:00:00:00:01,02:00:00:00:00:02,0x88b5,reverse,1,251
346,1786990960061536,l_left,4,outgoing,256,02:00:00:00:00:01,02:00:00:00:00:02,0x88b5,reverse,1,252
347,1786990960061780,l_left,4,outgoing,256,02:00:00:00:00:01,02:00:00:00:00:02,0x88b5,reverse,1,253
348,1786990960062017,l_left,4,outgoing,256,02:00:00:00:00:01,02:00:00:00:00:02,0x88b5,reverse,1,254
349,1786990960062262,l_left,4,outgoing,256,02:00:00:00:00:01,02:00:00:00:00:02,0x88b5,reverse,1,255
350,1786990960062875,l_left,3,otherhost,256,02:00:00:00:00:02,02:00:00:00:00:01,0x88b5,forward,1,94
351,1786990960062891,l_left,3,otherhost,256,02:00:00:00:00:02,02:00:00:00:00:01,0x88b5,forward,1,95
352,1786990960069206,l_left,3,otherhost,256,02:00:00:00:00:02,02:00:00:00:00:01,0x88b5,forward,1,96
353,1786990960069231,l_left,3,otherhost,256,02:00:00:00:00:02,02:00:00:00:00:01,0x88b5,forward,1,97
354,1786990960069501,l_left,3,otherhost,256,02:00:00:00:00:02,02:00:00:00:00:01,0x88b5,forward,1,98
355,1786990960069752,l_left,3,otherhost,256,02:00:00:00:00:02,02:00:00:00:00:01,0x88b5,forward,1,99
356,1786990960070191,l_left,4,outgoing,256,02:00:00:00:00:01,02:00:00:00:00:02,0x88b5,reverse,1,256
357,1786990960070276,l_left,4,outgoing,256,02:00:00:00:00:01,02:00:00:00:00:02,0x88b5,reverse,1,257
358,1786990960269502,l_left,4,outgoing,256,02:00:00:00:00:01,02:00:00:00:00:02,0x88b5,reverse,1,258
359,1786990960269538,l_left,4,outgoing,256,02:00:00:00:00:01,02:00:00:00:00:02,0x88b5,reverse,1,259
360,1786990960269573,l_left,4,outgoing,256,02:00:00:00:00:01,02:00:00:00:00:02,0x88b5,reverse,1,260
361,1786990960269815,l_left,4,outgoing,256,02:00:00:00:00:01,02:00:00:00:00:02,0x88b5,reverse,1,261
362,1786990960270064,l_left,4,outgoing,256,02:00:00:00:00:01,02:00:00:00:00:02,0x88b5,reverse,1,262
363,1786990960270320,l_left,4,outgoing,256,02:00:00:00:00:01,02:00:00:00:00:02,0x88b5,reverse,1,263
364,1786990960270571,l_left,4,outgoing,256,02:00:00:00:00:01,02:00:00:00:00:02,0x88b5,reverse,1,264
365,1786990960270784,l_left,4,outgoing,256,02:00:00:00:00:01,02:00:00:00:00:02,0x88b5,reverse,1,265
366,1786990960271030,l_left,4,outgoing,256,02:00:00:00:00:01,02:00:00:00:00:02,0x88b5,reverse,1,266
367,1786990960271285,l_left,4,outgoing,256,02:00:00:00:00:01,02:00:00:00:00:02,0x88b5,reverse,1,267
368,1786990960271529,l_left,4,outgoing,256,02:00:00:00:00:01,02:00:00:00:00:02,0x88b5,reverse,1,268
369,1786990960271773,l_left,4,outgoing,256,02:00:00:00:00:01,02:00:00:00:00:02,0x88b5,reverse,1,269
370,1786990960272021,l_left,4,outgoing,256,02:00:00:00:00:01,02:00:00:00:00:02,0x88b5,reverse,1,270
371,1786990960272268,l_left,4,outgoing,256,02:00:00:00:00:01,02:00:00:00:00:02,0x88b5,reverse,1,271
372,1786990960273104,l_left,3,otherhost,256,02:00:00:00:00:02,02:00:00:00:00:01,0x88b5,forward,1,100
373,1786990960273125,l_left,3,otherhost,256,02:00:00:00:00:02,02:00:00:00:00:01,0x88b5,forward,1,101
374,1786990960279183,l_left,3,otherhost,256,02:00:00:00:00:02,02:00:00:00:00:01,0x88b5,forward,1,102
375,1786990960279250,l_left,3,otherhost,256,02:00:00:00:00:02,02:00:00:00:00:01,0x88b5,forward,1,103
376,1786990960279498,l_left,3,otherhost,256,02:00:00:00:00:02,02:00:00:00:00:01,0x88b5,forward,1,104
377,1786990960279747,l_left,3,otherhost,256,02:00:00:00:00:02,02:00:00:00:00:01,0x88b5,forward,1,105
378,1786990960280101,l_left,4,outgoing,256,02:00:00:00:00:01,02:00:00:00:00:02,0x88b5,reverse,1,272
379,1786990960280275,l_left,4,outgoing,256,02:00:00:00:00:01,02:00:00:00:00:02,0x88b5,reverse,1,273
380,1786990960479594,l_left,4,outgoing,256,02:00:00:00:00:01,02:00:00:00:00:02,0x88b5,reverse,1,274
381,1786990960479647,l_left,4,outgoing,256,02:00:00:00:00:01,02:00:00:00:00:02,0x88b5,reverse,1,275
382,1786990960479659,l_left,4,outgoing,256,02:00:00:00:00:01,02:00:00:00:00:02,0x88b5,reverse,1,276
383,1786990960479768,l_left,4,outgoing,256,02:00:00:00:00:01,02:00:00:00:00:02,0x88b5,reverse,1,277
384,1786990960480005,l_left,4,outgoing,256,02:00:00:00:00:01,02:00:00:00:00:02,0x88b5,reverse,1,278
385,1786990960480259,l_left,4,outgoing,256,02:00:00:00:00:01,02:00:00:00:00:02,0x88b5,reverse,1,279
386,1786990960480509,l_left,4,outgoing,256,02:00:00:00:00:01,02:00:00:00:00:02,0x88b5,reverse,1,280
387,1786990960480756,l_left,4,outgoing,256,02:00:00:00:00:01,02:00:00:00:00:02,0x88b5,reverse,1,281
388,1786990960481008,l_left,4,outgoing,256,02:00:00:00:00:01,02:00:00:00:00:02,0x88b5,reverse,1,282
389,1786990960481257,l_left,4,outgoing,256,02:00:00:00:00:01,02:00:00:00:00:02,0x88b5,reverse,1,283
390,1786990960481504,l_left,4,outgoing,256,02:00:00:00:00:01,02:00:00:00:00:02,0x88b5,reverse,1,284
391,1786990960481756,l_left,4,outgoing,256,02:00:00:00:00:01,02:00:00:00:00:02,0x88b5,reverse,1,285
392,1786990960482009,l_left,4,outgoing,256,02:00:00:00:00:01,02:00:00:00:00:02,0x88b5,reverse,1,286
393,1786990960482259,l_left,4,outgoing,256,02:00:00:00:00:01,02:00:00:00:00:02,0x88b5,reverse,1,287
394,1786990960482845,l_left,3,otherhost,256,02:00:00:00:00:02,02:00:00:00:00:01,0x88b5,forward,1,106
395,1786990960482863,l_left,3,otherhost,256,02:00:00:00:00:02,02:00:00:00:00:01,0x88b5,forward,1,107
396,1786990960489166,l_left,3,otherhost,256,02:00:00:00:00:02,02:00:00:00:00:01,0x88b5,forward,1,108
397,1786990960489254,l_left,3,otherhost,256,02:00:00:00:00:02,02:00:00:00:00:01,0x88b5,forward,1,109
398,1786990960489508,l_left,3,otherhost,256,02:00:00:00:00:02,02:00:00:00:00:01,0x88b5,forward,1,110
399,1786990960489757,l_left,3,otherhost,256,02:00:00:00:00:02,02:00:00:00:00:01,0x88b5,forward,1,111
400,1786990960490120,l_left,4,outgoing,256,02:00:00:00:00:01,02:00:00:00:00:02,0x88b5,reverse,1,288
401,1786990960490278,l_left,4,outgoing,256,02:00:00:00:00:01,02:00:00:00:00:02,0x88b5,reverse,1,289
402,1786990960689602,l_left,4,outgoing,256,02:00:00:00:00:01,02:00:00:00:00:02,0x88b5,reverse,1,290
403,1786990960689646,l_left,4,outgoing,256,02:00:00:00:00:01,02:00:00:00:00:02,0x88b5,reverse,1,291
404,1786990960689660,l_left,4,outgoing,256,02:00:00:00:00:01,02:00:00:00:00:02,0x88b5,reverse,1,292
405,1786990960689793,l_left,4,outgoing,256,02:00:00:00:00:01,02:00:00:00:00:02,0x88b5,reverse,1,293
406,1786990960690078,l_left,4,outgoing,256,02:00:00:00:00:01,02:00:00:00:00:02,0x88b5,reverse,1,294
407,1786990960690339,l_left,4,outgoing,256,02:00:00:00:00:01,02:00:00:00:00:02,0x88b5,reverse,1,295
408,1786990960690589,l_left,4,outgoing,256,02:00:00:00:00:01,02:00:00:00:00:02,0x88b5,reverse,1,296
409,1786990960690831,l_left,4,outgoing,256,02:00:00:00:00:01,02:00:00:00:00:02,0x88b5,reverse,1,297
410,1786990960691078,l_left,4,outgoing,256,02:00:00:00:00:01,02:00:00:00:00:02,0x88b5,reverse,1,298
411,1786990960691326,l_left,4,outgoing,256,02:00:00:00:00:01,02:00:00:00:00:02,0x88b5,reverse,1,299
412,1786990960691546,l_left,4,outgoing,256,02:00:00:00:00:01,02:00:00:00:00:02,0x88b5,reverse,1,300
413,1786990960691794,l_left,4,outgoing,256,02:00:00:00:00:01,02:00:00:00:00:02,0x88b5,reverse,1,301
414,1786990960692024,l_left,4,outgoing,256,02:00:00:00:00:01,02:00:00:00:00:02,0x88b5,reverse,1,302
415,1786990960692272,l_left,4,outgoing,256,02:00:00:00:00:01,02:00:00:00:00:02,0x88b5,reverse,1,303
416,1786990960692978,l_left,3,otherhost,256,02:00:00:00:00:02,02:00:00:00:00:01,0x88b5,forward,1,112
417,1786990960692988,l_left,3,otherhost,256,02:00:00:00:00:02,02:00:00:00:00:01,0x88b5,forward,1,113
418,1786990960699185,l_left,3,otherhost,256,02:00:00:00:00:02,02:00:00:00:00:01,0x88b5,forward,1,114
419,1786990960699247,l_left,3,otherhost,256,02:00:00:00:00:02,02:00:00:00:00:01,0x88b5,forward,1,115
420,1786990960699495,l_left,3,otherhost,256,02:00:00:00:00:02,02:00:00:00:00:01,0x88b5,forward,1,116
421,1786990960699744,l_left,3,otherhost,256,02:00:00:00:00:02,02:00:00:00:00:01,0x88b5,forward,1,117
422,1786990960700187,l_left,4,outgoing,256,02:00:00:00:00:01,02:00:00:00:00:02,0x88b5,reverse,1,304
423,1786990960700270,l_left,4,outgoing,256,02:00:00:00:00:01,02:00:00:00:00:02,0x88b5,reverse,1,305
424,1786990960899725,l_left,4,outgoing,256,02:00:00:00:00:01,02:00:00:00:00:02,0x88b5,reverse,1,306
425,1786990960899760,l_left,4,outgoing,256,02:00:00:00:00:01,02:00:00:00:00:02,0x88b5,reverse,1,307
426,1786990960899773,l_left,4,outgoing,256,02:00:00:00:00:01,02:00:00:00:00:02,0x88b5,reverse,1,308
427,1786990960899829,l_left,4,outgoing,256,02:00:00:00:00:01,02:00:00:00:00:02,0x88b5,reverse,1,309
428,1786990960900070,l_left,4,outgoing,256,02:00:00:00:00:01,02:00:00:00:00:02,0x88b5,reverse,1,310
429,1786990960900320,l_left,4,outgoing,256,02:00:00:00:00:01,02:00:00:00:00:02,0x88b5,reverse,1,311
430,1786990960900579,l_left,4,outgoing,256,02:00:00:00:00:01,02:00:00:00:00:02,0x88b5,reverse,1,312
431,1786990960900824,l_left,4,outgoing,256,02:00:00:00:00:01,02:00:00:00:00:02,0x88b5,reverse,1,313
432,1786990960901078,l_left,4,outgoing,256,02:00:00:00:00:01,02:00:00:00:00:02,0x88b5,reverse,1,314
433,1786990960901300,l_left,4,outgoing,256,02:00:00:00:00:01,02:00:00:00:00:02,0x88b5,reverse,1,315
434,1786990960901568,l_left,4,outgoing,256,02:00:00:00:00:01,02:00:00:00:00:02,0x88b5,reverse,1,316
435,1786990960901781,l_left,4,outgoing,256,02:00:00:00:00:01,02:00:00:00:00:02,0x88b5,reverse,1,317
436,1786990960902012,l_left,4,outgoing,256,02:00:00:00:00:01,02:00:00:00:00:02,0x88b5,reverse,1,318
437,1786990960902256,l_left,4,outgoing,256,02:00:00:00:00:01,02:00:00:00:00:02,0x88b5,reverse,1,319
438,1786990960902943,l_left,3,otherhost,256,02:00:00:00:00:02,02:00:00:00:00:01,0x88b5,forward,1,118
439,1786990960902953,l_left,3,otherhost,256,02:00:00:00:00:02,02:00:00:00:00:01,0x88b5,forward,1,119
440,1786990960909198,l_left,3,otherhost,256,02:00:00:00:00:02,02:00:00:00:00:01,0x88b5,forward,1,120
441,1786990960909246,l_left,3,otherhost,256,02:00:00:00:00:02,02:00:00:00:00:01,0x88b5,forward,1,121
442,1786990960910136,l_left,4,outgoing,256,02:00:00:00:00:01,02:00:00:00:00:02,0x88b5,reverse,1,320
443,1786990960910287,l_left,4,outgoing,256,02:00:00:00:00:01,02:00:00:00:00:02,0x88b5,reverse,1,321
444,1786990960913187,l_left,3,otherhost,256,02:00:00:00:00:02,02:00:00:00:00:01,0x88b5,forward,1,122
445,1786990960913205,l_left,3,otherhost,256,02:00:00:00:00:02,02:00:00:00:00:01,0x88b5,forward,1,123
446,1786990961110233,l_left,4,outgoing,256,02:00:00:00:00:01,02:00:00:00:00:02,0x88b5,reverse,1,322
447,1786990961110274,l_left,4,outgoing,256,02:00:00:00:00:01,02:00:00:00:00:02,0x88b5,reverse,1,323
448,1786990961110287,l_left,4,outgoing,256,02:00:00:00:00:01,02:00:00:00:00:02,0x88b5,reverse,1,324
449,1786990961110298,l_left,4,outgoing,256,02:00:00:00:00:01,02:00:00:00:00:02,0x88b5,reverse,1,325
450,1786990961110312,l_left,4,outgoing,256,02:00:00:00:00:01,02:00:00:00:00:02,0x88b5,reverse,1,326
451,1786990961110321,l_left,4,outgoing,256,02:00:00:00:00:01,02:00:00:00:00:02,0x88b5,reverse,1,327
452,1786990961110600,l_left,4,outgoing,256,02:00:00:00:00:01,02:00:00:00:00:02,0x88b5,reverse,1,328
453,1786990961110852,l_left,4,outgoing,256,02:00:00:00:00:01,02:00:00:00:00:02,0x88b5,reverse,1,329
454,1786990961111105,l_left,4,outgoing,256,02:00:00:00:00:01,02:00:00:00:00:02,0x88b5,reverse,1,330
455,1786990961111318,l_left,4,outgoing,256,02:00:00:00:00:01,02:00:00:00:00:02,0x88b5,reverse,1,331
456,1786990961111569,l_left,4,outgoing,256,02:00:00:00:00:01,02:00:00:00:00:02,0x88b5,reverse,1,332
457,1786990961111821,l_left,4,outgoing,256,02:00:00:00:00:01,02:00:00:00:00:02,0x88b5,reverse,1,333
458,1786990961112107,l_left,4,outgoing,256,02:00:00:00:00:01,02:00:00:00:00:02,0x88b5,reverse,1,334
459,1786990961112315,l_left,4,outgoing,256,02:00:00:00:00:01,02:00:00:00:00:02,0x88b5,reverse,1,335
460,1786990961113008,l_left,3,otherhost,256,02:00:00:00:00:02,02:00:00:00:00:01,0x88b5,forward,1,124
461,1786990961113020,l_left,3,otherhost,256,02:00:00:00:00:02,02:00:00:00:00:01,0x88b5,forward,1,125
462,1786990961119190,l_left,3,otherhost,256,02:00:00:00:00:02,02:00:00:00:00:01,0x88b5,forward,1,126
463,1786990961119250,l_left,3,otherhost,256,02:00:00:00:00:02,02:00:00:00:00:01,0x88b5,forward,1,127
464,1786990961119492,l_left,3,otherhost,256,02:00:00:00:00:02,02:00:00:00:00:01,0x88b5,forward,1,128
465,1786990961119741,l_left,3,otherhost,256,02:00:00:00:00:02,02:00:00:00:00:01,0x88b5,forward,1,129
466,1786990961120178,l_left,4,outgoing,256,02:00:00:00:00:01,02:00:00:00:00:02,0x88b5,reverse,1,336
467,1786990961120273,l_left,4,outgoing,256,02:00:00:00:00:01,02:00:00:00:00:02,0x88b5,reverse,1,337
468,1786990961319566,l_left,4,outgoing,256,02:00:00:00:00:01,02:00:00:00:00:02,0x88b5,reverse,1,338
469,1786990961319594,l_left,4,outgoing,256,02:00:00:00:00:01,02:00:00:00:00:02,0x88b5,reverse,1,339
470,1786990961319611,l_left,4,outgoing,256,02:00:00:00:00:01,02:00:00:00:00:02,0x88b5,reverse,1,340
471,1786990961319813,l_left,4,outgoing,256,02:00:00:00:00:01,02:00:00:00:00:02,0x88b5,reverse,1,341
472,1786990961320074,l_left,4,outgoing,256,02:00:00:00:00:01,02:00:00:00:00:02,0x88b5,reverse,1,342
473,1786990961320314,l_left,4,outgoing,256,02:00:00:00:00:01,02:00:00:00:00:02,0x88b5,reverse,1,343
474,1786990961320579,l_left,4,outgoing,256,02:00:00:00:00:01,02:00:00:00:00:02,0x88b5,reverse,1,344
475,1786990961320819,l_left,4,outgoing,256,02:00:00:00:00:01,02:00:00:00:00:02,0x88b5,reverse,1,345
476,1786990961321079,l_left,4,outgoing,256,02:00:00:00:00:01,02:00:00:00:00:02,0x88b5,reverse,1,346
477,1786990961321310,l_left,4,outgoing,256,02:00:00:00:00:01,02:00:00:00:00:02,0x88b5,reverse,1,347
478,1786990961321571,l_left,4,outgoing,256,02:00:00:00:00:01,02:00:00:00:00:02,0x88b5,reverse,1,348
479,1786990961321780,l_left,4,outgoing,256,02:00:00:00:00:01,02:00:00:00:00:02,0x88b5,reverse,1,349
480,1786990961322022,l_left,4,outgoing,256,02:00:00:00:00:01,02:00:00:00:00:02,0x88b5,reverse,1,350
481,1786990961322268,l_left,4,outgoing,256,02:00:00:00:00:01,02:00:00:00:00:02,0x88b5,reverse,1,351
482,1786990961323036,l_left,3,otherhost,256,02:00:00:00:00:02,02:00:00:00:00:01,0x88b5,forward,1,130
483,1786990961323048,l_left,3,otherhost,256,02:00:00:00:00:02,02:00:00:00:00:01,0x88b5,forward,1,131
484,1786990961329184,l_left,3,otherhost,256,02:00:00:00:00:02,02:00:00:00:00:01,0x88b5,forward,1,132
485,1786990961329247,l_left,3,otherhost,256,02:00:00:00:00:02,02:00:00:00:00:01,0x88b5,forward,1,133
486,1786990961329494,l_left,3,otherhost,256,02:00:00:00:00:02,02:00:00:00:00:01,0x88b5,forward,1,134
487,1786990961329743,l_left,3,otherhost,256,02:00:00:00:00:02,02:00:00:00:00:01,0x88b5,forward,1,135
488,1786990961330159,l_left,4,outgoing,256,02:00:00:00:00:01,02:00:00:00:00:02,0x88b5,reverse,1,352
489,1786990961330267,l_left,4,outgoing,256,02:00:00:00:00:01,02:00:00:00:00:02,0x88b5,reverse,1,353
490,1786990961529611,l_left,4,outgoing,256,02:00:00:00:00:01,02:00:00:00:00:02,0x88b5,reverse,1,354
491,1786990961529640,l_left,4,outgoing,256,02:00:00:00:00:01,02:00:00:00:00:02,0x88b5,reverse,1,355
492,1786990961529657,l_left,4,outgoing,256,02:00:00:00:00:01,02:00:00:00:00:02,0x88b5,reverse,1,356
493,1786990961529869,l_left,4,outgoing,256,02:00:00:00:00:01,02:00:00:00:00:02,0x88b5,reverse,1,357
494,1786990961530115,l_left,4,outgoing,256,02:00:00:00:00:01,02:00:00:00:00:02,0x88b5,reverse,1,358
495,1786990961530344,l_left,4,outgoing,256,02:00:00:00:00:01,02:00:00:00:00:02,0x88b5,reverse,1,359
496,1786990961530571,l_left,4,outgoing,256,02:00:00:00:00:01,02:00:00:00:00:02,0x88b5,reverse,1,360
497,1786990961530810,l_left,4,outgoing,256,02:00:00:00:00:01,02:00:00:00:00:02,0x88b5,reverse,1,361
498,1786990961531063,l_left,4,outgoing,256,02:00:00:00:00:01,02:00:00:00:00:02,0x88b5,reverse,1,362
499,1786990961531309,l_left,4,outgoing,256,02:00:00:00:00:01,02:00:00:00:00:02,0x88b5,reverse,1,363
500,1786990961531556,l_left,4,outgoing,256,02:00:00:00:00:01,02:00:00:00:00:02,0x88b5,reverse,1,364
501,1786990961531784,l_left,4,outgoing,256,02:00:00:00:00:01,02:00:00:00:00:02,0x88b5,reverse,1,365
502,1786990961532017,l_left,4,outgoing,256,02:00:00:00:00:01,02:00:00:00:00:02,0x88b5,reverse,1,366
503,1786990961532268,l_left,4,outgoing,256,02:00:00:00:00:01,02:00:00:00:00:02,0x88b5,reverse,1,367
504,1786990961533042,l_left,3,otherhost,256,02:00:00:00:00:02,02:00:00:00:00:01,0x88b5,forward,1,136
505,1786990961533056,l_left,3,otherhost,256,02:00:00:00:00:02,02:00:00:00:00:01,0x88b5,forward,1,137
506,1786990961539225,l_left,3,otherhost,256,02:00:00:00:00:02,02:00:00:00:00:01,0x88b5,forward,1,138
507,1786990961539240,l_left,3,otherhost,256,02:00:00:00:00:02,02:00:00:00:00:01,0x88b5,forward,1,139
508,1786990961539519,l_left,3,otherhost,256,02:00:00:00:00:02,02:00:00:00:00:01,0x88b5,forward,1,140
509,1786990961539748,l_left,3,otherhost,256,02:00:00:00:00:02,02:00:00:00:00:01,0x88b5,forward,1,141
510,1786990961540147,l_left,4,outgoing,256,02:00:00:00:00:01,02:00:00:00:00:02,0x88b5,reverse,1,368
511,1786990961540267,l_left,4,outgoing,256,02:00:00:00:00:01,02:00:00:00:00:02,0x88b5,reverse,1,369
512,1786990961739587,l_left,4,outgoing,256,02:00:00:00:00:01,02:00:00:00:00:02,0x88b5,reverse,1,370
513,1786990961739616,l_left,4,outgoing,256,02:00:00:00:00:01,02:00:00:00:00:02,0x88b5,reverse,1,371
514,1786990961739632,l_left,4,outgoing,256,02:00:00:00:00:01,02:00:00:00:00:02,0x88b5,reverse,1,372
515,1786990961739847,l_left,4,outgoing,256,02:00:00:00:00:01,02:00:00:00:00:02,0x88b5,reverse,1,373
516,1786990961740103,l_left,4,outgoing,256,02:00:00:00:00:01,02:00:00:00:00:02,0x88b5,reverse,1,374
517,1786990961740361,l_left,4,outgoing,256,02:00:00:00:00:01,02:00:00:00:00:02,0x88b5,reverse,1,375
518,1786990961740564,l_left,4,outgoing,256,02:00:00:00:00:01,02:00:00:00:00:02,0x88b5,reverse,1,376
519,1786990961740813,l_left,4,outgoing,256,02:00:00:00:00:01,02:00:00:00:00:02,0x88b5,reverse,1,377
520,1786990961741078,l_left,4,outgoing,256,02:00:00:00:00:01,02:00:00:00:00:02,0x88b5,reverse,1,378
521,1786990961741330,l_left,4,outgoing,256,02:00:00:00:00:01,02:00:00:00:00:02,0x88b5,reverse,1,379
522,1786990961741563,l_left,4,outgoing,256,02:00:00:00:00:01,02:00:00:00:00:02,0x88b5,reverse,1,380
523,1786990961741766,l_left,4,outgoing,256,02:00:00:00:00:01,02:00:00:00:00:02,0x88b5,reverse,1,381
524,1786990961742013,l_left,4,outgoing,256,02:00:00:00:00:01,02:00:00:00:00:02,0x88b5,reverse,1,382
525,1786990961742254,l_left,4,outgoing,256,02:00:00:00:00:01,02:00:00:00:00:02,0x88b5,reverse,1,383
526,1786990961742850,l_left,3,otherhost,256,02:00:00:00:00:02,02:00:00:00:00:01,0x88b5,forward,1,142
527,1786990961742864,l_left,3,otherhost,256,02:00:00:00:00:02,02:00:00:00:00:01,0x88b5,forward,1,143
528,1786990961749183,l_left,3,otherhost,256,02:00:00:00:00:02,02:00:00:00:00:01,0x88b5,forward,1,144
529,1786990961749247,l_left,3,otherhost,256,02:00:00:00:00:02,02:00:00:00:00:01,0x88b5,forward,1,145
530,1786990961749493,l_left,3,otherhost,256,02:00:00:00:00:02,02:00:00:00:00:01,0x88b5,forward,1,146
531,1786990961749743,l_left,3,otherhost,256,02:00:00:00:00:02,02:00:00:00:00:01,0x88b5,forward,1,147
532,1786990961750139,l_left,4,outgoing,256,02:00:00:00:00:01,02:00:00:00:00:02,0x88b5,reverse,1,384
533,1786990961750263,l_left,4,outgoing,256,02:00:00:00:00:01,02:00:00:00:00:02,0x88b5,reverse,1,385
534,1786990961949571,l_left,4,outgoing,256,02:00:00:00:00:01,02:00:00:00:00:02,0x88b5,reverse,1,386
535,1786990961949599,l_left,4,outgoing,256,02:00:00:00:00:01,02:00:00:00:00:02,0x88b5,reverse,1,387
536,1786990961949619,l_left,4,outgoing,256,02:00:00:00:00:01,02:00:00:00:00:02,0x88b5,reverse,1,388
537,1786990961949817,l_left,4,outgoing,256,02:00:00:00:00:01,02:00:00:00:00:02,0x88b5,reverse,1,389
538,1786990961950071,l_left,4,outgoing,256,02:00:00:00:00:01,02:00:00:00:00:02,0x88b5,reverse,1,390
539,1786990961950322,l_left,4,outgoing,256,02:00:00:00:00:01,02:00:00:00:00:02,0x88b5,reverse,1,391
540,1786990961950564,l_left,4,outgoing,256,02:00:00:00:00:01,02:00:00:00:00:02,0x88b5,reverse,1,392
541,1786990961950810,l_left,4,outgoing,256,02:00:00:00:00:01,02:00:00:00:00:02,0x88b5,reverse,1,393
542,1786990961951053,l_left,4,outgoing,256,02:00:00:00:00:01,02:00:00:00:00:02,0x88b5,reverse,1,394
543,1786990961951294,l_left,4,outgoing,256,02:00:00:00:00:01,02:00:00:00:00:02,0x88b5,reverse,1,395
544,1786990961951546,l_left,4,outgoing,256,02:00:00:00:00:01,02:00:00:00:00:02,0x88b5,reverse,1,396
545,1786990961951781,l_left,4,outgoing,256,02:00:00:00:00:01,02:00:00:00:00:02,0x88b5,reverse,1,397
546,1786990961952010,l_left,4,outgoing,256,02:00:00:00:00:01,02:00:00:00:00:02,0x88b5,reverse,1,398
547,1786990961952253,l_left,4,outgoing,256,02:00:00:00:00:01,02:00:00:00:00:02,0x88b5,reverse,1,399
548,1786990961952881,l_left,3,otherhost,256,02:00:00:00:00:02,02:00:00:00:00:01,0x88b5,forward,1,148
549,1786990961952894,l_left,3,otherhost,256,02:00:00:00:00:02,02:00:00:00:00:01,0x88b5,forward,1,149
550,1786990961959174,l_left,3,otherhost,256,02:00:00:00:00:02,02:00:00:00:00:01,0x88b5,forward,1,150
551,1786990961959246,l_left,3,otherhost,256,02:00:00:00:00:02,02:00:00:00:00:01,0x88b5,forward,1,151
552,1786990961959494,l_left,3,otherhost,256,02:00:00:00:00:02,02:00:00:00:00:01,0x88b5,forward,1,152
553,1786990961959743,l_left,3,otherhost,256,02:00:00:00:00:02,02:00:00:00:00:01,0x88b5,forward,1,153
554,1786990961960145,l_left,4,outgoing,256,02:00:00:00:00:01,02:00:00:00:00:02,0x88b5,reverse,1,400
555,1786990961960267,l_left,4,outgoing,256,02:00:00:00:00:01,02:00:00:00:00:02,0x88b5,reverse,1,401
556,1786990962159550,l_left,4,outgoing,256,02:00:00:00:00:01,02:00:00:00:00:02,0x88b5,reverse,1,402
557,1786990962159573,l_left,4,outgoing,256,02:00:00:00:00:01,02:00:00:00:00:02,0x88b5,reverse,1,403
558,1786990962159588,l_left,4,outgoing,256,02:00:00:00:00:01,02:00:00:00:00:02,0x88b5,reverse,1,404
559,1786990962159808,l_left,4,outgoing,256,02:00:00:00:00:01,02:00:00:00:00:02,0x88b5,reverse,1,405
560,1786990962160048,l_left,4,outgoing,256,02:00:00:00:00:01,02:00:00:00:00:02,0x88b5,reverse,1,406
561,1786990962160281,l_left,4,outgoing,256,02:00:00:00:00:01,02:00:00:00:00:02,0x88b5,reverse,1,407
562,1786990962160532,l_left,4,outgoing,256,02:00:00:00:00:01,02:00:00:00:00:02,0x88b5,reverse,1,408
563,1786990962160783,l_left,4,outgoing,256,02:00:00:00:00:01,02:00:00:00:00:02,0x88b5,reverse,1,409
564,1786990962161039,l_left,4,outgoing,256,02:00:00:00:00:01,02:00:00:00:00:02,0x88b5,reverse,1,410
565,1786990962161292,l_left,4,outgoing,256,02:00:00:00:00:01,02:00:00:00:00:02,0x88b5,reverse,1,411
566,1786990962161514,l_left,4,outgoing,256,02:00:00:00:00:01,02:00:00:00:00:02,0x88b5,reverse,1,412
567,1786990962161760,l_left,4,outgoing,256,02:00:00:00:00:01,02:00:00:00:00:02,0x88b5,reverse,1,413
568,1786990962162014,l_left,4,outgoing,256,02:00:00:00:00:01,02:00:00:00:00:02,0x88b5,reverse,1,414
569,1786990962162257,l_left,4,outgoing,256,02:00:00:00:00:01,02:00:00:00:00:02,0x88b5,reverse,1,415
570,1786990962162861,l_left,3,otherhost,256,02:00:00:00:00:02,02:00:00:00:00:01,0x88b5,forward,1,154
571,1786990962162874,l_left,3,otherhost,256,02:00:00:00:00:02,02:00:00:00:00:01,0x88b5,forward,1,155
572,1786990962169177,l_left,3,otherhost,256,02:00:00:00:00:02,02:00:00:00:00:01,0x88b5,forward,1,156
573,1786990962169248,l_left,3,otherhost,256,02:00:00:00:00:02,02:00:00:00:00:01,0x88b5,forward,1,157
574,1786990962169494,l_left,3,otherhost,256,02:00:00:00:00:02,02:00:00:00:00:01,0x88b5,forward,1,158
575,1786990962169744,l_left,3,otherhost,256,02:00:00:00:00:02,02:00:00:00:00:01,0x88b5,forward,1,159
576,1786990962170166,l_left,4,outgoing,256,02:00:00:00:00:01,02:00:00:00:00:02,0x88b5,reverse,1,416
577,1786990962170268,l_left,4,outgoing,256,02:00:00:00:00:01,02:00:00:00:00:02,0x88b5,reverse,1,417
578,1786990962369560,l_left,4,outgoing,256,02:00:00:00:00:01,02:00:00:00:00:02,0x88b5,reverse,1,418
579,1786990962369581,l_left,4,outgoing,256,02:00:00:00:00:01,02:00:00:00:00:02,0x88b5,reverse,1,419
580,1786990962369599,l_left,4,outgoing,256,02:00:00:00:00:01,02:00:00:00:00:02,0x88b5,reverse,1,420
581,1786990962369801,l_left,4,outgoing,256,02:00:00:00:00:01,02:00:00:00:00:02,0x88b5,reverse,1,421
582,1786990962370048,l_left,4,outgoing,256,02:00:00:00:00:01,02:00:00:00:00:02,0x88b5,reverse,1,422
583,1786990962370297,l_left,4,outgoing,256,02:00:00:00:00:01,02:00:00:00:00:02,0x88b5,reverse,1,423
584,1786990962370550,l_left,4,outgoing,256,02:00:00:00:00:01,02:00:00:00:00:02,0x88b5,reverse,1,424
585,1786990962370784,l_left,4,outgoing,256,02:00:00:00:00:01,02:00:00:00:00:02,0x88b5,reverse,1,425
586,1786990962371033,l_left,4,outgoing,256,02:00:00:00:00:01,02:00:00:00:00:02,0x88b5,reverse,1,426
587,1786990962371277,l_left,4,outgoing,256,02:00:00:00:00:01,02:00:00:00:00:02,0x88b5,reverse,1,427
588,1786990962371534,l_left,4,outgoing,256,02:00:00:00:00:01,02:00:00:00:00:02,0x88b5,reverse,1,428
589,1786990962371783,l_left,4,outgoing,256,02:00:00:00:00:01,02:00:00:00:00:02,0x88b5,reverse,1,429
590,1786990962372028,l_left,4,outgoing,256,02:00:00:00:00:01,02:00:00:00:00:02,0x88b5,reverse,1,430
591,1786990962372259,l_left,4,outgoing,256,02:00:00:00:00:01,02:00:00:00:00:02,0x88b5,reverse,1,431
592,1786990962372862,l_left,3,otherhost,256,02:00:00:00:00:02,02:00:00:00:00:01,0x88b5,forward,1,160
593,1786990962372873,l_left,3,otherhost,256,02:00:00:00:00:02,02:00:00:00:00:01,0x88b5,forward,1,161
594,1786990962379170,l_left,3,otherhost,256,02:00:00:00:00:02,02:00:00:00:00:01,0x88b5,forward,1,162
595,1786990962379251,l_left,3,otherhost,256,02:00:00:00:00:02,02:00:00:00:00:01,0x88b5,forward,1,163
596,1786990962379495,l_left,3,otherhost,256,02:00:00:00:00:02,02:00:00:00:00:01,0x88b5,forward,1,164
597,1786990962379743,l_left,3,otherhost,256,02:00:00:00:00:02,02:00:00:00:00:01,0x88b5,forward,1,165
598,1786990962380148,l_left,4,outgoing,256,02:00:00:00:00:01,02:00:00:00:00:02,0x88b5,reverse,1,432
599,1786990962380271,l_left,4,outgoing,256,02:00:00:00:00:01,02:00:00:00:00:02,0x88b5,reverse,1,433
600,1786990962579536,l_left,4,outgoing,256,02:00:00:00:00:01,02:00:00:00:00:02,0x88b5,reverse,1,434
601,1786990962579560,l_left,4,outgoing,256,02:00:00:00:00:01,02:00:00:00:00:02,0x88b5,reverse,1,435
602,1786990962579575,l_left,4,outgoing,256,02:00:00:00:00:01,02:00:00:00:00:02,0x88b5,reverse,1,436
603,1786990962579798,l_left,4,outgoing,256,02:00:00:00:00:01,02:00:00:00:00:02,0x88b5,reverse,1,437
604,1786990962580046,l_left,4,outgoing,256,02:00:00:00:00:01,02:00:00:00:00:02,0x88b5,reverse,1,438
605,1786990962580292,l_left,4,outgoing,256,02:00:00:00:00:01,02:00:00:00:00:02,0x88b5,reverse,1,439
606,1786990962580543,l_left,4,outgoing,256,02:00:00:00:00:01,02:00:00:00:00:02,0x88b5,reverse,1,440
607,1786990962580796,l_left,4,outgoing,256,02:00:00:00:00:01,02:00:00:00:00:02,0x88b5,reverse,1,441
608,1786990962581045,l_left,4,outgoing,256,02:00:00:00:00:01,02:00:00:00:00:02,0x88b5,reverse,1,442
609,1786990962581296,l_left,4,outgoing,256,02:00:00:00:00:01,02:00:00:00:00:02,0x88b5,reverse,1,443
610,1786990962581541,l_left,4,outgoing,256,02:00:00:00:00:01,02:00:00:00:00:02,0x88b5,reverse,1,444
611,1786990962581766,l_left,4,outgoing,256,02:00:00:00:00:01,02:00:00:00:00:02,0x88b5,reverse,1,445
612,1786990962582007,l_left,4,outgoing,256,02:00:00:00:00:01,02:00:00:00:00:02,0x88b5,reverse,1,446
613,1786990962582253,l_left,4,outgoing,256,02:00:00:00:00:01,02:00:00:00:00:02,0x88b5,reverse,1,447
614,1786990962582856,l_left,3,otherhost,256,02:00:00:00:00:02,02:00:00:00:00:01,0x88b5,forward,1,166
615,1786990962582893,l_left,3,otherhost,256,02:00:00:00:00:02,02:00:00:00:00:01,0x88b5,forward,1,167
616,1786990962589177,l_left,3,otherhost,256,02:00:00:00:00:02,02:00:00:00:00:01,0x88b5,forward,1,168
617,1786990962589246,l_left,3,otherhost,256,02:00:00:00:00:02,02:00:00:00:00:01,0x88b5,forward,1,169
618,1786990962589497,l_left,3,otherhost,256,02:00:00:00:00:02,02:00:00:00:00:01,0x88b5,forward,1,170
619,1786990962589743,l_left,3,otherhost,256,02:00:00:00:00:02,02:00:00:00:00:01,0x88b5,forward,1,171
620,1786990962590154,l_left,4,outgoing,256,02:00:00:00:00:01,02:00:00:00:00:02,0x88b5,reverse,1,448
621,1786990962590299,l_left,4,outgoing,256,02:00:00:00:00:01,02:00:00:00:00:02,0x88b5,reverse,1,449
622,1786990962789771,l_left,4,outgoing,256,02:00:00:00:00:01,02:00:00:00:00:02,0x88b5,reverse,1,450
623,1786990962789811,l_left,4,outgoing,256,02:00:00:00:00:01,02:00:00:00:00:02,0x88b5,reverse,1,451
624,1786990962789840,l_left,4,outgoing,256,02:00:00:00:00:01,02:00:00:00:00:02,0x88b5,reverse,1,452
625,1786990962789867,l_left,4,outgoing,256,02:00:00:00:00:01,02:00:00:00:00:02,0x88b5,reverse,1,453
626,1786990962790088,l_left,4,outgoing,256,02:00:00:00:00:01,02:00:00:00:00:02,0x88b5,reverse,1,454
627,1786990962790334,l_left,4,outgoing,256,02:00:00:00:00:01,02:00:00:00:00:02,0x88b5,reverse,1,455
628,1786990962790600,l_left,4,outgoing,256,02:00:00:00:00:01,02:00:00:00:00:02,0x88b5,reverse,1,456
629,1786990962790836,l_left,4,outgoing,256,02:00:00:00:00:01,02:00:00:00:00:02,0x88b5,reverse,1,457
630,1786990962791086,l_left,4,outgoing,256,02:00:00:00:00:01,02:00:00:00:00:02,0x88b5,reverse,1,458
631,1786990962791350,l_left,4,outgoing,256,02:00:00:00:00:01,02:00:00:00:00:02,0x88b5,reverse,1,459
632,1786990962791611,l_left,4,outgoing,256,02:00:00:00:00:01,02:00:00:00:00:02,0x88b5,reverse,1,460
633,1786990962791836,l_left,4,outgoing,256,02:00:00:00:00:01,02:00:00:00:00:02,0x88b5,reverse,1,461
634,1786990962792089,l_left,4,outgoing,256,02:00:00:00:00:01,02:00:00:00:00:02,0x88b5,reverse,1,462
635,1786990962792302,l_left,4,outgoing,256,02:00:00:00:00:01,02:00:00:00:00:02,0x88b5,reverse,1,463
636,1786990962792665,l_left,3,otherhost,256,02:00:00:00:00:02,02:00:00:00:00:01,0x88b5,forward,1,172
637,1786990962792763,l_left,3,otherhost,256,02:00:00:00:00:02,02:00:00:00:00:01,0x88b5,forward,1,173
638,1786990962799193,l_left,3,otherhost,256,02:00:00:00:00:02,02:00:00:00:00:01,0x88b5,forward,1,174
639,1786990962799267,l_left,3,otherhost,256,02:00:00:00:00:02,02:00:00:00:00:01,0x88b5,forward,1,175
640,1786990962799500,l_left,3,otherhost,256,02:00:00:00:00:02,02:00:00:00:00:01,0x88b5,forward,1,176
641,1786990962799749,l_left,3,otherhost,256,02:00:00:00:00:02,02:00:00:00:00:01,0x88b5,forward,1,177
642,1786990962800270,l_left,4,outgoing,256,02:00:00:00:00:01,02:00:00:00:00:02,0x88b5,reverse,1,464
643,1786990962800303,l_left,4,outgoing,256,02:00:00:00:00:01,02:00:00:00:00:02,0x88b5,reverse,1,465
644,1786990962999694,l_left,4,outgoing,256,02:00:00:00:00:01,02:00:00:00:00:02,0x88b5,reverse,1,466
645,1786990962999730,l_left,4,outgoing,256,02:00:00:00:00:01,02:00:00:00:00:02,0x88b5,reverse,1,467
646,1786990962999759,l_left,4,outgoing,256,02:00:00:00:00:01,02:00:00:00:00:02,0x88b5,reverse,1,468
647,1786990962999783,l_left,4,outgoing,256,02:00:00:00:00:01,02:00:00:00:00:02,0x88b5,reverse,1,469
648,1786990963000076,l_left,4,outgoing,256,02:00:00:00:00:01,02:00:00:00:00:02,0x88b5,reverse,1,470
649,1786990963000338,l_left,4,outgoing,256,02:00:00:00:00:01,02:00:00:00:00:02,0x88b5,reverse,1,471
650,1786990963000602,l_left,4,outgoing,256,02:00:00:00:00:01,02:00:00:00:00:02,0x88b5,reverse,1,472
651,1786990963000832,l_left,4,outgoing,256,02:00:00:00:00:01,02:00:00:00:00:02,0x88b5,reverse,1,473
652,1786990963001077,l_left,4,outgoing,256,02:00:00:00:00:01,02:00:00:00:00:02,0x88b5,reverse,1,474
653,1786990963001344,l_left,4,outgoing,256,02:00:00:00:00:01,02:00:00:00:00:02,0x88b5,reverse,1,475
654,1786990963001579,l_left,4,outgoing,256,02:00:00:00:00:01,02:00:00:00:00:02,0x88b5,reverse,1,476
655,1786990963001788,l_left,4,outgoing,256,02:00:00:00:00:01,02:00:00:00:00:02,0x88b5,reverse,1,477
656,1786990963002029,l_left,4,outgoing,256,02:00:00:00:00:01,02:00:00:00:00:02,0x88b5,reverse,1,478
657,1786990963002279,l_left,4,outgoing,256,02:00:00:00:00:01,02:00:00:00:00:02,0x88b5,reverse,1,479
658,1786990963003407,l_left,3,otherhost,256,02:00:00:00:00:02,02:00:00:00:00:01,0x88b5,forward,1,178
659,1786990963003433,l_left,3,otherhost,256,02:00:00:00:00:02,02:00:00:00:00:01,0x88b5,forward,1,179
660,1786990963009187,l_left,3,otherhost,256,02:00:00:00:00:02,02:00:00:00:00:01,0x88b5,forward,1,180
661,1786990963009249,l_left,3,otherhost,256,02:00:00:00:00:02,02:00:00:00:00:01,0x88b5,forward,1,181
662,1786990963009499,l_left,3,otherhost,256,02:00:00:00:00:02,02:00:00:00:00:01,0x88b5,forward,1,182
663,1786990963009753,l_left,3,otherhost,256,02:00:00:00:00:02,02:00:00:00:00:01,0x88b5,forward,1,183
664,1786990963010357,l_left,4,outgoing,256,02:00:00:00:00:01,02:00:00:00:00:02,0x88b5,reverse,1,480
665,1786990963010387,l_left,4,outgoing,256,02:00:00:00:00:01,02:00:00:00:00:02,0x88b5,reverse,1,481
666,1786990963209743,l_left,4,outgoing,256,02:00:00:00:00:01,02:00:00:00:00:02,0x88b5,reverse,1,482
667,1786990963209782,l_left,4,outgoing,256,02:00:00:00:00:01,02:00:00:00:00:02,0x88b5,reverse,1,483
668,1786990963209808,l_left,4,outgoing,256,02:00:00:00:00:01,02:00:00:00:00:02,0x88b5,reverse,1,484
669,1786990963209842,l_left,4,outgoing,256,02:00:00:00:00:01,02:00:00:00:00:02,0x88b5,reverse,1,485
670,1786990963210093,l_left,4,outgoing,256,02:00:00:00:00:01,02:00:00:00:00:02,0x88b5,reverse,1,486
671,1786990963210329,l_left,4,outgoing,256,02:00:00:00:00:01,02:00:00:00:00:02,0x88b5,reverse,1,487
672,1786990963210586,l_left,4,outgoing,256,02:00:00:00:00:01,02:00:00:00:00:02,0x88b5,reverse,1,488
673,1786990963210828,l_left,4,outgoing,256,02:00:00:00:00:01,02:00:00:00:00:02,0x88b5,reverse,1,489
674,1786990963211078,l_left,4,outgoing,256,02:00:00:00:00:01,02:00:00:00:00:02,0x88b5,reverse,1,490
675,1786990963211324,l_left,4,outgoing,256,02:00:00:00:00:01,02:00:00:00:00:02,0x88b5,reverse,1,491
676,1786990963211580,l_left,4,outgoing,256,02:00:00:00:00:01,02:00:00:00:00:02,0x88b5,reverse,1,492
677,1786990963211828,l_left,4,outgoing,256,02:00:00:00:00:01,02:00:00:00:00:02,0x88b5,reverse,1,493
678,1786990963212075,l_left,4,outgoing,256,02:00:00:00:00:01,02:00:00:00:00:02,0x88b5,reverse,1,494
679,1786990963212305,l_left,4,outgoing,256,02:00:00:00:00:01,02:00:00:00:00:02,0x88b5,reverse,1,495
680,1786990963213448,l_left,3,otherhost,256,02:00:00:00:00:02,02:00:00:00:00:01,0x88b5,forward,1,184
681,1786990963213483,l_left,3,otherhost,256,02:00:00:00:00:02,02:00:00:00:00:01,0x88b5,forward,1,185
682,1786990963219171,l_left,3,otherhost,256,02:00:00:00:00:02,02:00:00:00:00:01,0x88b5,forward,1,186
683,1786990963219250,l_left,3,otherhost,256,02:00:00:00:00:02,02:00:00:00:00:01,0x88b5,forward,1,187
684,1786990963219499,l_left,3,otherhost,256,02:00:00:00:00:02,02:00:00:00:00:01,0x88b5,forward,1,188
685,1786990963219748,l_left,3,otherhost,256,02:00:00:00:00:02,02:00:00:00:00:01,0x88b5,forward,1,189
686,1786990963220226,l_left,4,outgoing,256,02:00:00:00:00:01,02:00:00:00:00:02,0x88b5,reverse,1,496
687,1786990963220245,l_left,4,outgoing,256,02:00:00:00:00:01,02:00:00:00:00:02,0x88b5,reverse,1,497
688,1786990963419801,l_left,4,outgoing,256,02:00:00:00:00:01,02:00:00:00:00:02,0x88b5,reverse,1,498
689,1786990963419829,l_left,4,outgoing,256,02:00:00:00:00:01,02:00:00:00:00:02,0x88b5,reverse,1,499
690,1786990963419862,l_left,4,outgoing,256,02:00:00:00:00:01,02:00:00:00:00:02,0x88b5,reverse,1,500
691,1786990963419894,l_left,4,outgoing,256,02:00:00:00:00:01,02:00:00:00:00:02,0x88b5,reverse,1,501
692,1786990963420087,l_left,4,outgoing,256,02:00:00:00:00:01,02:00:00:00:00:02,0x88b5,reverse,1,502
693,1786990963420327,l_left,4,outgoing,256,02:00:00:00:00:01,02:00:00:00:00:02,0x88b5,reverse,1,503
694,1786990963420577,l_left,4,outgoing,256,02:00:00:00:00:01,02:00:00:00:00:02,0x88b5,reverse,1,504
695,1786990963420833,l_left,4,outgoing,256,02:00:00:00:00:01,02:00:00:00:00:02,0x88b5,reverse,1,505
696,1786990963421083,l_left,4,outgoing,256,02:00:00:00:00:01,02:00:00:00:00:02,0x88b5,reverse,1,506
697,1786990963421328,l_left,4,outgoing,256,02:00:00:00:00:01,02:00:00:00:00:02,0x88b5,reverse,1,507
698,1786990963421576,l_left,4,outgoing,256,02:00:00:00:00:01,02:00:00:00:00:02,0x88b5,reverse,1,508
699,1786990963421828,l_left,4,outgoing,256,02:00:00:00:00:01,02:00:00:00:00:02,0x88b5,reverse,1,509
700,1786990963422081,l_left,4,outgoing,256,02:00:00:00:00:01,02:00:00:00:00:02,0x88b5,reverse,1,510
701,1786990963422289,l_left,4,outgoing,256,02:00:00:00:00:01,02:00:00:00:00:02,0x88b5,reverse,1,511
702,1786990963423347,l_left,3,otherhost,256,02:00:00:00:00:02,02:00:00:00:00:01,0x88b5,forward,1,190
703,1786990963423366,l_left,3,otherhost,256,02:00:00:00:00:02,02:00:00:00:00:01,0x88b5,forward,1,191
704,1786990963429234,l_left,3,otherhost,256,02:00:00:00:00:02,02:00:00:00:00:01,0x88b5,forward,1,192
705,1786990963429260,l_left,3,otherhost,256,02:00:00:00:00:02,02:00:00:00:00:01,0x88b5,forward,1,193
706,1786990963429504,l_left,3,otherhost,256,02:00:00:00:00:02,02:00:00:00:00:01,0x88b5,forward,1,194
707,1786990963429747,l_left,3,otherhost,256,02:00:00:00:00:02,02:00:00:00:00:01,0x88b5,forward,1,195
708,1786990963430239,l_left,4,outgoing,256,02:00:00:00:00:01,02:00:00:00:00:02,0x88b5,reverse,1,512
709,1786990963430267,l_left,4,outgoing,256,02:00:00:00:00:01,02:00:00:00:00:02,0x88b5,reverse,1,513
710,1786990963629653,l_left,4,outgoing,256,02:00:00:00:00:01,02:00:00:00:00:02,0x88b5,reverse,1,514
711,1786990963629699,l_left,4,outgoing,256,02:00:00:00:00:01,02:00:00:00:00:02,0x88b5,reverse,1,515
712,1786990963629712,l_left,4,outgoing,256,02:00:00:00:00:01,02:00:00:00:00:02,0x88b5,reverse,1,516
713,1786990963629773,l_left,4,outgoing,256,02:00:00:00:00:01,02:00:00:00:00:02,0x88b5,reverse,1,517
714,1786990963630041,l_left,4,outgoing,256,02:00:00:00:00:01,02:00:00:00:00:02,0x88b5,reverse,1,518
715,1786990963630284,l_left,4,outgoing,256,02:00:00:00:00:01,02:00:00:00:00:02,0x88b5,reverse,1,519
716,1786990963630537,l_left,4,outgoing,256,02:00:00:00:00:01,02:00:00:00:00:02,0x88b5,reverse,1,520
717,1786990963630787,l_left,4,outgoing,256,02:00:00:00:00:01,02:00:00:00:00:02,0x88b5,reverse,1,521
718,1786990963631056,l_left,4,outgoing,256,02:00:00:00:00:01,02:00:00:00:00:02,0x88b5,reverse,1,522
719,1786990963631301,l_left,4,outgoing,256,02:00:00:00:00:01,02:00:00:00:00:02,0x88b5,reverse,1,523
720,1786990963631558,l_left,4,outgoing,256,02:00:00:00:00:01,02:00:00:00:00:02,0x88b5,reverse,1,524
721,1786990963631800,l_left,4,outgoing,256,02:00:00:00:00:01,02:00:00:00:00:02,0x88b5,reverse,1,525
722,1786990963632050,l_left,4,outgoing,256,02:00:00:00:00:01,02:00:00:00:00:02,0x88b5,reverse,1,526
723,1786990963632274,l_left,4,outgoing,256,02:00:00:00:00:01,02:00:00:00:00:02,0x88b5,reverse,1,527
724,1786990963633073,l_left,3,otherhost,256,02:00:00:00:00:02,02:00:00:00:00:01,0x88b5,forward,1,196
725,1786990963633086,l_left,3,otherhost,256,02:00:00:00:00:02,02:00:00:00:00:01,0x88b5,forward,1,197
726,1786990963639301,l_left,3,otherhost,256,02:00:00:00:00:02,02:00:00:00:00:01,0x88b5,forward,1,198
727,1786990963639330,l_left,3,otherhost,256,02:00:00:00:00:02,02:00:00:00:00:01,0x88b5,forward,1,199
728,1786990963639531,l_left,3,otherhost,256,02:00:00:00:00:02,02:00:00:00:00:01,0x88b5,forward,1,200
729,1786990963639755,l_left,3,otherhost,256,02:00:00:00:00:02,02:00:00:00:00:01,0x88b5,forward,1,201
730,1786990963640270,l_left,4,outgoing,256,02:00:00:00:00:01,02:00:00:00:00:02,0x88b5,reverse,1,528
731,1786990963640296,l_left,4,outgoing,256,02:00:00:00:00:01,02:00:00:00:00:02,0x88b5,reverse,1,529
732,1786990963839710,l_left,4,outgoing,256,02:00:00:00:00:01,02:00:00:00:00:02,0x88b5,reverse,1,530
733,1786990963839749,l_left,4,outgoing,256,02:00:00:00:00:01,02:00:00:00:00:02,0x88b5,reverse,1,531
734,1786990963839792,l_left,4,outgoing,256,02:00:00:00:00:01,02:00:00:00:00:02,0x88b5,reverse,1,532
735,1786990963839837,l_left,4,outgoing,256,02:00:00:00:00:01,02:00:00:00:00:02,0x88b5,reverse,1,533
736,1786990963840051,l_left,4,outgoing,256,02:00:00:00:00:01,02:00:00:00:00:02,0x88b5,reverse,1,534
737,1786990963840299,l_left,4,outgoing,256,02:00:00:00:00:01,02:00:00:00:00:02,0x88b5,reverse,1,535
738,1786990963840538,l_left,4,outgoing,256,02:00:00:00:00:01,02:00:00:00:00:02,0x88b5,reverse,1,536
739,1786990963840794,l_left,4,outgoing,256,02:00:00:00:00:01,02:00:00:00:00:02,0x88b5,reverse,1,537
740,1786990963841038,l_left,4,outgoing,256,02:00:00:00:00:01,02:00:00:00:00:02,0x88b5,reverse,1,538
741,1786990963841301,l_left,4,outgoing,256,02:00:00:00:00:01,02:00:00:00:00:02,0x88b5,reverse,1,539
742,1786990963841537,l_left,4,outgoing,256,02:00:00:00:00:01,02:00:00:00:00:02,0x88b5,reverse,1,540
743,1786990963841787,l_left,4,outgoing,256,02:00:00:00:00:01,02:00:00:00:00:02,0x88b5,reverse,1,541
744,1786990963842037,l_left,4,outgoing,256,02:00:00:00:00:01,02:00:00:00:00:02,0x88b5,reverse,1,542
745,1786990963842299,l_left,4,outgoing,256,02:00:00:00:00:01,02:00:00:00:00:02,0x88b5,reverse,1,543
746,1786990963843300,l_left,3,otherhost,256,02:00:00:00:00:02,02:00:00:00:00:01,0x88b5,forward,1,202
747,1786990963843328,l_left,3,otherhost,256,02:00:00:00:00:02,02:00:00:00:00:01,0x88b5,forward,1,203
748,1786990963849183,l_left,3,otherhost,256,02:00:00:00:00:02,02:00:00:00:00:01,0x88b5,forward,1,204
749,1786990963849299,l_left,3,otherhost,256,02:00:00:00:00:02,02:00:00:00:00:01,0x88b5,forward,1,205
750,1786990963849527,l_left,3,otherhost,256,02:00:00:00:00:02,02:00:00:00:00:01,0x88b5,forward,1,206
751,1786990963849775,l_left,3,otherhost,256,02:00:00:00:00:02,02:00:00:00:00:01,0x88b5,forward,1,207
752,1786990963850266,l_left,4,outgoing,256,02:00:00:00:00:01,02:00:00:00:00:02,0x88b5,reverse,1,544
753,1786990963850303,l_left,4,outgoing,256,02:00:00:00:00:01,02:00:00:00:00:02,0x88b5,reverse,1,545
754,1786990964049768,l_left,4,outgoing,256,02:00:00:00:00:01,02:00:00:00:00:02,0x88b5,reverse,1,546
755,1786990964049820,l_left,4,outgoing,256,02:00:00:00:00:01,02:00:00:00:00:02,0x88b5,reverse,1,547
756,1786990964049842,l_left,4,outgoing,256,02:00:00:00:00:01,02:00:00:00:00:02,0x88b5,reverse,1,548
757,1786990964049859,l_left,4,outgoing,256,02:00:00:00:00:01,02:00:00:00:00:02,0x88b5,reverse,1,549
758,1786990964050102,l_left,4,outgoing,256,02:00:00:00:00:01,02:00:00:00:00:02,0x88b5,reverse,1,550
759,1786990964050358,l_left,4,outgoing,256,02:00:00:00:00:01,02:00:00:00:00:02,0x88b5,reverse,1,551
760,1786990964050580,l_left,4,outgoing,256,02:00:00:00:00:01,02:00:00:00:00:02,0x88b5,reverse,1,552
761,1786990964050870,l_left,4,outgoing,256,02:00:00:00:00:01,02:00:00:00:00:02,0x88b5,reverse,1,553
762,1786990964051116,l_left,4,outgoing,256,02:00:00:00:00:01,02:00:00:00:00:02,0x88b5,reverse,1,554
763,1786990964051364,l_left,4,outgoing,256,02:00:00:00:00:01,02:00:00:00:00:02,0x88b5,reverse,1,555
764,1786990964051580,l_left,4,outgoing,256,02:00:00:00:00:01,02:00:00:00:00:02,0x88b5,reverse,1,556
765,1786990964051827,l_left,4,outgoing,256,02:00:00:00:00:01,02:00:00:00:00:02,0x88b5,reverse,1,557
766,1786990964052083,l_left,4,outgoing,256,02:00:00:00:00:01,02:00:00:00:00:02,0x88b5,reverse,1,558
767,1786990964052325,l_left,4,outgoing,256,02:00:00:00:00:01,02:00:00:00:00:02,0x88b5,reverse,1,559
768,1786990964053375,l_left,3,otherhost,256,02:00:00:00:00:02,02:00:00:00:00:01,0x88b5,forward,1,208
769,1786990964053398,l_left,3,otherhost,256,02:00:00:00:00:02,02:00:00:00:00:01,0x88b5,forward,1,209
770,1786990964059179,l_left,3,otherhost,256,02:00:00:00:00:02,02:00:00:00:00:01,0x88b5,forward,1,210
771,1786990964059277,l_left,3,otherhost,256,02:00:00:00:00:02,02:00:00:00:00:01,0x88b5,forward,1,211
772,1786990964059509,l_left,3,otherhost,256,02:00:00:00:00:02,02:00:00:00:00:01,0x88b5,forward,1,212
773,1786990964059748,l_left,3,otherhost,256,02:00:00:00:00:02,02:00:00:00:00:01,0x88b5,forward,1,213
774,1786990964060334,l_left,4,outgoing,256,02:00:00:00:00:01,02:00:00:00:00:02,0x88b5,reverse,1,560
775,1786990964060382,l_left,4,outgoing,256,02:00:00:00:00:01,02:00:00:00:00:02,0x88b5,reverse,1,561
776,1786990964259768,l_left,4,outgoing,256,02:00:00:00:00:01,02:00:00:00:00:02,0x88b5,reverse,1,562
777,1786990964259813,l_left,4,outgoing,256,02:00:00:00:00:01,02:00:00:00:00:02,0x88b5,reverse,1,563
778,1786990964259836,l_left,4,outgoing,256,02:00:00:00:00:01,02:00:00:00:00:02,0x88b5,reverse,1,564
779,1786990964259852,l_left,4,outgoing,256,02:00:00:00:00:01,02:00:00:00:00:02,0x88b5,reverse,1,565
780,1786990964260080,l_left,4,outgoing,256,02:00:00:00:00:01,02:00:00:00:00:02,0x88b5,reverse,1,566
781,1786990964260333,l_left,4,outgoing,256,02:00:00:00:00:01,02:00:00:00:00:02,0x88b5,reverse,1,567
782,1786990964260577,l_left,4,outgoing,256,02:00:00:00:00:01,02:00:00:00:00:02,0x88b5,reverse,1,568
783,1786990964260828,l_left,4,outgoing,256,02:00:00:00:00:01,02:00:00:00:00:02,0x88b5,reverse,1,569
784,1786990964261077,l_left,4,outgoing,256,02:00:00:00:00:01,02:00:00:00:00:02,0x88b5,reverse,1,570
785,1786990964261326,l_left,4,outgoing,256,02:00:00:00:00:01,02:00:00:00:00:02,0x88b5,reverse,1,571
786,1786990964261575,l_left,4,outgoing,256,02:00:00:00:00:01,02:00:00:00:00:02,0x88b5,reverse,1,572
787,1786990964261832,l_left,4,outgoing,256,02:00:00:00:00:01,02:00:00:00:00:02,0x88b5,reverse,1,573
788,1786990964262074,l_left,4,outgoing,256,02:00:00:00:00:01,02:00:00:00:00:02,0x88b5,reverse,1,574
789,1786990964262326,l_left,4,outgoing,256,02:00:00:00:00:01,02:00:00:00:00:02,0x88b5,reverse,1,575
790,1786990964263325,l_left,3,otherhost,256,02:00:00:00:00:02,02:00:00:00:00:01,0x88b5,forward,1,214
791,1786990964263343,l_left,3,otherhost,256,02:00:00:00:00:02,02:00:00:00:00:01,0x88b5,forward,1,215
792,1786990964269199,l_left,3,otherhost,256,02:00:00:00:00:02,02:00:00:00:00:01,0x88b5,forward,1,216
793,1786990964269218,l_left,3,otherhost,256,02:00:00:00:00:02,02:00:00:00:00:01,0x88b5,forward,1,217
794,1786990964269499,l_left,3,otherhost,256,02:00:00:00:00:02,02:00:00:00:00:01,0x88b5,forward,1,218
795,1786990964269746,l_left,3,otherhost,256,02:00:00:00:00:02,02:00:00:00:00:01,0x88b5,forward,1,219
796,1786990964270245,l_left,4,outgoing,256,02:00:00:00:00:01,02:00:00:00:00:02,0x88b5,reverse,1,576
797,1786990964270270,l_left,4,outgoing,256,02:00:00:00:00:01,02:00:00:00:00:02,0x88b5,reverse,1,577
798,1786990964469768,l_left,4,outgoing,256,02:00:00:00:00:01,02:00:00:00:00:02,0x88b5,reverse,1,578
799,1786990964469812,l_left,4,outgoing,256,02:00:00:00:00:01,02:00:00:00:00:02,0x88b5,reverse,1,579
800,1786990964469844,l_left,4,outgoing,256,02:00:00:00:00:01,02:00:00:00:00:02,0x88b5,reverse,1,580
801,1786990964469873,l_left,4,outgoing,256,02:00:00:00:00:01,02:00:00:00:00:02,0x88b5,reverse,1,581
802,1786990964470039,l_left,4,outgoing,256,02:00:00:00:00:01,02:00:00:00:00:02,0x88b5,reverse,1,582
803,1786990964470287,l_left,4,outgoing,256,02:00:00:00:00:01,02:00:00:00:00:02,0x88b5,reverse,1,583
804,1786990964470547,l_left,4,outgoing,256,02:00:00:00:00:01,02:00:00:00:00:02,0x88b5,reverse,1,584
805,1786990964470785,l_left,4,outgoing,256,02:00:00:00:00:01,02:00:00:00:00:02,0x88b5,reverse,1,585
806,1786990964471070,l_left,4,outgoing,256,02:00:00:00:00:01,02:00:00:00:00:02,0x88b5,reverse,1,586
807,1786990964471285,l_left,4,outgoing,256,02:00:00:00:00:01,02:00:00:00:00:02,0x88b5,reverse,1,587
808,1786990964471543,l_left,4,outgoing,256,02:00:00:00:00:01,02:00:00:00:00:02,0x88b5,reverse,1,588
809,1786990964471783,l_left,4,outgoing,256,02:00:00:00:00:01,02:00:00:00:00:02,0x88b5,reverse,1,589
810,1786990964472031,l_left,4,outgoing,256,02:00:00:00:00:01,02:00:00:00:00:02,0x88b5,reverse,1,590
811,1786990964472281,l_left,4,outgoing,256,02:00:00:00:00:01,02:00:00:00:00:02,0x88b5,reverse,1,591
812,1786990964473474,l_left,3,otherhost,256,02:00:00:00:00:02,02:00:00:00:00:01,0x88b5,forward,1,220
813,1786990964473507,l_left,3,otherhost,256,02:00:00:00:00:02,02:00:00:00:00:01,0x88b5,forward,1,221
814,1786990964479252,l_left,3,otherhost,256,02:00:00:00:00:02,02:00:00:00:00:01,0x88b5,forward,1,222
815,1786990964479289,l_left,3,otherhost,256,02:00:00:00:00:02,02:00:00:00:00:01,0x88b5,forward,1,223
816,1786990964479511,l_left,3,otherhost,256,02:00:00:00:00:02,02:00:00:00:00:01,0x88b5,forward,1,224
817,1786990964479755,l_left,3,otherhost,256,02:00:00:00:00:02,02:00:00:00:00:01,0x88b5,forward,1,225
818,1786990964480239,l_left,4,outgoing,256,02:00:00:00:00:01,02:00:00:00:00:02,0x88b5,reverse,1,592
819,1786990964480261,l_left,4,outgoing,256,02:00:00:00:00:01,02:00:00:00:00:02,0x88b5,reverse,1,593
820,1786990964679673,l_left,4,outgoing,256,02:00:00:00:00:01,02:00:00:00:00:02,0x88b5,reverse,1,594
821,1786990964679717,l_left,4,outgoing,256,02:00:00:00:00:01,02:00:00:00:00:02,0x88b5,reverse,1,595
822,1786990964679748,l_left,4,outgoing,256,02:00:00:00:00:01,02:00:00:00:00:02,0x88b5,reverse,1,596
823,1786990964679776,l_left,4,outgoing,256,02:00:00:00:00:01,02:00:00:00:00:02,0x88b5,reverse,1,597
824,1786990964680050,l_left,4,outgoing,256,02:00:00:00:00:01,02:00:00:00:00:02,0x88b5,reverse,1,598
825,1786990964680300,l_left,4,outgoing,256,02:00:00:00:00:01,02:00:00:00:00:02,0x88b5,reverse,1,599
826,1786990964680538,l_left,4,outgoing,256,02:00:00:00:00:01,02:00:00:00:00:02,0x88b5,reverse,1,600
827,1786990964680785,l_left,4,outgoing,256,02:00:00:00:00:01,02:00:00:00:00:02,0x88b5,reverse,1,601
828,1786990964681033,l_left,4,outgoing,256,02:00:00:00:00:01,02:00:00:00:00:02,0x88b5,reverse,1,602
829,1786990964681304,l_left,4,outgoing,256,02:00:00:00:00:01,02:00:00:00:00:02,0x88b5,reverse,1,603
830,1786990964681536,l_left,4,outgoing,256,02:00:00:00:00:01,02:00:00:00:00:02,0x88b5,reverse,1,604
831,1786990964681791,l_left,4,outgoing,256,02:00:00:00:00:01,02:00:00:00:00:02,0x88b5,reverse,1,605
832,1786990964682038,l_left,4,outgoing,256,02:00:00:00:00:01,02:00:00:00:00:02,0x88b5,reverse,1,606
833,1786990964682284,l_left,4,outgoing,256,02:00:00:00:00:01,02:00:00:00:00:02,0x88b5,reverse,1,607
834,1786990964682664,l_left,3,otherhost,256,02:00:00:00:00:02,02:00:00:00:00:01,0x88b5,forward,1,226
835,1786990964682763,l_left,3,otherhost,256,02:00:00:00:00:02,02:00:00:00:00:01,0x88b5,forward,1,227
836,1786990964689260,l_left,3,otherhost,256,02:00:00:00:00:02,02:00:00:00:00:01,0x88b5,forward,1,228
837,1786990964689293,l_left,3,otherhost,256,02:00:00:00:00:02,02:00:00:00:00:01,0x88b5,forward,1,229
838,1786990964689513,l_left,3,otherhost,256,02:00:00:00:00:02,02:00:00:00:00:01,0x88b5,forward,1,230
839,1786990964689761,l_left,3,otherhost,256,02:00:00:00:00:02,02:00:00:00:00:01,0x88b5,forward,1,231
840,1786990964690256,l_left,4,outgoing,256,02:00:00:00:00:01,02:00:00:00:00:02,0x88b5,reverse,1,608
841,1786990964690279,l_left,4,outgoing,256,02:00:00:00:00:01,02:00:00:00:00:02,0x88b5,reverse,1,609
842,1786990964889764,l_left,4,outgoing,256,02:00:00:00:00:01,02:00:00:00:00:02,0x88b5,reverse,1,610
843,1786990964889809,l_left,4,outgoing,256,02:00:00:00:00:01,02:00:00:00:00:02,0x88b5,reverse,1,611
844,1786990964889848,l_left,4,outgoing,256,02:00:00:00:00:01,02:00:00:00:00:02,0x88b5,reverse,1,612
845,1786990964889885,l_left,4,outgoing,256,02:00:00:00:00:01,02:00:00:00:00:02,0x88b5,reverse,1,613
846,1786990964890095,l_left,4,outgoing,256,02:00:00:00:00:01,02:00:00:00:00:02,0x88b5,reverse,1,614
847,1786990964890335,l_left,4,outgoing,256,02:00:00:00:00:01,02:00:00:00:00:02,0x88b5,reverse,1,615
848,1786990964890593,l_left,4,outgoing,256,02:00:00:00:00:01,02:00:00:00:00:02,0x88b5,reverse,1,616
849,1786990964890835,l_left,4,outgoing,256,02:00:00:00:00:01,02:00:00:00:00:02,0x88b5,reverse,1,617
850,1786990964891097,l_left,4,outgoing,256,02:00:00:00:00:01,02:00:00:00:00:02,0x88b5,reverse,1,618
851,1786990964891333,l_left,4,outgoing,256,02:00:00:00:00:01,02:00:00:00:00:02,0x88b5,reverse,1,619
852,1786990964891582,l_left,4,outgoing,256,02:00:00:00:00:01,02:00:00:00:00:02,0x88b5,reverse,1,620
853,1786990964891794,l_left,4,outgoing,256,02:00:00:00:00:01,02:00:00:00:00:02,0x88b5,reverse,1,621
854,1786990964892039,l_left,4,outgoing,256,02:00:00:00:00:01,02:00:00:00:00:02,0x88b5,reverse,1,622
855,1786990964892285,l_left,4,outgoing,256,02:00:00:00:00:01,02:00:00:00:00:02,0x88b5,reverse,1,623
856,1786990964892626,l_left,3,otherhost,256,02:00:00:00:00:02,02:00:00:00:00:01,0x88b5,forward,1,232
857,1786990964892771,l_left,3,otherhost,256,02:00:00:00:00:02,02:00:00:00:00:01,0x88b5,forward,1,233
858,1786990964899194,l_left,3,otherhost,256,02:00:00:00:00:02,02:00:00:00:00:01,0x88b5,forward,1,234
859,1786990964899285,l_left,3,otherhost,256,02:00:00:00:00:02,02:00:00:00:00:01,0x88b5,forward,1,235
860,1786990964899527,l_left,3,otherhost,256,02:00:00:00:00:02,02:00:00:00:00:01,0x88b5,forward,1,236
861,1786990964899775,l_left,3,otherhost,256,02:00:00:00:00:02,02:00:00:00:00:01,0x88b5,forward,1,237
862,1786990964900288,l_left,4,outgoing,256,02:00:00:00:00:01,02:00:00:00:00:02,0x88b5,reverse,1,624
863,1786990964900326,l_left,4,outgoing,256,02:00:00:00:00:01,02:00:00:00:00:02,0x88b5,reverse,1,625
864,1786990965099729,l_left,4,outgoing,256,02:00:00:00:00:01,02:00:00:00:00:02,0x88b5,reverse,1,626
865,1786990965099776,l_left,4,outgoing,256,02:00:00:00:00:01,02:00:00:00:00:02,0x88b5,reverse,1,627
866,1786990965099798,l_left,4,outgoing,256,02:00:00:00:00:01,02:00:00:00:00:02,0x88b5,reverse,1,628
867,1786990965099816,l_left,4,outgoing,256,02:00:00:00:00:01,02:00:00:00:00:02,0x88b5,reverse,1,629
868,1786990965100032,l_left,4,outgoing,256,02:00:00:00:00:01,02:00:00:00:00:02,0x88b5,reverse,1,630
869,1786990965100278,l_left,4,outgoing,256,02:00:00:00:00:01,02:00:00:00:00:02,0x88b5,reverse,1,631
870,1786990965100542,l_left,4,outgoing,256,02:00:00:00:00:01,02:00:00:00:00:02,0x88b5,reverse,1,632
871,1786990965100806,l_left,4,outgoing,256,02:00:00:00:00:01,02:00:00:00:00:02,0x88b5,reverse,1,633
872,1786990965101031,l_left,4,outgoing,256,02:00:00:00:00:01,02:00:00:00:00:02,0x88b5,reverse,1,634
873,1786990965101282,l_left,4,outgoing,256,02:00:00:00:00:01,02:00:00:00:00:02,0x88b5,reverse,1,635
874,1786990965101537,l_left,4,outgoing,256,02:00:00:00:00:01,02:00:00:00:00:02,0x88b5,reverse,1,636
875,1786990965101795,l_left,4,outgoing,256,02:00:00:00:00:01,02:00:00:00:00:02,0x88b5,reverse,1,637
876,1786990965102031,l_left,4,outgoing,256,02:00:00:00:00:01,02:00:00:00:00:02,0x88b5,reverse,1,638
877,1786990965102276,l_left,4,outgoing,256,02:00:00:00:00:01,02:00:00:00:00:02,0x88b5,reverse,1,639
878,1786990965103287,l_left,3,otherhost,256,02:00:00:00:00:02,02:00:00:00:00:01,0x88b5,forward,1,238
879,1786990965103305,l_left,3,otherhost,256,02:00:00:00:00:02,02:00:00:00:00:01,0x88b5,forward,1,239
880,1786990965109303,l_left,3,otherhost,256,02:00:00:00:00:02,02:00:00:00:00:01,0x88b5,forward,1,240
881,1786990965109323,l_left,3,otherhost,256,02:00:00:00:00:02,02:00:00:00:00:01,0x88b5,forward,1,241
882,1786990965109533,l_left,3,otherhost,256,02:00:00:00:00:02,02:00:00:00:00:01,0x88b5,forward,1,242
883,1786990965109778,l_left,3,otherhost,256,02:00:00:00:00:02,02:00:00:00:00:01,0x88b5,forward,1,243
884,1786990965110278,l_left,4,outgoing,256,02:00:00:00:00:01,02:00:00:00:00:02,0x88b5,reverse,1,640
885,1786990965110298,l_left,4,outgoing,256,02:00:00:00:00:01,02:00:00:00:00:02,0x88b5,reverse,1,641
886,1786990965309753,l_left,4,outgoing,256,02:00:00:00:00:01,02:00:00:00:00:02,0x88b5,reverse,1,642
887,1786990965309792,l_left,4,outgoing,256,02:00:00:00:00:01,02:00:00:00:00:02,0x88b5,reverse,1,643
888,1786990965309837,l_left,4,outgoing,256,02:00:00:00:00:01,02:00:00:00:00:02,0x88b5,reverse,1,644
889,1786990965309856,l_left,4,outgoing,256,02:00:00:00:00:01,02:00:00:00:00:02,0x88b5,reverse,1,645
890,1786990965310120,l_left,4,outgoing,256,02:00:00:00:00:01,02:00:00:00:00:02,0x88b5,reverse,1,646
891,1786990965310332,l_left,4,outgoing,256,02:00:00:00:00:01,02:00:00:00:00:02,0x88b5,reverse,1,647
892,1786990965310568,l_left,4,outgoing,256,02:00:00:00:00:01,02:00:00:00:00:02,0x88b5,reverse,1,648
893,1786990965310783,l_left,4,outgoing,256,02:00:00:00:00:01,02:00:00:00:00:02,0x88b5,reverse,1,649
894,1786990965311029,l_left,4,outgoing,256,02:00:00:00:00:01,02:00:00:00:00:02,0x88b5,reverse,1,650
895,1786990965311275,l_left,4,outgoing,256,02:00:00:00:00:01,02:00:00:00:00:02,0x88b5,reverse,1,651
896,1786990965311526,l_left,4,outgoing,256,02:00:00:00:00:01,02:00:00:00:00:02,0x88b5,reverse,1,652
897,1786990965311774,l_left,4,outgoing,256,02:00:00:00:00:01,02:00:00:00:00:02,0x88b5,reverse,1,653
898,1786990965312025,l_left,4,outgoing,256,02:00:00:00:00:01,02:00:00:00:00:02,0x88b5,reverse,1,654
899,1786990965312278,l_left,4,outgoing,256,02:00:00:00:00:01,02:00:00:00:00:02,0x88b5,reverse,1,655
900,1786990965313348,l_left,3,otherhost,256,02:00:00:00:00:02,02:00:00:00:00:01,0x88b5,forward,1,244
901,1786990965313365,l_left,3,otherhost,256,02:00:00:00:00:02,02:00:00:00:00:01,0x88b5,forward,1,245
902,1786990965319293,l_left,3,otherhost,256,02:00:00:00:00:02,02:00:00:00:00:01,0x88b5,forward,1,246
903,1786990965319320,l_left,3,otherhost,256,02:00:00:00:00:02,02:00:00:00:00:01,0x88b5,forward,1,247
904,1786990965319532,l_left,3,otherhost,256,02:00:00:00:00:02,02:00:00:00:00:01,0x88b5,forward,1,248
905,1786990965319786,l_left,3,otherhost,256,02:00:00:00:00:02,02:00:00:00:00:01,0x88b5,forward,1,249
906,1786990965320288,l_left,4,outgoing,256,02:00:00:00:00:01,02:00:00:00:00:02,0x88b5,reverse,1,656
907,1786990965320306,l_left,4,outgoing,256,02:00:00:00:00:01,02:00:00:00:00:02,0x88b5,reverse,1,657
908,1786990965519717,l_left,4,outgoing,256,02:00:00:00:00:01,02:00:00:00:00:02,0x88b5,reverse,1,658
909,1786990965519756,l_left,4,outgoing,256,02:00:00:00:00:01,02:00:00:00:00:02,0x88b5,reverse,1,659
910,1786990965519778,l_left,4,outgoing,256,02:00:00:00:00:01,02:00:00:00:00:02,0x88b5,reverse,1,660
911,1786990965519796,l_left,4,outgoing,256,02:00:00:00:00:01,02:00:00:00:00:02,0x88b5,reverse,1,661
912,1786990965520118,l_left,4,outgoing,256,02:00:00:00:00:01,02:00:00:00:00:02,0x88b5,reverse,1,662
913,1786990965520329,l_left,4,outgoing,256,02:00:00:00:00:01,02:00:00:00:00:02,0x88b5,reverse,1,663
914,1786990965520566,l_left,4,outgoing,256,02:00:00:00:00:01,02:00:00:00:00:02,0x88b5,reverse,1,664
915,1786990965520814,l_left,4,outgoing,256,02:00:00:00:00:01,02:00:00:00:00:02,0x88b5,reverse,1,665
916,1786990965521075,l_left,4,outgoing,256,02:00:00:00:00:01,02:00:00:00:00:02,0x88b5,reverse,1,666
917,1786990965521299,l_left,4,outgoing,256,02:00:00:00:00:01,02:00:00:00:00:02,0x88b5,reverse,1,667
918,1786990965521550,l_left,4,outgoing,256,02:00:00:00:00:01,02:00:00:00:00:02,0x88b5,reverse,1,668
919,1786990965521780,l_left,4,outgoing,256,02:00:00:00:00:01,02:00:00:00:00:02,0x88b5,reverse,1,669
920,1786990965522025,l_left,4,outgoing,256,02:00:00:00:00:01,02:00:00:00:00:02,0x88b5,reverse,1,670
921,1786990965522276,l_left,4,outgoing,256,02:00:00:00:00:01,02:00:00:00:00:02,0x88b5,reverse,1,671
922,1786990965523583,l_left,3,otherhost,256,02:00:00:00:00:02,02:00:00:00:00:01,0x88b5,forward,1,250
923,1786990965523599,l_left,3,otherhost,256,02:00:00:00:00:02,02:00:00:00:00:01,0x88b5,forward,1,251
924,1786990965529308,l_left,3,otherhost,256,02:00:00:00:00:02,02:00:00:00:00:01,0x88b5,forward,1,252
925,1786990965529327,l_left,3,otherhost,256,02:00:00:00:00:02,02:00:00:00:00:01,0x88b5,forward,1,253
926,1786990965529546,l_left,3,otherhost,256,02:00:00:00:00:02,02:00:00:00:00:01,0x88b5,forward,1,254
927,1786990965529773,l_left,3,otherhost,256,02:00:00:00:00:02,02:00:00:00:00:01,0x88b5,forward,1,255
928,1786990965530278,l_left,4,outgoing,256,02:00:00:00:00:01,02:00:00:00:00:02,0x88b5,reverse,1,672
929,1786990965530309,l_left,4,outgoing,256,02:00:00:00:00:01,02:00:00:00:00:02,0x88b5,reverse,1,673
930,1786990965729734,l_left,4,outgoing,256,02:00:00:00:00:01,02:00:00:00:00:02,0x88b5,reverse,1,674
931,1786990965729773,l_left,4,outgoing,256,02:00:00:00:00:01,02:00:00:00:00:02,0x88b5,reverse,1,675
932,1786990965729795,l_left,4,outgoing,256,02:00:00:00:00:01,02:00:00:00:00:02,0x88b5,reverse,1,676
933,1786990965729814,l_left,4,outgoing,256,02:00:00:00:00:01,02:00:00:00:00:02,0x88b5,reverse,1,677
934,1786990965730068,l_left,4,outgoing,256,02:00:00:00:00:01,02:00:00:00:00:02,0x88b5,reverse,1,678
935,1786990965730318,l_left,4,outgoing,256,02:00:00:00:00:01,02:00:00:00:00:02,0x88b5,reverse,1,679
936,1786990965730561,l_left,4,outgoing,256,02:00:00:00:00:01,02:00:00:00:00:02,0x88b5,reverse,1,680
937,1786990965730818,l_left,4,outgoing,256,02:00:00:00:00:01,02:00:00:00:00:02,0x88b5,reverse,1,681
938,1786990965731064,l_left,4,outgoing,256,02:00:00:00:00:01,02:00:00:00:00:02,0x88b5,reverse,1,682
939,1786990965731312,l_left,4,outgoing,256,02:00:00:00:00:01,02:00:00:00:00:02,0x88b5,reverse,1,683
940,1786990965731555,l_left,4,outgoing,256,02:00:00:00:00:01,02:00:00:00:00:02,0x88b5,reverse,1,684
941,1786990965731805,l_left,4,outgoing,256,02:00:00:00:00:01,02:00:00:00:00:02,0x88b5,reverse,1,685
942,1786990965732061,l_left,4,outgoing,256,02:00:00:00:00:01,02:00:00:00:00:02,0x88b5,reverse,1,686
943,1786990965732286,l_left,4,outgoing,256,02:00:00:00:00:01,02:00:00:00:00:02,0x88b5,reverse,1,687
944,1786990965733296,l_left,3,otherhost,256,02:00:00:00:00:02,02:00:00:00:00:01,0x88b5,forward,1,256
945,1786990965733318,l_left,3,otherhost,256,02:00:00:00:00:02,02:00:00:00:00:01,0x88b5,forward,1,257
946,1786990965739271,l_left,3,otherhost,256,02:00:00:00:00:02,02:00:00:00:00:01,0x88b5,forward,1,258
947,1786990965739290,l_left,3,otherhost,256,02:00:00:00:00:02,02:00:00:00:00:01,0x88b5,forward,1,259
948,1786990965739549,l_left,3,otherhost,256,02:00:00:00:00:02,02:00:00:00:00:01,0x88b5,forward,1,260
949,1786990965739782,l_left,3,otherhost,256,02:00:00:00:00:02,02:00:00:00:00:01,0x88b5,forward,1,261
950,1786990965740286,l_left,4,outgoing,256,02:00:00:00:00:01,02:00:00:00:00:02,0x88b5,reverse,1,688
951,1786990965740317,l_left,4,outgoing,256,02:00:00:00:00:01,02:00:00:00:00:02,0x88b5,reverse,1,689
952,1786990965939698,l_left,4,outgoing,256,02:00:00:00:00:01,02:00:00:00:00:02,0x88b5,reverse,1,690
953,1786990965939733,l_left,4,outgoing,256,02:00:00:00:00:01,02:00:00:00:00:02,0x88b5,reverse,1,691
954,1786990965939751,l_left,4,outgoing,256,02:00:00:00:00:01,02:00:00:00:00:02,0x88b5,reverse,1,692
955,1786990965939784,l_left,4,outgoing,256,02:00:00:00:00:01,02:00:00:00:00:02,0x88b5,reverse,1,693
956,1786990965940052,l_left,4,outgoing,256,02:00:00:00:00:01,02:00:00:00:00:02,0x88b5,reverse,1,694
957,1786990965940304,l_left,4,outgoing,256,02:00:00:00:00:01,02:00:00:00:00:02,0x88b5,reverse,1,695
958,1786990965940544,l_left,4,outgoing,256,02:00:00:00:00:01,02:00:00:00:00:02,0x88b5,reverse,1,696
959,1786990965940777,l_left,4,outgoing,256,02:00:00:00:00:01,02:00:00:00:00:02,0x88b5,reverse,1,697
960,1786990965941031,l_left,4,outgoing,256,02:00:00:00:00:01,02:00:00:00:00:02,0x88b5,reverse,1,698
961,1786990965941280,l_left,4,outgoing,256,02:00:00:00:00:01,02:00:00:00:00:02,0x88b5,reverse,1,699
962,1786990965941536,l_left,4,outgoing,256,02:00:00:00:00:01,02:00:00:00:00:02,0x88b5,reverse,1,700
963,1786990965941779,l_left,4,outgoing,256,02:00:00:00:00:01,02:00:00:00:00:02,0x88b5,reverse,1,701
964,1786990965942031,l_left,4,outgoing,256,02:00:00:00:00:01,02:00:00:00:00:02,0x88b5,reverse,1,702
965,1786990965942277,l_left,4,outgoing,256,02:00:00:00:00:01,02:00:00:00:00:02,0x88b5,reverse,1,703
966,1786990965943287,l_left,3,otherhost,256,02:00:00:00:00:02,02:00:00:00:00:01,0x88b5,forward,1,262
967,1786990965943304,l_left,3,otherhost,256,02:00:00:00:00:02,02:00:00:00:00:01,0x88b5,forward,1,263
968,1786990965949309,l_left,3,otherhost,256,02:00:00:00:00:02,02:00:00:00:00:01,0x88b5,forward,1,264
969,1786990965949341,l_left,3,otherhost,256,02:00:00:00:00:02,02:00:00:00:00:01,0x88b5,forward,1,265
970,1786990965949523,l_left,3,otherhost,256,02:00:00:00:00:02,02:00:00:00:00:01,0x88b5,forward,1,266
971,1786990965949749,l_left,3,otherhost,256,02:00:00:00:00:02,02:00:00:00:00:01,0x88b5,forward,1,267
972,1786990965950246,l_left,4,outgoing,256,02:00:00:00:00:01,02:00:00:00:00:02,0x88b5,reverse,1,704
973,1786990965950271,l_left,4,outgoing,256,02:00:00:00:00:01,02:00:00:00:00:02,0x88b5,reverse,1,705
974,1786990966149796,l_left,4,outgoing,256,02:00:00:00:00:01,02:00:00:00:00:02,0x88b5,reverse,1,706
975,1786990966149835,l_left,4,outgoing,256,02:00:00:00:00:01,02:00:00:00:00:02,0x88b5,reverse,1,707
976,1786990966149857,l_left,4,outgoing,256,02:00:00:00:00:01,02:00:00:00:00:02,0x88b5,reverse,1,708
977,1786990966149874,l_left,4,outgoing,256,02:00:00:00:00:01,02:00:00:00:00:02,0x88b5,reverse,1,709
978,1786990966150065,l_left,4,outgoing,256,02:00:00:00:00:01,02:00:00:00:00:02,0x88b5,reverse,1,710
979,1786990966150311,l_left,4,outgoing,256,02:00:00:00:00:01,02:00:00:00:00:02,0x88b5,reverse,1,711
980,1786990966150599,l_left,4,outgoing,256,02:00:00:00:00:01,02:00:00:00:00:02,0x88b5,reverse,1,712
981,1786990966150813,l_left,4,outgoing,256,02:00:00:00:00:01,02:00:00:00:00:02,0x88b5,reverse,1,713
982,1786990966151062,l_left,4,outgoing,256,02:00:00:00:00:01,02:00:00:00:00:02,0x88b5,reverse,1,714
983,1786990966151319,l_left,4,outgoing,256,02:00:00:00:00:01,02:00:00:00:00:02,0x88b5,reverse,1,715
984,1786990966151566,l_left,4,outgoing,256,02:00:00:00:00:01,02:00:00:00:00:02,0x88b5,reverse,1,716
985,1786990966151789,l_left,4,outgoing,256,02:00:00:00:00:01,02:00:00:00:00:02,0x88b5,reverse,1,717
986,1786990966152030,l_left,4,outgoing,256,02:00:00:00:00:01,02:00:00:00:00:02,0x88b5,reverse,1,718
987,1786990966152278,l_left,4,outgoing,256,02:00:00:00:00:01,02:00:00:00:00:02,0x88b5,reverse,1,719
988,1786990966153414,l_left,3,otherhost,256,02:00:00:00:00:02,02:00:00:00:00:01,0x88b5,forward,1,268
989,1786990966153440,l_left,3,otherhost,256,02:00:00:00:00:02,02:00:00:00:00:01,0x88b5,forward,1,269
990,1786990966159225,l_left,3,otherhost,256,02:00:00:00:00:02,02:00:00:00:00:01,0x88b5,forward,1,270
991,1786990966159258,l_left,3,otherhost,256,02:00:00:00:00:02,02:00:00:00:00:01,0x88b5,forward,1,271
992,1786990966159503,l_left,3,otherhost,256,02:00:00:00:00:02,02:00:00:00:00:01,0x88b5,forward,1,272
993,1786990966159759,l_left,3,otherhost,256,02:00:00:00:00:02,02:00:00:00:00:01,0x88b5,forward,1,273
994,1786990966160252,l_left,4,outgoing,256,02:00:00:00:00:01,02:00:00:00:00:02,0x88b5,reverse,1,720
995,1786990966160276,l_left,4,outgoing,256,02:00:00:00:00:01,02:00:00:00:00:02,0x88b5,reverse,1,721
