title,authors,year,venue,doi,url,peer_reviewed,tier,target_protocol_or_traffic,attacker_model,defense_mechanism,timing_policy,sw_or_hw,platform,testbed,security_metric,overhead_metric,key_result,limitations,relevance_to_us,evidence_confidence
RAINCOAT: Randomization of Network Communication in Power Grid Cyber Infrastructure to Mislead Attackers,Hui Lin; Zbigniew T. Kalbarczyk; Ravishankar K. Iyer,2019,IEEE Transactions on Smart Grid 10(5),10.1109/TSG.2018.2870362,https://ieeexplore.ieee.org/document/8466028/,yes,1,power-grid SCADA data acquisition (DNP3/ICCP),attacker estimating grid physical state for FDI/control attacks,randomization of acquisition schedule + intelligent measurement spoofing,endpoint-cooperative schedule randomization (misdirection),sw,control-center + substation network model,testbed/simulation,state-estimation accuracy deviation (±2%),data-acquisition latency +<5%,randomizing acquisitions misleads attackers with small overhead,"endpoint-cooperative, alters content (spoofs), not in-network byte-preserving",THE differentiation anchor (advisor's work): randomization/misdirection/grid-content vs our normalization/indistinguishability/device-identity,high
Who's in Control of Your Control System? Device Fingerprinting for Cyber-Physical Systems,"David Formby, Preethi Srinivasan, Andrew M. Leonard, Jonathan D. Rogers, Raheem A. Beyah",2016,NDSS,10.14722/ndss.2016.23142,https://www.ndss-symposium.org/,yes,1,"ICS/SCADA (DNP3, Modbus) devices",Passive on-network fingerprinter (IDS augmentation),Cross-layer response time (CLRT) fingerprinting + physical device fingerprinting,Attack: measures response processing time distributions,sw+testbed,Real ICS relays/PLCs + OpenDNP3,Substation/testbed captures,Accurate device-type fingerprints from low-latency dedicated ICS timing,This IS the attack; also shows crafted response packets can spoof timing,The exact leak we destroy; measured CLRT is our processing-time signal,high,NA,NA
DefRec: Establishing Physical Function Virtualization to Disrupt Reconnaissance of Power Grids' Cyber-Physical Infrastructures,"Hui Lin, Jianhui Zhuang, Yih-Chun Hu, Ravishankar K. Iyer, Zbigniew T. Kalbarczyk",2020,NDSS,10.14722/ndss.2020.24365,https://www.ndss-symposium.org/ndss-paper/defrec-establishing-physical-function-virtualization-to-disrupt-reconnaissance-of-power-grids-cyber-physical-infrastructures/,yes,1,Power-grid CPS network,Reconnaissance adversary building attack knowledge,Physical function virtualization: lightweight virtual decoy nodes following real device behavior,"Deception via virtual nodes, not timing normalization",sw+testbed,Software PFV + power-grid simulation,Power-grid CPS testbed,Delays reconnaissance >100 years with <=20% added virtual nodes,"Deception/decoys, not device-identity timing normalization","Same lab; MTD/deception neighbor, complementary framing",high,NA,NA
DecIED: Scalable k-Anonymous Deception for IEC61850-Compliant Smart Grid Systems,"Dianshi Yang, Daisuke Mashima, Wei Lin, Jianying Zhou",2020,CPSS@AsiaCCS,10.1145/3384941.3409592,https://dl.acm.org/doi/10.1145/3384941.3409592,yes,1,IEC 61850 smart-grid substation IEDs,Reconnaissance attacker scanning substation,k-anonymous decoy IEDs mimicking device+communication models,Mimic device/communication model of real IEDs (k-1 decoys),sw,Single industrial PC hosting 200+ decoys,Substation network emulation,"k-anonymous smokescreen, 200+ decoys per host","k-anonymity via decoys (mimicry), not release-timing normalization of a real device",k-anonymity/anonymity-set concept maps to our normalization framing,high,NA,NA
HoneyPLC: A Next-Generation Honeypot for Industrial Control Systems,"Efren Lopez-Morales, Carlos Rubio-Medrano, Adam Doupe, Yan Shoshitaishvili, Ruoyu Wang, Tiffany Bao, Gail-Joon Ahn",2020,ACM CCS,10.1145/3372297.3423356,https://dl.acm.org/doi/10.1145/3372297.3423356,yes,1,PLC-based ICS,Reconnaissance attacker / scanner,High-interaction honeypot passing as a real PLC to reconnaissance tools,"Deception, device impersonation",sw+testbed,Software honeypot on AWS,Internet-facing deployment,Fingerprinted as real device by recon tools; engaged attackers,"Deception, not a timing-normalization defense for real devices","Conceptually related (device indistinguishability), not timing",med,NA,NA
Exploiting traffic periodicity in industrial control networks,"Rafael Ramos Regis Barbosa, Ramin Sadre, Aiko Pras",2016,International Journal of Critical Infrastructure Protection 13,10.1016/j.ijcip.2016.02.004,https://www.sciencedirect.com/science/article/abs/pii/S1874548216300221,yes,1,Industrial control networks (SCADA),Anomaly/IDS context (attacker uses periodicity),Learn periodic timing/message-repetition models (whitelist),Timing/periodicity modeling of ICS traffic,sw,Real ICS traffic traces,3 real-world industrial traces,Automatically learns periodic traffic models for IDS,"Attacker-side timing model, not a defense; shows ICS timing is highly regular",Establishes that ICS timing is regular/learnable (why our leak is exploitable),high,NA,NA
GTID: A Technique for Physical Device and Device Type Fingerprinting,"Sakthi Vignesh Radhakrishnan, A. Selcuk Uluagac, Raheem Beyah",2015,IEEE Transactions on Dependable and Secure Computing 12(5),10.1109/TDSC.2014.2369033,https://ieeexplore.ieee.org/document/6951398,yes,1,"Networked devices (802.11, wired-side)",Passive/active device fingerprinter,Inter-arrival-time statistics + ANN classification for device/type ID,Attack: inter-arrival-time signatures,sw+testbed,"Testbed + live campus network, 37 devices",Isolated + live network,Accurate device/type fingerprints from inter-arrival timing,"Attack (timing-based device ID), the fingerprint class we defend against",Confirms inter-arrival/timing is a strong device-ID feature,high,NA,NA
TIDF: Timing-Based Device Fingerprinting for PLCs,"L. Xiang, H. Han",2025,"IFIP Int'l Conf. on Network and Parallel Computing (NPC 2025), Springer LNCS",10.1007/978-3-032-10466-3_11,https://link.springer.com/chapter/10.1007/978-3-032-10466-3_11,yes,1,ICS/PLC network traffic,detect unauthorized/spoofed PLC via timing,fingerprint via communication processing time + clock-pulse period (DBSCAN + OCSVM),NA (detection),sw + testbed,"13 real PLCs (Siemens, Xinje)",classification accuracy / robustness to forgery,low overhead (claimed),communication processing time is a discriminative PLC fingerprint; robust to basic forgery,metadata/abstract only; PLC-scope; single testbed,"corroborates that processing-time (our leaked quantity) fingerprints ICS hardware, on real PLCs not just software",med,NA
Passive Fingerprinting of SCADA in Critical Infrastructure Network without Deep Packet Inspection,"Sungho Jeon, Jeong-Han Yun, Seungoh Choi, Woo-Nyon Kim",2016,arXiv preprint (no verified peer-reviewed version),10.48550/arXiv.1608.07679,https://arxiv.org/abs/1608.07679,preprint,1,SCADA field devices/masters,Passive fingerprinter without DPI,"Port/role inference from passive traffic, no DPI",Attack: passive fingerprinting,sw,Real network traffic (6 weeks),Real ICS network,High F-score (~1) device/role inference,"Preprint, not peer-reviewed; abstract-only verification",Passive SCADA fingerprinting w/o DPI motivates our passive-observer model,med,NA,NA
Time Constant: Actuator Fingerprinting using Transient Response of Device and Process in ICS,Chuadhry Mujeeb Ahmed et al.,2024,arXiv preprint (no verified peer-reviewed version),10.48550/arXiv.2409.16536,https://arxiv.org/abs/2409.16536,preprint,1,ICS actuators/physical process,Command-injection/replay attacker,Physical transient-response fingerprint (copy-resistant),Physical-process transient timing,sw+testbed,ICS testbed,Water/process testbed,Copy-resistant actuator fingerprint resisting replay,"Physical-process fingerprint, not network-timing device-identity; only conceptually related","Preprint; conceptually related (physical timing), unsuitable as our target",low,NA,NA
Remote Physical Device Fingerprinting,"Tadayoshi Kohno, Andre Broido, K. C. Claffy",2005,IEEE Transactions on Dependable and Secure Computing 2(2),10.1109/TDSC.2005.26,https://ieeexplore.ieee.org/document/1453519,yes,2,Internet hosts,Remote passive fingerprinter,Clock-skew estimation from TCP timestamps,Attack: exploits clock-skew microdeviations,sw,Real Internet measurement,Cross-Internet,Consistent device fingerprints across hops/locations,Timing/clock-skew fingerprint class; our TCP timestamps expose similar signal,Motivates a timing/clock-skew leak beyond processing time,high,NA,NA
Classifying IoT Devices in Smart Environments Using Network Traffic Characteristics,"Arunan Sivanathan, Hassan Habibi Gharakheili, Franco Loi, Adam Radford, Chamith Wijenayake, Arun Vishwanath, Vijay Sivaraman",2019,IEEE Transactions on Mobile Computing 18(8),10.1109/TMC.2018.2866249,https://ieeexplore.ieee.org/document/8440758,yes,2,IoT devices,Passive traffic classifier,Statistical/ML classification from traffic characteristics incl. timing,Attack: supervised device classification,sw+testbed,28-device smart-environment testbed,Instrumented smart environment,Accurate IoT device classification from traffic features,Attack; the device-fingerprinting task class our defense must break,Sets the supervised-classifier attacker template (T1/A2),high,NA,NA
"Peek-a-Boo, I Still See You: Why Efficient Traffic Analysis Countermeasures Fail","Kevin P. Dyer, Scott E. Coull, Thomas Ristenpart, Thomas Shrimpton",2012,IEEE S&P,10.1109/SP.2012.28,https://ieeexplore.ieee.org/document/6234422,yes,2,Encrypted web traffic (WF),Passive traffic analyst,BuFLO constant-rate fixed-size transmission,Constant-rate + padding,sw,Simulation over WF datasets,WF dataset,Coarse countermeasures fail; BuFLO near-limit at high overhead,Canonical constant-rate defense; unsuitable latency/bandwidth for control,Defines the constant-time endpoint of our design space,high,NA,NA
A Systematic Approach to Developing and Evaluating Website Fingerprinting Defenses,Xiang Cai; Rishab Nithyanand; Tao Wang; Rob Johnson; Ian Goldberg,2014,ACM CCS,10.1145/2660267.2660362,https://dl.acm.org/doi/10.1145/2660267.2660362,yes,2,Tor web traffic,supervised WF classifier (open-world),Tamaraw padding defense,rate/padding shaping,sw,simulation on trace corpora,trace-driven,security/bandwidth trade-off; lower bounds,bandwidth overhead,framework for evaluating WF attacks/defenses + Tamaraw defense,methodology template for defense eval + Pareto/lower-bound framing,high,NA
CS-BuFLO: A Congestion Sensitive Website Fingerprinting Defense,"Xiang Cai, Rishab Nithyanand, Rob Johnson",2014,WPES,10.1145/2665943.2665949,https://dl.acm.org/doi/10.1145/2665943.2665949,yes,2,Tor web traffic (WF),Passive WF attacker,Congestion-sensitive BuFLO (rate adapts to congestion),Constant-rate + congestion adaptation + padding,sw,Simulation over WF datasets,WF dataset,~2.3-2.8x overhead; 6x closer to trade-off bound,Congestion-awareness maps to our RTO constraint; padding-based,"Conceptually related; congestion-adaptive idea reusable, mechanism not",med,NA,NA
Walkie-Talkie: An Efficient Defense Against Passive Website Fingerprinting Attacks,"Tao Wang, Ian Goldberg",2017,USENIX Security,NA,https://www.usenix.org/conference/usenixsecurity17/technical-sessions/presentation/wang-tao,yes,2,Tor web traffic (WF),Passive WF attacker,Half-duplex + burst molding to create collisions (supersequences),"Burst molding, direction control, added padding",sw,Simulation + browser,WF dataset,Provable indistinguishability within collision set at moderate cost,"Anonymity-set/collision idea = our ""make devices alike""; needs endpoint cooperation",Conceptual (collision/anonymity set); not byte-preserving in-network,high,NA,NA
Toward an Efficient Website Fingerprinting Defense,Marc Juarez; Mohsen Imani; Mike Perry; Claudia Díaz; Matthew Wright,2016,ESORICS (LNCS 9878) pp.27-46,10.1007/978-3-319-45744-4_2,https://link.springer.com/chapter/10.1007/978-3-319-45744-4_2,yes,2,Tor web traffic,supervised WF classifier,WTF-PAD adaptive padding,inter-packet timing/padding shaping,sw,trace-driven simulation,trace-driven,"attack accuracy 91%->20%, zero latency, <60% bandwidth",bandwidth overhead,adaptive-padding WF defense with zero added latency,precedent for low/zero-latency shaping defenses; comparator framing,high,NA
Zero-delay Lightweight Defenses against Website Fingerprinting,Jiajun Gong; Tao Wang,2020,USENIX Security pp.717-734,NA,https://www.usenix.org/conference/usenixsecurity20/presentation/gong,yes,2,Tor web traffic,supervised/deep WF classifier,FRONT and GLUE (dummy-packet) defenses,zero-delay padding,sw,trace-driven,trace-driven,zero-latency defenses; robustness vs attacker,bandwidth overhead,evaluates what lightweight defenses survive strong attackers,comparator for low-latency defenses + the survives-strong-attacker mindset,high,NA
RegulaTor: A Straightforward Website Fingerprinting Defense,"James K. Holland, Nicholas Hopper",2022,PoPETs 2022(2),10.2478/popets-2022-0049,https://petsymposium.org/popets/2022/popets-2022-0049.php,yes,2,Tor web traffic (WF),Passive WF attacker,Shape traffic into regular surge patterns,Surge-regularized send schedule + padding,sw,Simulation over WF datasets,WF dataset,Strong defense at moderate overhead,Surge-regularization is a timing-shape idea; mechanism pads,Conceptual (regularize timing shape),med,NA,NA
Surakav: Generating Realistic Traces for a Strong Website Fingerprinting Defense,"Jiajun Gong, Wuqi Zhang, Charles Zhang, Tao Wang",2022,IEEE S&P,10.1109/SP46214.2022.9833722,https://ieeexplore.ieee.org/document/9833722,yes,2,Tor web traffic (WF),Passive WF attacker,GAN-generated reference traces; regulate real traffic to follow them,Follow a generated decoy trace (rate regulation + padding),sw,Simulation + prototype,WF dataset,Strong defense; realistic decoy traces reduce overhead,Direct analog of our V3 decoy-match; reshapes rate/bursts with dummies,"Conceptual (decoy-trace matching), mechanism not byte-preserving",high,NA,NA
Deep Fingerprinting: Undermining Website Fingerprinting Defenses with Deep Learning,"Payap Sirinam, Mohsen Imani, Marc Juarez, Matthew Wright",2018,ACM CCS,10.1145/3243734.3243768,https://dl.acm.org/doi/10.1145/3243734.3243768,yes,2,Tor web traffic (WF),Deep-learning passive attacker,CNN WF attack (breaks WTF-PAD),"Attack, not defense",sw,Simulation over WF datasets,WF dataset,>98% no-defense; >90% vs WTF-PAD,Defines the deep-classifier (A3) attacker bar for our evaluation,Sets adversary strength; motivates provable normalization over heuristic padding,high,NA,NA
k-fingerprinting: A Robust Scalable Website Fingerprinting Technique,"Jamie Hayes, George Danezis",2016,USENIX Security,NA,https://www.usenix.org/conference/usenixsecurity16/technical-sessions/presentation/hayes,yes,2,Tor / hidden-service traffic (WF),Passive WF attacker,Random-forest attack with feature importance,"Attack, not defense",sw,Simulation over WF datasets,WF dataset,Robust scalable WF; identifies key features,Supervised RF baseline (A2) and feature-importance methodology,Reusable attacker baseline for our evaluation,high,NA,NA
Tik-Tok: The Utility of Packet Timing in Website Fingerprinting Attacks,"Mohammad Saidur Rahman, Payap Sirinam, Nate Mathews, Kantha Girish Gangadhara, Matthew Wright",2020,PoPETs 2020(3),10.2478/popets-2020-0043,https://petsymposium.org/popets/2020/popets-2020-0043.php,yes,2,Tor web traffic (WF),Deep-learning passive attacker,"Timing-based features (bursts, raw/directional timing) in DL WF","Attack, not defense",sw,Simulation over WF datasets; GitHub artifacts,WF dataset,Packet timing materially improves WF accuracy,Proves timing (not just size) leaks; motivates timing normalization,Directly motivates the timing axis; artifacts available,high,NA,NA
Timing Analysis in Low-Latency Mix Networks: Attacks and Defenses,"Vitaly Shmatikov, Ming-Hsiu Wang",2006,ESORICS (LNCS 4189),10.1007/11863908_2,https://link.springer.com/chapter/10.1007/11863908_2,yes,2,Low-latency mix / anonymity,Passive timing correlator,Adaptive padding: statistically fill inter-packet gaps under a delay budget,Adaptive padding (bounded delay + dummies),sw+sim,Simulation,Mix-network simulation,Adaptive padding reduces timing-correlation success,"Origin of adaptive padding; conceptual ancestor, adds packets",Conceptual (fill timing distribution under budget),high,NA,NA
Dependent link padding algorithms for low latency anonymity systems,"Wei Wang, Mehul Motani, Vikram Srinivasan",2008,ACM CCS,10.1145/1455770.1455812,https://dl.acm.org/doi/10.1145/1455770.1455812,yes,2,Low-latency anonymity systems,Passive traffic analyst,Dependent link padding with strict delay bound; indistinguishable flows,Bounded-delay release + cover traffic,sw+sim,Analysis + simulation,Anonymity-network model,O(log m) covering rate for full anonymity of m Poisson users,Bounded-delay-with-indistinguishability = our RTO-bounded normalization framing,Conceptual+metric (strict delay bound with indistinguishability),high,NA,NA
The Loopix Anonymity System,"Ania M. Piotrowska, Jamie Hayes, Tariq Elahi, Sebastian Meiser, George Danezis",2017,USENIX Security,NA,https://www.usenix.org/conference/usenixsecurity17/technical-sessions/presentation/piotrowska,yes,2,Anonymous messaging,Global passive (+active) adversary,Poisson mixing: independent exponential per-message delay + cover loops,Randomized per-message release (exponential) + cover traffic,sw+testbed,Prototype network of mix nodes,Deployed prototype,"300+ msg/s, <1.5ms mixing overhead, second-scale latency",Canonical randomized-release scheduler; second-scale latency unsuitable for control,Conceptual (release-time as privacy lever); shows randomized delay is averageable-adjacent,high,NA,NA
Stop-and-Go-MIXes Providing Probabilistic Anonymity in an Open System,"Dogan Kesdogan, Jan Egner, Roland Buschkes",1998,Information Hiding (LNCS 1525),10.1007/3-540-49380-8_7,https://link.springer.com/chapter/10.1007/3-540-49380-8_7,yes,2,Mix networks,Passive global adversary,Per-message individual delay from a distribution within a time window,Randomized per-message release schedule,sw,Analysis,NA,Probabilistic anonymity via per-message delay windows,Earliest per-message randomized-release scheduler,Conceptual ancestor of randomized normalization,med,NA,NA
Timing Attacks in Low-Latency Mix Systems,"Brian N. Levine, Michael K. Reiter, Chenxi Wang, Matthew Wright",2004,Financial Cryptography (LNCS 3110),10.1007/978-3-540-27809-2_25,https://link.springer.com/chapter/10.1007/978-3-540-27809-2_25,yes,2,Low-latency mix systems,Passive timing correlator,Defensive dropping against timing correlation,Bounded countermeasure + drops,sw+sim,Simulation,Mix simulation,Defensive dropping limits timing-correlation attacks,Shows i.i.d.-style timing countermeasures limited vs many-sample correlator,Supports RQ4 averageability argument,high,NA,NA
Predictive black-box mitigation of timing channels,"Aslan Askarov, Danfeng Zhang, Andrew C. Myers",2010,ACM CCS,10.1145/1866307.1866341,https://dl.acm.org/doi/10.1145/1866307.1866341,yes,2,General timing channels,Recipient observing output timing,Delay outputs to a predicted schedule; bound timing leakage,Scheduled release (predict-then-enforce),sw,Prototype,NA,Bounded leakage; grows slowly (log) with run time,"Formal backbone of release=max(ready,deadline) with provable bound",Directly reusable defense framework,high,NA,NA
Predictive mitigation of timing channels in interactive systems,"Danfeng Zhang, Aslan Askarov, Andrew C. Myers",2011,ACM CCS,10.1145/2046707.2046772,https://dl.acm.org/doi/10.1145/2046707.2046772,yes,2,Interactive multi-client systems,Clients observing response timing,Generalized predictive mitigation to request/response systems,Scheduled response release,sw,Prototype,NA,Bounds timing leakage across multiple clients,Extends predictive mitigation to request/response (our exact shape),Directly reusable,high,NA,NA
A Provably Secure and Efficient Countermeasure against Timing Attacks,"Boris Kopf, Markus Durmuth",2009,IEEE CSF,10.1109/CSF.2009.21,https://ieeexplore.ieee.org/document/5230634,yes,2,Crypto timing side channels,Unknown-message timing attacker,Bucketing: quantize response time into k buckets; tunable leakage bound,Bucketed (quantized) release deadlines,sw,Analysis + implementation,NA,Leakage <=,O,log(n+1) bits; tunable trade-off,Bucketing = low-overhead instantiation of our size-decorrelation V4,Directly reusable mechanism,high
Reducing Timing Channels with Fuzzy Time,Wei-Ming Hu,1991,IEEE S&P,10.1109/RISP.1991.130768,https://ieeexplore.ieee.org/document/130768,yes,2,Covert timing channels (VAX VMM),Colluding processes,Add noise to clocks/event timing (fuzzy time),Randomized timing perturbation,sw,VMM implementation,Secure VMM,Reduces covert timing channel bandwidth,Foundational jitter approach; the randomization baseline averaging defeats,Supports RQ4 (jitter is averageable),high,NA,NA
"A pump for rapid, reliable, secure communication","Myong H. Kang, Ira S. Moskowitz",1993,ACM CCS,10.1145/168588.168604,https://dl.acm.org/doi/10.1145/168588.168604,yes,2,MLS communication (ACK timing channel),Colluding low/high processes,Buffer + release ACKs on moving-average of service times (decouple ACK timing),ACK-release smoothing (moving average),sw,Prototype (NRL Pump),NA,Bounds the ACK-timing covert channel low<->high,Closest prior mechanism manipulating ACK timing to bound a leak,Strong precedent for smoothed ACK release; different threat,high,NA,NA
A Network Pump,"Myong H. Kang, Ira S. Moskowitz, Daniel C. Lee",1996,IEEE Transactions on Software Engineering 22(5),10.1109/32.502225,https://ieeexplore.ieee.org/document/502225,yes,2,MLS networks (ACK timing),Colluding processes + DoS,Network-scale Pump balancing covert channel vs congestion/fairness,Buffered ACK-release scheduling,sw,Prototype architecture,NA,Extends Pump to networks; bounds covert channel,Networked ACK-timing mitigation; congestion/fairness trade-off like our RTO budget,Precedent for network ACK-timing normalization,high,NA,NA
An information-theoretic and game-theoretic study of timing channels,"James Giles, Bruce Hajek",2002,IEEE Transactions on Information Theory 48(9),10.1109/TIT.2002.801405,https://ieeexplore.ieee.org/document/1027777,yes,2,Abstract timing channels,Jammer/defender (delay budget),Delay-jammer under max/avg-delay or buffer constraint; capacity min-max,Bounded-delay jamming (theory),theory,Analysis,NA,Characterizes timing-channel capacity under delay budgets,Quantifies leakage surviving a delay/normalization budget (RQ4 theory),Directly reusable theoretical framework,high,NA,NA
Opportunities and Limits of Remote Timing Attacks,"Scott A. Crosby, Dan S. Wallach, Rudolf H. Riedi",2009,ACM Transactions on Information and System Security 12(3),10.1145/1455526.1455530,https://dl.acm.org/doi/10.1145/1455526.1455530,yes,2,Remote timing side channels,Remote passive timing attacker,Attack analysis: filtering network jitter by many-sample statistics,Attack (defeats jitter by averaging),sw,Real network measurement,LAN/WAN,Extracts fine timing despite network jitter with enough samples,Direct evidence that additive jitter is averageable (RQ4),Core support for normalization > jitter,high,NA,NA
Remote timing attacks are practical,"David Brumley, Dan Boneh",2005,Computer Networks 48(5) (also USENIX Security 2003),10.1016/j.comnet.2005.01.010,https://www.usenix.org/conference/12th-usenix-security-symposium/remote-timing-attacks-are-practical,yes,2,Remote crypto timing side channel,Remote passive attacker,Attack: extract RSA key via response-time timing,Attack (averages many timed queries),sw,Real server measurement,LAN,Extracts private key over the network via timing,Practical proof remote timing attacks average out noise,Supports RQ4 averageability,high,NA,NA
ditto: WAN Traffic Obfuscation at Line Rate,"Roland Meier, Vincent Lenders, Laurent Vanbever",2022,NDSS,10.14722/ndss.2022.24326,https://www.ndss-symposium.org/ndss-paper/ditto-wan-traffic-obfuscation-at-line-rate/,yes,2,WAN encrypted traffic,Passive traffic analyst,Pad packets + inject chaff so obfuscated traffic independent of production,Constant-rate padding + chaff at line rate,hw,"Intel Tofino programmable switch (P4, SDE 8.9)","Testbed, 100 Gbps",Runs at 100 Gbps line rate; negligible overhead to 70 Gbps,Closest platform/systems neighbor (Tofino in-network); NOT byte-preserving,Systems baseline; our byte-preserving/OT-specialized angle differentiates,high,NA,NA
Pacer: Comprehensive Network Side-Channel Mitigation in the Cloud,"Aastha Mehta, Mohamed Alzayat, Roberta De Viti, Bjorn B. Brandenburg, Peter Druschel, Deepak Garg",2022,USENIX Security,NA,https://www.usenix.org/conference/usenixsecurity22/presentation/mehta,yes,2,Cloud tenant network traffic,Colocated tenant / passive observer,Shape guest traffic outside guest so shape is secret-independent,Deterministic traffic shaping (paced release + padding),sw,Hypervisor + guest-kernel extension,IaaS cloud testbed,Eliminates network side channel end-to-end; respects flow/congestion control,"""Shape independent of secret"" = our exact goal; hypervisor padding, heavy",Conceptual+metric framing (secret-independent shape),high,NA,NA
NetShaper: A Differentially Private Network Side-Channel Mitigation System,"Amir Sabzi, Rut Vora, Swati Goswami, Margo I. Seltzer, Mathias Lecuyer, Aastha Mehta",2024,USENIX Security,NA,https://www.usenix.org/conference/usenixsecurity24/presentation/sabzi,yes,2,"Network traffic (web, video)",Passive size/timing side-channel observer,Differentially private traffic shaping in a middlebox tunnel,DP-bounded padded release schedule,sw,Middlebox tunnel endpoints,"Testbed (video stream, web)",DP guarantee with tunable privacy/bandwidth/latency trade-off,DP formalization + privacy-vs-overhead trade-off reusable for our Pareto,Directly reusable evaluation framing; mechanism pads,high,NA,NA
Random Segmentation: New Traffic Obfuscation against Packet-Size-Based Side-Channel Attacks,"Mnassar Alyami, Abdulmajeed Alghamdi, Mohammed Alkhowaiter, Cliff Zou, Yan Solihin",2023,MDPI Electronics 12(18),10.3390/electronics12183816,https://www.mdpi.com/2079-9292/12/18/3816,yes,2,Encrypted TCP traffic,Passive packet-size analyst,Split large TCP segments into random-sized chunks (no dummy bytes),Byte-preserving random segmentation (size axis),sw,Software implementation,Testbed,Obfuscates packet-length distribution without added bytes,Very close to our CRC-boundary splitting (byte-preserving segmentation),Direct comparison for the split primitive; size not timing,high,NA,NA
RFC 6298 Computing TCP's Retransmission Timer,"V. Paxson, M. Allman, H.K.J. Chu, M. Sargent",2011,"IETF RFC (Standards Track, obsoletes RFC 2988)",10.17487/RFC6298,https://www.rfc-editor.org/rfc/rfc6298,no,4,TCP,NA,NA,RTO estimator (Jacobson/Karels),NA,NA,NA,NA,NA,Defines SRTT/RTTVAR/RTO with alpha=1/8 beta=1/4 K=4; min-RTO SHOULD round up to 1s; backoff RTO*2 on expiry; Karn's algo,Recommends 1s min RTO which Linux overrides to 200ms; standard not empirical,The normative source for the master's retransmit-timer budget that bounds our hold,high
RFC 1122 Requirements for Internet Hosts -- Communication Layers,R. Braden (Ed.),1989,"IETF RFC (Standards Track, STD 3)",10.17487/RFC1122,https://www.rfc-editor.org/rfc/rfc1122,no,4,TCP,NA,NA,delayed ACK,NA,NA,NA,NA,NA,Delayed-ACK max 0.5s; ACK at least every 2nd full-sized segment; immediate ACK on out-of-order,Ceiling only; OS timers are tighter,Bounds the piggyback window that makes response-time the same observable as ACK-time,high
RFC 5681 TCP Congestion Control,"M. Allman, V. Paxson, E. Blanton",2009,"IETF RFC (Standards Track, obsoletes RFC 2581)",10.17487/RFC5681,https://www.rfc-editor.org/rfc/rfc5681,no,4,TCP,NA,NA,fast retransmit/recovery; delayed ACK,NA,NA,NA,NA,NA,3 duplicate ACKs (dupthresh) trigger fast retransmit; immediate dup-ACK on out-of-order; ACK within 500ms,"Standard, not measurement",Defines the reordering->fast-retransmit failure mode we must avoid via FIFO,high
RFC 9293 Transmission Control Protocol (TCP),W. Eddy (Ed.),2022,"IETF RFC (Internet Standard STD 7, obsoletes RFC 793 et al.)",10.17487/RFC9293,https://www.rfc-editor.org/rfc/rfc9293,no,4,TCP,NA,NA,RTO (per RFC 6298); cumulative ACK/piggyback,NA,NA,NA,NA,NA,All established-state segments carry ACK info (piggyback); RTO MUST follow RFC 6298 incl. Karn,Consolidated spec; defers timer detail to RFC 6298,Establishes that ACK and response are one wire event (piggyback),high
RFC 7323 TCP Extensions for High Performance,"D. Borman, B. Braden, V. Jacobson, R. Scheffenegger (Ed.)",2014,"IETF RFC (Standards Track, obsoletes RFC 1323)",10.17487/RFC7323,https://www.rfc-editor.org/rfc/rfc7323,no,4,TCP,NA,NA,Timestamps option / RTTM,NA,NA,NA,NA,NA,Timestamps measure RTT on virtually every segment via TSval/TSecr; must be sent every non-RST segment once negotiated,More RTT samples have limited effect on RTO (cites Allman99),Explains the observed NOP-NOP-Timestamp sig and why the RTO estimator is well-converged (clamps to floor),high
RFC 3449 TCP Performance Implications of Network Path Asymmetry,"H. Balakrishnan, V.N. Padmanabhan, G. Fairhurst, M. Sooriyabandara",2002,IETF RFC (BCP 69),10.17487/RFC3449,https://www.rfc-editor.org/rfc/rfc3449,no,4,TCP (asymmetric paths),NA,ACK congestion control / ACK filtering / decimation,ACK thinning,NA,NA,NA,NA,NA,"Reducing ACK frequency causes sender bursting, slower cwnd growth (ACK-counted), weakened fast recovery; defines ACK compression","Targets bandwidth-asymmetric WAN, not LAN OT",Grounds the queue-buildup/cwnd side effects of delaying ACK-bearing segments,high
Congestion avoidance and control,V. Jacobson,1988,ACM SIGCOMM '88,10.1145/52324.52356,https://doi.org/10.1145/52324.52356,yes,2,TCP,NA,NA,RTT-variance-based RTO estimation,NA,software,NA,NA,NA,NA,Introduced the mean+variance RTT estimator and exponential backoff that RFC 6298 standardizes,1988 Internet conditions; superseded in detail by RFC 6298,Seminal origin of the RTO math that sets our delay ceiling
Understanding the performance of TCP pacing,"A. Aggarwal, S. Savage, T. Anderson",2000,IEEE INFOCOM 2000,10.1109/INFCOM.2000.832483,https://doi.org/10.1109/INFCOM.2000.832483,yes,2,TCP,NA,traffic pacing,pacing (spread segments over RTT),software,NA,simulation,NA,throughput/latency,Pacing smooths bursts and can help or hurt throughput vs bursty TCP depending on regime,Simulation-based; bulk-flow focus not OT-rate,Technique reference for principled paced release; caution that pacing has regime-dependent effects,med
Observations on the dynamics of a congestion control algorithm: the effects of two-way traffic,"L. Zhang, S. Shenker, D.D. Clark",1991,ACM SIGCOMM '91,10.1145/115992.116006,https://doi.org/10.1145/115992.116006,yes,3,TCP,NA,NA,NA (characterization),NA,simulation,NA,simulation,NA,NA,"Characterizes ACK compression: ACKs queued behind data bursts compress in time, causing data micro-bursts",Simulation; early-90s TCP,Explains the micro-burst-on-release risk when we hold then emit ACK-bearing frames
Carousel: Scalable Traffic Shaping at End Hosts,"Ahmed Saeed, Nandita Dukkipati, Vytautas Valancius, Vinh The Lam, Carlo Contavalli, Amin Vahdat",2017,ACM SIGCOMM,10.1145/3098822.3098852,https://dl.acm.org/doi/10.1145/3098822.3098852,yes,3,data-center end-host traffic (rate limiting/pacing),"NA (performance, not privacy)",single-queue timing-wheel shaper with deferred completions,packet pacing / timed release,sw,"Linux end host (software, HW-timestamp optional)",testbed (Google),NA,CPU/scalability to millions of flows,timing wheel enables scalable timed release at line rate with one queue and backpressure,"not a privacy defense; DC-scale, far above our rate",canonical O(1) timed-release structure; we are ~1e7x below its scale so a single timer/heap suffices (cited to reject),high
Linux kernel include/net/tcp.h (RTO/DELACK constants),Linux kernel contributors,2026,Linux kernel source (mainline),NA,https://git.kernel.org/pub/scm/linux/kernel/git/torvalds/linux.git/tree/include/net/tcp.h,no,4,TCP,NA,NA,RTO/delayed-ACK timer floors,NA,software,Linux stack,NA,NA,NA,TCP_RTO_MIN=HZ/5=200ms; TCP_RTO_MAX=120s; TCP_TIMEOUT_INIT=1s; TCP_DELACK_MAX=HZ/5=200ms; TCP_DELACK_MIN=40ms,HZ-dependent; per-route rto_min can override,The operative 200ms floor that binds our hold budget on this rig
"Linux kernel ip-sysctl documentation (tcp_retries2, thin streams)",Linux kernel contributors,2026,Linux kernel Documentation/networking/ip-sysctl,NA,https://www.kernel.org/doc/Documentation/networking/ip-sysctl.txt,no,4,TCP,NA,NA,retransmit retry limits; thin-stream timeouts,NA,software,Linux stack,NA,NA,NA,tcp_retries2 default 15 => ~924.6s to kill a live connection; tcp_thin_linear_timeouts for <4 pkts in flight,Documentation; version-dependent,Bounds the escalation horizon after RTO and notes thin-stream (DNP3-like) handling
Linux ip-route(8) manual (rto_min route option),iproute2 / man-pages contributors,2024,Linux man-pages (man7.org),NA,https://man7.org/linux/man-pages/man8/ip-route.8.html,no,4,TCP,NA,NA,per-route RTO floor tuning,NA,software,Linux stack,NA,NA,NA,rto_min sets the minimum TCP RTO per destination route (settable in ms via ip route),Man-page; behavior version-dependent,The exact knob to check on Vision to confirm the effective RTO floor is not tuned below 200ms
Adapting Bro into SCADA: Building a Specification-based Intrusion Detection System for the DNP3 Protocol,"Hui Lin, Adam Slagell, Catello Di Martino, Zbigniew Kalbarczyk, Ravishankar K. Iyer",2013,"8th Annual Cyber Security and Information Intelligence Research Workshop (CSIIRW '13), ACM",NA,https://www.semanticscholar.org/paper/03fb870d3a721719d7a8f3b664ac05ca3e9568c0,yes,2,DNP3 SCADA traffic,malformed/semantically-invalid DNP3 (correctness IDS),specification-based DNP3 parser + protocol-validation policy in Bro/Zeek,NA (detection),sw + testbed,DNP3 network traces,detection of spec violations,NA,a spec/correctness IDS validates DNP3 semantics and CRCs and sees a well-formed session,correctness-focused; not a timing-side-channel detector,evidence a Zeek dnp3 correctness IDS is blind to byte-preserving timing-only shaping but flags malformed frames / TCP anomalies,high,NA
Difficulties in Modeling SCADA Traffic: A Comparative Analysis,"Rafael Ramos Regis Barbosa, Ramin Sadre, Aiko Pras",2012,"Passive and Active Measurement (PAM 2012), Springer LNCS 7192, pp. 126-135",10.1007/978-3-642-28537-0_13,https://link.springer.com/chapter/10.1007/978-3-642-28537-0_13,yes,2,SCADA network traffic,NA (measurement study),NA,NA,measurement,real SCADA network traces,traffic-model fit,NA,"SCADA traffic is dominated by periodic polling, lacks diurnal/self-similar structure; differs from IT traffic",descriptive; specific sites,"supports that supervisory polling is periodic/predictable, so a bounded fixed pad is tolerable and timing is a stable observable",med,NA
IEEE Standard for Electric Power Systems Communications-Distributed Network Protocol (DNP3),IEEE Power and Energy Society,2012,IEEE Std 1815-2012,10.1109/IEEESTD.2012.6327578,https://ieeexplore.ieee.org/document/6327578,yes,4,DNP3,NA (standard),"NA (defines function codes, SBO, app confirm, timers)",NA,standard,NA,NA,NA,"defines SELECT/OPERATE (SBO), application CONFIRM, function codes; no minimum-latency/real-time requirement",not read in full this session (metadata + secondary sources); function-code hex values are frozen standard facts,"authoritative source for SBO semantics, app-confirm handshake, and the no-min-latency scoping",high,NA
Communication networks and systems for power utility automation - Part 5: Communication requirements for functions and device models,IEC,2013,IEC 61850-5:2013,NA,https://webstore.iec.ch/publication/6012,yes,4,IEC 61850 substation automation,NA (standard),NA (defines message performance classes),NA,standard,NA,NA,NA,"protection trip messages fall in fast performance classes (P2/P3, ~quarter-cycle / ~3 ms); protection is not DNP3-carried","not read this session; 3 ms figure is from secondary literature, not the standard text","scopes protection out of the DNP3 timing budget (sub-cycle, GOOSE/hardwired, not DNP3)",med,NA
Eiffel: Efficient and Flexible Software Packet Scheduling,"Ahmed Saeed, Yimeng Zhao, Nandita Dukkipati, Ellen W. Zegura, Mostafa H. Ammar, Khaled Harras, Amin Vahdat",2019,USENIX NSDI (pp. 17-32),NA,https://www.usenix.org/conference/nsdi19/presentation/saeed,yes,3,software packet scheduling (general),NA,programmable integer priority queue (FFS-based) + approximate timing wheels,rank-based / timed release,sw,Linux userspace and kernel,testbed,NA,"CPU per packet, ops/sec",efficient near-O(1) programmable software packet scheduler at high rates,not privacy; complexity unjustified at low rate,reference for software scheduler data structures; confirms heap/wheel scale far beyond our need,high
Hashed and Hierarchical Timing Wheels: Efficient Data Structures for Implementing a Timer Facility,"George Varghese, Anthony Lauck",1997,IEEE/ACM Transactions on Networking,10.1109/90.650142,https://doi.org/10.1109/90.650142,yes,3,OS/protocol timer management,NA,hashed/hierarchical timing-wheel timer structures,timer scheduling,sw,general,NA,NA,O(1) amortized timer start/stop vs O(log n) heap,O(1) advantage only material at large n,"grounds the ""timing wheel is O(1) but overkill at concurrency<1"" argument",high,NA
Calendar Queues: A Fast O(1) Priority Queue Implementation for the Simulation Event Set Problem,Randy Brown,1988,Communications of the ACM (31(10)),10.1145/63039.63045,https://doi.org/10.1145/63039.63045,yes,3,discrete-event simulation event set,NA,calendar-queue O(1) bucketed priority queue,event scheduling,sw,general,NA,NA,O(1) enqueue/dequeue for large future-event sets,performance sensitive to bucket sizing / skew,"alternative to timing wheel for timed release; same ""unneeded at our scale"" verdict",high,NA
tc-netem(8) Linux manual page (Network Emulator qdisc),Linux man-pages project,2024,Linux manual (man7.org),NA,https://man7.org/linux/man-pages/man8/tc-netem.8.html,no,3,any egress IP traffic,NA,netem qdisc: fixed delay + jitter + correlation + distribution (uniform/normal/pareto/paretonormal),"fixed/jitter delay, distribution",sw,Linux tc/qdisc (egress),NA,NA,per-packet kernel overhead,kernel can add distributional delay per packet on egress,blind per-interface/class delay; no per-transaction policy; can reorder with rate,"candidate for RTO/latency EMULATION and a future in-path middlebox, not the policy engine",high
tc-etf(8) Linux manual page (Earliest TxTime First qdisc; SO_TXTIME/EDT),Linux man-pages project,2024,Linux manual (man7.org),NA,https://man7.org/linux/man-pages/man8/tc-etf.8.html,no,3,any egress IP traffic,NA,"ETF qdisc: per-packet earliest-txtime release via SO_TXTIME/SCM_TXTIME, rb-tree ordered, delta wake-up, optional NIC launch-time offload",per-packet absolute-deadline release,sw+hw,Linux qdisc + optional NIC launch-time offload,NA,NA,rb-tree O(log n); configurable wake-up delta,kernel/NIC can release each packet at a programmed absolute time,requires being the skb sender (forwarder/proxy); no DNP3 policy layer,the right kernel primitive for per-packet timed release IF an in-path forwarder is built,high
clock_nanosleep(2) Linux manual page,Linux man-pages project,2024,Linux manual (man7.org),NA,https://man7.org/linux/man-pages/man2/clock_nanosleep.2.html,no,3,OS timing,NA,"absolute-deadline sleep (TIMER_ABSTIME, CLOCK_MONOTONIC)",absolute-deadline hold,sw,Linux / CPython,NA,NA,one syscall per hold,TIMER_ABSTIME avoids re-arm/drift; wakeup may be late due to scheduling/rounding,our per-response hold uses exactly this; grounds the drift-free precision claim,high,NA
Python Standard Library: time module,Python Software Foundation,2024,Python documentation,NA,https://docs.python.org/3/library/time.html,no,3,userspace scheduling,NA,time.sleep via clock_nanosleep/nanosleep since 3.11; CLOCK_MONOTONIC,sleep-based hold,sw,CPython 3.11+,NA,NA,1 ns nominal resolution (not achievable jitter),time.sleep uses clock_nanosleep on Unix since 3.11,actual jitter bounded by scheduler not the 1 ns nominal; justifies CPython adequacy for ms holds,high,NA
Python Standard Library: asyncio Event Loop,Python Software Foundation,2024,Python documentation,NA,https://docs.python.org/3/library/asyncio-eventloop.html,no,3,userspace event scheduling,NA,loop.call_at absolute-deadline scheduling on monotonic loop.time(); single-thread callbacks,event-driven absolute-deadline release,sw,CPython asyncio,NA,NA,single-thread; may fire up to one clock-resolution early,call_at schedules at absolute monotonic timestamp; no thread-per-packet,the recommended async scaling path for the scheduler,high,NA
AF_XDP - The Linux Kernel Documentation,Linux Kernel Documentation,2024,kernel.org documentation,NA,https://www.kernel.org/doc/html/latest/networking/af_xdp.html,no,3,high-rate packet I/O,NA,XDP redirects INGRESS frames; AF_XDP zero-copy RX/TX rings,NA (no timer primitive),sw+hw,Linux XDP / AF_XDP,NA,NA,"zero-copy, per-pps",XDP is an RX/ingress hook with no native timed-egress/sleep primitive,cannot delay packets in XDP; timed release would need userspace timing on an AF_XDP queue,"grounds the ""XDP unsuitable for timed release"" negative result",high
NetWarden: Mitigating Network Covert Channels while Preserving Performance,"Jiarong Xing, Qiao Kang, Ang Chen",2020,USENIX Security Symposium,NA,https://www.usenix.org/conference/usenixsecurity20/presentation/xing,yes,2,general TCP/covert channels,active/passive covert-channel sender-receiver,in-network detect+normalize inter-packet-delay & storage channels,"IPD normalization (shape distribution) at line rate, switch fastpath + SW slowpath",hw+sw,Barefoot Tofino + host software,switch ASIC,covert-channel bit-rate / detection,TCP throughput preserved,line-rate covert-timing-channel mitigation on a programmable switch without perf loss,"shapes ongoing IPD, not a single absolute first-packet deadline; not DNP3",closest published precedent for in-network packet-timing normalization on our target class,high
NetWarden: Mitigating Network Covert Channels without Performance Loss,"Jiarong Xing, Adam Morrison, Ang Chen",2019,USENIX HotCloud Workshop,NA,https://www.usenix.org/conference/hotcloud19/presentation/xing,yes,2,general TCP/covert channels,covert-channel sender-receiver,programmable-data-plane covert-channel mitigation,timing+storage channel mitigation,hw+sw,programmable switch,switch ASIC,covert-channel mitigation,perf preserved,early/position version of NetWarden,workshop scope,shows the in-network timing-manipulation line of work,high
Nimble: Scalable TCP-Friendly Programmable In-Network Rate-Limiting,"Vineeth Sagar Thapeta, Komal Shinde, Mojtaba Malekpourshahraki, Darius Grassi, Balajee Vamanan, Brent E. Stephens",2021,ACM SOSR,10.1145/3482898.3483361,https://conferences.sigcomm.org/sosr/2021/papers/s13.pdf,yes,3,TCP / datacenter,"NA (rate-limiting, not adversarial)",in-network rate-limiting via meters,"rate/pacing via meters + ECN-shaping, no queuing/recirc",hw,Barefoot Tofino 100G,switch ASIC,TCP-friendliness / utilization,"100k rate-limiters, no recirc",line-rate pacing on Tofino without dedicated queuing or recirculation,"rate control only, not absolute per-packet delay",grounds mechanism-1 (pacing native/cheap on Tofino via meters),high
SP-PIFO: Approximating Push-In First-Out Behaviors using Strict-Priority Queues,"Albert Gran Alcoz, Alexander Dietmüller, Laurent Vanbever",2020,USENIX NSDI,NA,https://www.usenix.org/conference/nsdi20/presentation/alcoz,yes,3,general,NA,programmable scheduling on commodity queues,rank/deadline-ordered release approximated on strict-priority queues,hw,Barefoot Tofino,switch ASIC,scheduling fidelity,runs on real HW,PIFO-like programmable scheduling on existing Tofino strict-priority queues,approximation; scheduling order not absolute delay,shows deadline-ordered scheduling is feasible on Tofino queues,high
Programmable Packet Scheduling at Line Rate,"Anirudh Sivaraman, Suvinay Subramanian, Mohammad Alizadeh, Sharad Chole, Shang-Tse Chuang, Anurag Agrawal, Hari Balakrishnan, Tom Edsall, Sachin Katti, Nick McKeown",2016,ACM SIGCOMM,10.1145/2934872.2934899,https://doi.org/10.1145/2934872.2934899,yes,3,general,NA,PIFO programmable scheduler primitive,priority/deadline-ordered enqueue at line rate,hw,switch ASIC (design),ASIC design/eval,scheduling expressiveness,~4% area,single hardware primitive for programmable line-rate scheduling,"scheduling order, not wall-clock hold",foundational for deadline-ordered release feasibility,high
"Fast, Scalable, and Programmable Packet Scheduler in Hardware",Vishal Shrivastav,2019,ACM SIGCOMM,10.1145/3341302.3342090,https://doi.org/10.1145/3341302.3342090,yes,3,general,NA,PIEO predicate-based scheduler,dequeue by predicate from arbitrary list position,hw,FPGA prototype,FPGA,scalability/expressiveness,>30x vs PIFO,"generalizes PIFO to predicate-based dequeue, more scalable","scheduling, not absolute delay",supports deadline-indexed release primitives,high
Approximating Fair Queueing on Reconfigurable Switches,"Naveen Kr. Sharma, Ming Liu, Kishore Atreya, Arvind Krishnamurthy",2018,USENIX NSDI,NA,https://www.usenix.org/conference/nsdi18/presentation/sharma,yes,3,datacenter,NA,approximate fair queueing in-switch,per-packet rank + rotating strict-priority queues,hw,reconfigurable/PISA switch,switch ASIC,fairness,line rate,fair-queueing approximated at line rate on programmable switches,"scheduling discipline, not per-flow absolute delay",grounds per-flow scheduling feasibility (mechanism 4),high
Forwarding Metamorphosis: Fast Programmable Match-Action Processing in Hardware for SDN,"Pat Bosshart, Glen Gibb, Hun-Seok Kim, George Varghese, Nick McKeown, Martin Izzard, Fernando Mujica, Mark Horowitz",2013,ACM SIGCOMM,10.1145/2486001.2486011,https://doi.org/10.1145/2486001.2486011,yes,4,general,NA,RMT programmable match-action architecture,NA (architecture),hw,RMT ASIC (design),ASIC design,feasibility/cost,terabit line rate,protocol-independent programmable switch ASIC is feasible at terabit rates,"foundation, not a timing mechanism",the PISA/Tofino architecture our analysis assumes,high
Accelerated Service Chaining on a Single Switch ASIC,Dingming Wu et al. (full author list not verified this session),2019,ACM HotNets,10.1145/3365609.3365849,https://doi.org/10.1145/3365609.3365849,yes,3,general,NA,on-chip recirculation for multi-pass processing,NA,hw,Barefoot Tofino,switch ASIC,throughput,"on-chip recirc ~1.6 Tbps, 2x vs off-chip",quantifies on-chip recirculation capacity/cost on Tofino,not a timing/delay system,grounds the recirc-bandwidth budget for the recirc-hold (mechanism 3),high
Precise Time-synchronization in the Data-Plane using Programmable Switching ASICs (DPTP),"Pravein Govindan Kannan, Raj Joshi, Mun Choon Chan",2019,ACM SOSR,NA,https://praveingk.github.io/papers/DPTP_SOSR19.pdf,yes,3,general,NA,in-dataplane time synchronization,NA,hw,Barefoot Tofino,switch ASIC,sync error,19 ns median / 47 ns p99,ns-precision timekeeping fully in the Tofino data plane,"provides time, not delay",grounds that Tofino can OBSERVE time at ns precision (timestamps),high
NetVRM: Virtual Register Memory for Programmable Networks,"Hang Zhu, Tao Wang, Yi Hong, Dan R. K. Ports, Anirudh Sivaraman, Xin Jin",2022,USENIX NSDI,NA,https://www.usenix.org/conference/nsdi22/presentation/zhu,yes,3,general,NA,dynamic register-memory sharing,NA,hw,commodity programmable switch,switch ASIC,memory satisfaction ratio,1.6-2.2x,register memory is scarce and statically partitioned across stages,not a timing mechanism,grounds the per-flow-state ceiling for mechanism 4,high
TEA: Enabling State-Intensive Network Functions on Programmable Switches,"Daehyeok Kim, Zaoxing Liu, Yibo Zhu, Changhoon Kim, Jeongkeun Lee, Vyas Sekar, Srinivasan Seshan",2020,ACM SIGCOMM,10.1145/3387514.3405855,https://doi.org/10.1145/3387514.3405855,yes,3,general,NA,external DRAM for switch state via RDMA,NA,hw,Barefoot Tofino + server DRAM,switch ASIC + RDMA,throughput/state size,line rate,switches reach large state only via external DRAM over RDMA,heavyweight; not timing,grounds mechanism-5 (no on-chip payload store on Tofino),high
Loom: Flexible and Efficient NIC Packet Scheduling,"Brent Stephens, Aditya Akella, Michael M. Swift",2019,USENIX NSDI,NA,https://www.usenix.org/conference/nsdi19/presentation/stephens,yes,4,datacenter,NA,NIC hierarchical packet scheduler,per-flow hierarchical scheduling in NIC,hw,SmartNIC,NIC,policy enforcement,"100 Gbps, no CPU",offload per-flow scheduling into the NIC,"scheduling, not absolute delay; NIC",supports SmartNIC-side scheduling feasibility,high
P4-TAS: P4-Based Time-Aware Shaper for Time-Sensitive Networking,"Chair of Communication Networks, University of Tübingen (Steffen Lindner et al.)",2025,arXiv (preprint),10.48550/arXiv.2511.10249,https://arxiv.org/abs/2511.10249,preprint,3,TSN/Ethernet,NA,802.1Qbv Time-Aware Shaper on P4,time-gated cyclic egress-queue open/close via generated control frames,hw,Intel Tofino 2,switch ASIC,schedule precision,ns-scale internal delay quantified,first TAS on a P4 ASIC; time-gated queue release feasible on Tofino-class HW,"Tofino 2, preprint",grounds mechanism-2 (time-gated IPG normalization) on Tofino-class HW,med
Corundum: An Open-Source 100-Gbps NIC,"Alex Forencich, Alex C. Snoeren, George Porter, George Papen",2020,IEEE FCCM,10.1109/FCCM48280.2020.00015,https://doi.org/10.1109/FCCM48280.2020.00015,yes,3,general,NA,FPGA NIC with HW TX scheduler + PTP,per-queue timestamped/TDMA time-based release,hw,FPGA (Xilinx),FPGA NIC,scheduling precision,"µs-precision TDMA at 100G, no CPU",">10k HW queues, PTP timestamping, µs-precision TDMA time-based TX scheduler",high dev cost,grounds FPGA mechanisms 1-4 (deterministic timed release),high
IEEE 802.1Qbv-2015: Enhancements for Scheduled Traffic (Time-Aware Shaper),IEEE 802.1 Working Group,2015,IEEE Standard (802.1Q amendment),NA,https://standards.ieee.org/ieee/802.1Qbv/6068/,standards-doc,4,TSN/Ethernet,NA,time-aware shaper (gate control list),cyclic time-gated egress-queue release,hw,bridges/switches,standard,determinism/bounded delay,NA,standardized time-gated frame release,"standard, not an implementation",the standards analogue of hardware timed release (mechanism 2/3),high
IEEE 1588-2019: Precision Clock Synchronization Protocol (PTP),IEEE,2019,IEEE Standard,NA,https://standards.ieee.org/ieee/1588/6825/,standards-doc,4,networked measurement/control,NA,precision time synchronization,NA (timebase),hw,networked devices,standard,sync accuracy,sub-µs to sub-ns,the precise timebase that time-based schedulers reference,standard,the timebase for accurate send scheduling / TAS / TDMA,high
NetFPGA SUME: Toward 100 Gbps as Research Commodity,"Noa Zilberman, Yury Audzevich, G. Adam Covington, Andrew W. Moore",2014,IEEE Micro,10.1109/MM.2014.61,https://doi.org/10.1109/MM.2014.61,yes,4,general,NA,FPGA platform for line-rate packet processing,NA,hw,Xilinx Virtex-7 FPGA,FPGA board,platform capability,100 Gbps-class,standard FPGA research board for programmable packet processing + HW timestamping,"platform, not a mechanism",grounds the FPGA platform option,high
P4CEP: Towards In-Network Complex Event Processing,"Thomas Kohler, Ruben Mayer, Frank Dürr, Marius Maaß, Sukanya Bhowmik, Kurt Rothermel",2018,ACM SIGCOMM NetCompute Workshop,10.1145/3229591.3229593,https://doi.org/10.1145/3229591.3229593,yes,3,general,NA,stateful CEP operators as a P4 dataplane,NA,hw,Netronome Agilio SmartNIC,SmartNIC,latency,~6.8 µs at 10 GbE,"stateful P4-on-Agilio dataplane, latency-measured",not a timing-delay system,grounds Netronome (NFP) P4 dataplane capability,high
NVIDIA BlueField-3 DPU Datasheet,NVIDIA,2023,NVIDIA vendor datasheet,NA,https://docs.nvidia.com/networking/display/bf3dpu,vendor-doc,3,NA,NA,DPU: Arm cores + DRAM + ConnectX-7,NA,hw,BlueField-3,DPU,NA,"16x A78, 32GB DDR5, 400G",on-chip cores + up to 32GB DRAM + line-rate engine to host delay/buffer logic,vendor doc,grounds DPU buffering (mechanism 5) and compute for delay,high
NVIDIA BlueField-2 DPU Datasheet,NVIDIA,2020,NVIDIA vendor datasheet,NA,https://docs.nvidia.com/networking/display/BlueField2DPUENUG/Specifications,vendor-doc,3,NA,NA,DPU: Arm A72 + DDR4 + ConnectX-6 Dx,NA,hw,BlueField-2,DPU,NA,"8x A72, 8/16GB DDR4, 200G",DPU hardware baseline for the bump-in-the-wire deployment,vendor doc,grounds the DPU platform option,high
NVIDIA Accurate Send Scheduling & Packet Pacing (5T for 5G),NVIDIA,2024,NVIDIA vendor doc,NA,https://docs.nvidia.com/networking/display/NVIDIA5TTechnologyUserManualv10/Accurate+Scheduling,vendor-doc,3,NA,NA,HW timed transmit + per-SQ pacing,transmit at app-supplied PTP time via per-SQ fence; ns-granular pacing,hw,ConnectX-6 Dx+/BlueField,NIC/DPU,send-time accuracy,ns-scale,HARDWARE first-packet absolute delay + rate pacing primitive,vendor doc,grounds DPU mechanisms 1-3 as native hardware primitives,high
NVIDIA DOCA Flow Programming Guide,NVIDIA,2024,NVIDIA vendor doc,NA,https://docs.nvidia.com/doca/sdk/doca-flow/index.html,vendor-doc,3,NA,NA,HW flow steering/metering pipes,NA,hw,BlueField/ConnectX,DPU,NA,line rate,offload match/meter/steer pipes to the eSwitch,vendor doc,grounds DPU dataplane offload for pacing/steering,high
Open-Tofino: P4-16 Tofino Native Architecture (public),Barefoot Networks / Intel,2021,vendor repo/spec,NA,https://github.com/barefootnetworks/Open-Tofino,vendor-doc,3,NA,NA,"TNA arch: TM, timestamps, recirc/resubmit, pktgen",NA,hw,Tofino 1,switch ASIC,NA,NA,"authoritative TNA definitions (intrinsic metadata, TM configurable-not-programmable, recirc vs resubmit, pktgen triggers)",detailed TM model withheld,primary source for all Tofino-1 capability claims,high
Estimating mutual information,Alexander Kraskov; Harald Stögbauer; Peter Grassberger,2004,Physical Review E 69(6),10.1103/PhysRevE.69.066138,https://link.aps.org/doi/10.1103/PhysRevE.69.066138,yes,2,NA,NA,NA,NA,NA,NA,NA,MI estimation quality,NA,"kNN (KSG) MI estimator: data-efficient, adaptive, low bias",our primary MI estimator for I(timing; N/size/identity),high,NA
Comparing the areas under two or more correlated receiver operating characteristic curves: a nonparametric approach,Elizabeth R. DeLong; David M. DeLong; Daniel L. Clarke-Pearson,1988,Biometrics 44(3),10.2307/2531595,https://www.jstor.org/stable/2531595,yes,2,NA,NA,NA,NA,NA,NA,NA,paired AUC comparison test,NA,nonparametric test + covariance for correlated AUCs,significance test for paired AUC (native vs obf attacker) in T1,high,NA
Note on the sampling error of the difference between correlated proportions or percentages,Quinn McNemar,1947,Psychometrika 12(2),10.1007/BF02295996,https://link.springer.com/article/10.1007/BF02295996,yes,2,NA,NA,NA,NA,NA,NA,NA,paired-proportion test,NA,McNemar's test for correlated proportions,significance test for paired classifier accuracy (native vs obf),high,NA
Controlling the false discovery rate: a practical and powerful approach to multiple testing,Yoav Benjamini; Yosef Hochberg,1995,Journal of the Royal Statistical Society Series B 57(1),10.1111/j.2517-6161.1995.tb02031.x,https://rss.onlinelibrary.wiley.com/doi/10.1111/j.2517-6161.1995.tb02031.x,yes,3,NA,NA,NA,NA,NA,NA,NA,FDR control,NA,Benjamini-Hochberg FDR procedure,multiple-comparison correction across the policy×attacker×task grid,high,NA
Computational Optimal Transport: With Applications to Data Science,Gabriel Peyré; Marco Cuturi,2019,Foundations and Trends in Machine Learning 11(5-6),10.1561/2200000073,https://www.nowpublishers.com/article/Details/MAL-073,yes,2,NA,NA,NA,NA,NA,NA,NA,Wasserstein/OT distances,NA,computation + theory of W1 and optimal transport,W1 distance-to-target metric for distribution-shaping policies (P3/P4/P7),high,NA
Divergence measures based on the Shannon entropy,Jianhua Lin,1991,IEEE Transactions on Information Theory 37(1),10.1109/18.61115,https://ieeexplore.ieee.org/document/61115,yes,3,NA,NA,NA,NA,NA,NA,NA,JS divergence,NA,defines Jensen-Shannon divergence,per-class distributional-similarity metric (want JS→0),high,NA
An Introduction to the Bootstrap,Bradley Efron; Robert J. Tibshirani,1993,"Chapman & Hall (book, ISBN 0-412-04231-2)",NA,https://www.routledge.com/9780412042317,yes,3,NA,NA,NA,NA,NA,NA,NA,bootstrap CI,NA,bootstrap resampling for CIs,"bootstrap CIs for MI, R², β, PG, W1",high,NA
Statistical Power Analysis for the Behavioral Sciences (2nd ed.),Jacob Cohen,1988,"Lawrence Erlbaum Associates (book, ISBN 0-8058-0283-5)",NA,https://www.routledge.com/p/book/9780805802832,yes,3,NA,NA,NA,NA,NA,NA,NA,power/effect size,NA,"power analysis and effect-size conventions (d, h)",power-analysis sketch and effect-size reporting,high,NA
On Evaluating Adversarial Robustness,Nicholas Carlini; Anish Athalye; Nicolas Papernot; Wieland Brendel; Jonas Rauber; Dimitris Tsipras; Ian Goodfellow; Aleksander Madry; Alexey Kurakin,2019,arXiv:1902.06705,NA,https://arxiv.org/abs/1902.06705,preprint,2,NA,adaptive/defense-aware attacker,NA,NA,NA,NA,NA,robustness eval methodology,NA,best practices: evaluate defenses against maximally-knowledgeable adaptive attackers,methodological basis for A7 defense-aware attacker and honest privacy claims,high,NA
Automatic Construction of Statechart-Based Anomaly Detection Models for Multi-Threaded Industrial Control Systems,Amit Kleinmann; Avishai Wool,2016,ACM Workshop on Cyber-Physical Systems Security and PrivaCy (CPS-SPC),NA,https://arxiv.org/abs/1607.07489,yes,3,SCADA (Modbus) HMI-PLC traffic,(anomaly detector; models traffic),NA,NA,sw,SCADA network traces,testbed,statechart DFA models periodic SCADA traffic accurately,NA,SCADA traffic is highly regular/modelable,context that ICS traffic patterns are learnable ⇒ fingerprinting feasibility,med,NA
Traffic Morphing: An Efficient Defense Against Statistical Traffic Analysis,"Charles V. Wright, Scott E. Coull, Fabian Monrose",2009,NDSS,NA,https://www.ndss-symposium.org/ndss2009/,yes,2,Encrypted traffic (packet-size distributions),Passive statistical traffic analyst,Convex-optimization morphing of one class's packet-size distribution to match a target class's,Distribution-matching (size axis),sw,Software,Simulation over traffic datasets,classifier accuracy reduction,bandwidth overhead (minimized),Matches a target distribution at minimal overhead via convex optimization,Operates on sizes via padding; not byte-preserving; not timing,"Closest conceptual ancestor of distribution-matching normalization (our decoy-match/size-decorrelation), transplanted to the timing axis",high
