poll_number,tcp_session_sport,dnp3_app_seq,request_seq_app,request_timestamp,pure_tcp_ack_timestamp,response_timestamp,request_to_ack_ms,ack_to_response_clrt_ms,request_to_response_ms,separate_pure_ack,request_wire_bytes,response_wire_bytes,dnp3_response_length,fir,fin,con,function_code,function_name,iin_lsb,iin_msb,decoded_point_count,completion,timeout,error,notes
1,37541,0,0,1784834686.991499,1784834686.992021,1784834686.993788,0.5221366882324219,1.7669200897216797,2.2890567779541016,True,18,134,115,1,1,0,129,RESPONSE,128,0,69,SUCCESS,False,,
2,37541,1,1,1784834687.996206,1784834687.996669,1784834687.999504,0.4630088806152344,2.8350353240966797,3.298044204711914,True,18,134,115,1,1,0,129,RESPONSE,128,0,69,SUCCESS,False,,
3,37541,2,2,1784834689.001665,1784834689.00215,1784834689.00486,0.4849433898925781,2.7098655700683594,3.1948089599609375,True,18,134,115,1,1,0,129,RESPONSE,128,0,69,SUCCESS,False,,
4,37541,3,3,1784834690.006997,1784834690.008466,1784834690.010238,1.4688968658447266,1.7719268798828125,3.240823745727539,True,18,134,115,1,1,0,129,RESPONSE,128,0,69,SUCCESS,False,,
5,37541,4,4,1784834691.012327,1784834691.013176,1784834691.014899,0.8490085601806641,1.7230510711669922,2.5720596313476562,True,18,134,115,1,1,0,129,RESPONSE,128,0,69,SUCCESS,False,,
6,37541,5,5,1784834692.017008,1784834692.021795,1784834692.023531,4.786968231201172,1.7359256744384766,6.522893905639648,True,18,134,115,1,1,0,129,RESPONSE,128,0,69,SUCCESS,False,,
7,37541,6,6,1784834693.025652,1784834693.026348,1784834693.029135,0.6961822509765625,2.786874771118164,3.4830570220947266,True,18,134,115,1,1,0,129,RESPONSE,128,0,69,SUCCESS,False,,
8,37541,7,7,1784834694.031219,1784834694.031738,1784834694.033513,0.5190372467041016,1.7750263214111328,2.2940635681152344,True,18,134,115,1,1,0,129,RESPONSE,128,0,69,SUCCESS,False,,
9,37541,8,8,1784834695.035627,1784834695.036145,1784834695.039985,0.5180835723876953,3.8399696350097656,4.358053207397461,True,18,134,115,1,1,0,129,RESPONSE,128,0,69,SUCCESS,False,,
10,37541,9,9,1784834696.042071,1784834696.042586,1784834696.049636,0.514984130859375,7.049798965454102,7.564783096313477,True,18,134,115,1,1,0,129,RESPONSE,128,0,69,SUCCESS,False,,
11,37541,10,10,1784834697.051727,1784834697.052742,1784834697.068021,1.0149478912353516,15.279054641723633,16.294002532958984,True,18,134,115,1,1,0,129,RESPONSE,128,0,69,SUCCESS,False,,
12,37541,11,11,1784834698.070107,1784834698.07062,1784834698.074963,0.5130767822265625,4.3430328369140625,4.856109619140625,True,18,134,115,1,1,0,129,RESPONSE,128,0,69,SUCCESS,False,,
13,37541,12,12,1784834699.077044,1784834699.078376,1784834699.084011,1.3320446014404297,5.63502311706543,6.967067718505859,True,18,134,115,1,1,0,129,RESPONSE,128,0,69,SUCCESS,False,,
14,37541,13,13,1784834700.086081,1784834700.087023,1784834700.088985,0.9419918060302734,1.9619464874267578,2.9039382934570312,True,18,134,115,1,1,0,129,RESPONSE,128,0,69,SUCCESS,False,,
15,37541,14,14,1784834701.091068,1784834701.091582,1784834701.094055,0.5140304565429688,2.4728775024414062,2.986907958984375,True,18,134,115,1,1,0,129,RESPONSE,128,0,69,SUCCESS,False,,
16,37541,15,15,1784834702.096108,1784834702.096592,1784834702.108993,0.4839897155761719,12.401103973388672,12.885093688964844,True,18,134,115,1,1,0,129,RESPONSE,128,0,69,SUCCESS,False,,
17,37541,0,0,1784834703.111084,1784834703.111553,1784834703.114425,0.46896934509277344,2.871990203857422,3.3409595489501953,True,18,134,115,1,1,0,129,RESPONSE,128,0,69,SUCCESS,False,,
18,37541,1,1,1784834704.116522,1784834704.117503,1784834704.124118,0.9808540344238281,6.615161895751953,7.596015930175781,True,18,134,115,1,1,0,129,RESPONSE,128,0,69,SUCCESS,False,,
19,37541,2,2,1784834705.126154,1784834705.126683,1784834705.130179,0.5290508270263672,3.495931625366211,4.024982452392578,True,18,134,115,1,1,0,129,RESPONSE,128,0,69,SUCCESS,False,,
20,37541,3,3,1784834706.132223,1784834706.132786,1784834706.140268,0.5631446838378906,7.482051849365234,8.045196533203125,True,18,134,115,1,1,0,129,RESPONSE,128,0,69,SUCCESS,False,,
21,37541,4,4,1784834707.142353,1784834707.143541,1784834707.154235,1.188039779663086,10.693788528442383,11.881828308105469,True,18,134,115,1,1,0,129,RESPONSE,128,0,69,SUCCESS,False,,
22,37541,5,5,1784834708.156378,1784834708.156852,1784834708.159125,0.47397613525390625,2.273082733154297,2.747058868408203,True,18,134,115,1,1,0,129,RESPONSE,128,0,69,SUCCESS,False,,
23,37541,6,6,1784834709.16126,1784834709.161781,1784834709.165222,0.5211830139160156,3.44085693359375,3.9620399475097656,True,18,134,115,1,1,0,129,RESPONSE,128,0,69,SUCCESS,False,,
24,37541,7,7,1784834710.16738,1784834710.167903,1784834710.175091,0.5228519439697266,7.188081741333008,7.710933685302734,True,18,134,115,1,1,0,129,RESPONSE,128,0,69,SUCCESS,False,,
25,37541,8,8,1784834711.177221,1784834711.17829,1784834711.184276,1.0688304901123047,5.986213684082031,7.055044174194336,True,18,134,115,1,1,0,129,RESPONSE,128,0,69,SUCCESS,False,,
26,37541,9,9,1784834712.186376,1784834712.186899,1784834712.18932,0.5228519439697266,2.421140670776367,2.9439926147460938,True,18,134,115,1,1,0,129,RESPONSE,128,0,69,SUCCESS,False,,
27,37541,10,10,1784834713.191425,1784834713.191923,1784834713.195331,0.4978179931640625,3.408193588256836,3.9060115814208984,True,18,134,115,1,1,0,129,RESPONSE,128,0,69,SUCCESS,False,,
28,37541,11,11,1784834714.197434,1784834714.198005,1784834714.205387,0.5710124969482422,7.38215446472168,7.953166961669922,True,18,134,115,1,1,0,129,RESPONSE,128,0,69,SUCCESS,False,,
29,37541,12,12,1784834715.207486,1784834715.208701,1784834715.214395,1.2149810791015625,5.694150924682617,6.90913200378418,True,18,134,115,1,1,0,129,RESPONSE,128,0,69,SUCCESS,False,,
30,37541,13,13,1784834716.216529,1784834716.217356,1784834716.219504,0.8270740509033203,2.148151397705078,2.9752254486083984,True,18,134,115,1,1,0,129,RESPONSE,128,0,69,SUCCESS,False,,
31,37541,14,14,1784834717.221612,1784834717.222207,1784834717.224394,0.5950927734375,2.187013626098633,2.782106399536133,True,18,134,115,1,1,0,129,RESPONSE,128,0,69,SUCCESS,False,,
32,37541,15,15,1784834718.226522,1784834718.226993,1784834718.231079,0.4711151123046875,4.086017608642578,4.557132720947266,True,18,134,115,1,1,0,129,RESPONSE,128,0,69,SUCCESS,False,,
33,37541,0,0,1784834719.233167,1784834719.233626,1784834719.23642,0.4589557647705078,2.794027328491211,3.2529830932617188,True,18,134,115,1,1,0,129,RESPONSE,128,0,69,SUCCESS,False,,
34,37541,1,1,1784834720.238524,1784834720.239471,1784834720.241193,0.9469985961914062,1.722097396850586,2.669095993041992,True,18,134,115,1,1,0,129,RESPONSE,128,0,69,SUCCESS,False,,
35,37541,2,2,1784834721.243232,1784834721.244021,1784834721.249546,0.7889270782470703,5.525112152099609,6.31403923034668,True,18,134,115,1,1,0,129,RESPONSE,128,0,69,SUCCESS,False,,
36,37541,3,3,1784834722.251663,1784834722.252692,1784834722.256769,1.0290145874023438,4.076957702636719,5.1059722900390625,True,18,134,115,1,1,0,129,RESPONSE,128,0,69,SUCCESS,False,,
37,37541,4,4,1784834723.258778,1784834723.259265,1784834723.262001,0.4868507385253906,2.7360916137695312,3.222942352294922,True,18,134,115,1,1,0,129,RESPONSE,128,0,69,SUCCESS,False,,
38,37541,5,5,1784834724.264078,1784834724.265515,1784834724.267277,1.4371871948242188,1.7619132995605469,3.1991004943847656,True,18,134,115,1,1,0,129,RESPONSE,128,0,69,SUCCESS,False,,
39,37541,6,6,1784834725.269362,1784834725.27034,1784834725.280161,0.9779930114746094,9.820938110351562,10.798931121826172,True,18,134,115,1,1,0,129,RESPONSE,128,0,69,SUCCESS,False,,
40,37541,7,7,1784834726.282255,1784834726.283172,1784834726.284902,0.9169578552246094,1.730203628540039,2.6471614837646484,True,18,134,115,1,1,0,129,RESPONSE,128,0,69,SUCCESS,False,,
41,37541,8,8,1784834727.286989,1784834727.287664,1784834727.289574,0.6749629974365234,1.9099712371826172,2.5849342346191406,True,18,134,115,1,1,0,129,RESPONSE,128,0,69,SUCCESS,False,,
42,37541,9,9,1784834728.291707,1784834728.292228,1784834728.294063,0.5209445953369141,1.8351078033447266,2.3560523986816406,True,18,134,115,1,1,0,129,RESPONSE,128,0,69,SUCCESS,False,,
43,37541,10,10,1784834729.29615,1784834729.297562,1784834729.299455,1.4119148254394531,1.8930435180664062,3.3049583435058594,True,18,134,115,1,1,0,129,RESPONSE,128,0,69,SUCCESS,False,,
44,37541,11,11,1784834730.301628,1784834730.302147,1784834730.303872,0.518798828125,1.7251968383789062,2.2439956665039062,True,18,134,115,1,1,0,129,RESPONSE,128,0,69,SUCCESS,False,,
45,37541,12,12,1784834731.306022,1784834731.306533,1784834731.308413,0.51116943359375,1.8799304962158203,2.3910999298095703,True,18,134,115,1,1,0,129,RESPONSE,128,0,69,SUCCESS,False,,
46,37541,13,13,1784834732.310466,1784834732.310981,1784834732.312709,0.514984130859375,1.728057861328125,2.2430419921875,True,18,134,115,1,1,0,129,RESPONSE,128,0,69,SUCCESS,False,,
47,37541,14,14,1784834733.314824,1784834733.315284,1784834733.317052,0.45990943908691406,1.767873764038086,2.227783203125,True,18,134,115,1,1,0,129,RESPONSE,128,0,69,SUCCESS,False,,
48,37541,15,15,1784834734.319136,1784834734.31965,1784834734.321379,0.5140304565429688,1.7290115356445312,2.2430419921875,True,18,134,115,1,1,0,129,RESPONSE,128,0,69,SUCCESS,False,,
49,37541,0,0,1784834735.323441,1784834735.323945,1784834735.325657,0.5040168762207031,1.7118453979492188,2.215862274169922,True,18,134,115,1,1,0,129,RESPONSE,128,0,69,SUCCESS,False,,
50,37541,1,1,1784834736.327802,1784834736.332417,1784834736.334485,4.615068435668945,2.068042755126953,6.683111190795898,True,18,134,115,1,1,0,129,RESPONSE,128,0,69,SUCCESS,False,,
51,37541,2,2,1784834737.336625,1784834737.337149,1784834737.339012,0.5238056182861328,1.8630027770996094,2.386808395385742,True,18,134,115,1,1,0,129,RESPONSE,128,0,69,SUCCESS,False,,
52,37541,3,3,1784834738.341085,1784834738.341548,1784834738.343313,0.4630088806152344,1.7650127410888672,2.2280216217041016,True,18,134,115,1,1,0,129,RESPONSE,128,0,69,SUCCESS,False,,
53,37541,4,4,1784834739.345415,1784834739.345879,1784834739.347605,0.4639625549316406,1.725912094116211,2.1898746490478516,True,18,134,115,1,1,0,129,RESPONSE,128,0,69,SUCCESS,False,,
54,37541,5,5,1784834740.349777,1784834740.350319,1784834740.352045,0.5419254302978516,1.7261505126953125,2.268075942993164,True,18,134,115,1,1,0,129,RESPONSE,128,0,69,SUCCESS,False,,
55,37541,6,6,1784834741.354129,1784834741.354775,1784834741.356495,0.6458759307861328,1.7199516296386719,2.3658275604248047,True,18,134,115,1,1,0,129,RESPONSE,128,0,69,SUCCESS,False,,
56,37541,7,7,1784834742.35859,1784834742.359321,1784834742.361046,0.7312297821044922,1.7249584197998047,2.456188201904297,True,18,134,115,1,1,0,129,RESPONSE,128,0,69,SUCCESS,False,,
57,37541,8,8,1784834743.363119,1784834743.367888,1784834743.370139,4.769086837768555,2.2509098052978516,7.019996643066406,True,18,134,115,1,1,0,129,RESPONSE,128,0,69,SUCCESS,False,,
58,37541,9,9,1784834744.372213,1784834744.37268,1784834744.374505,0.46706199645996094,1.825094223022461,2.292156219482422,True,18,134,115,1,1,0,129,RESPONSE,128,0,69,SUCCESS,False,,
59,37541,10,10,1784834745.376619,1784834745.377087,1784834745.378999,0.4680156707763672,1.9118785858154297,2.379894256591797,True,18,134,115,1,1,0,129,RESPONSE,128,0,69,SUCCESS,False,,
60,37541,11,11,1784834746.381131,1784834746.381598,1784834746.383358,0.46706199645996094,1.7600059509277344,2.2270679473876953,True,18,134,115,1,1,0,129,RESPONSE,128,0,69,SUCCESS,False,,
61,37541,12,12,1784834747.385431,1784834747.385974,1784834747.387698,0.5428791046142578,1.7240047454833984,2.2668838500976562,True,18,134,115,1,1,0,129,RESPONSE,128,0,69,SUCCESS,False,,
62,37541,13,13,1784834748.389832,1784834748.390438,1784834748.392165,0.6060600280761719,1.7268657684326172,2.332925796508789,True,18,134,115,1,1,0,129,RESPONSE,128,0,69,SUCCESS,False,,
63,37541,14,14,1784834749.394226,1784834749.395791,1784834749.396696,1.5649795532226562,0.9050369262695312,2.4700164794921875,True,18,134,115,1,1,0,129,RESPONSE,128,0,69,SUCCESS,False,,
64,37541,15,15,1784834750.398718,1784834750.40364,1784834750.410275,4.921913146972656,6.634950637817383,11.556863784790039,True,18,134,115,1,1,0,129,RESPONSE,128,0,69,SUCCESS,False,,
65,37541,0,0,1784834751.412353,1784834751.41285,1784834751.414629,0.49686431884765625,1.7790794372558594,2.2759437561035156,True,18,134,115,1,1,0,129,RESPONSE,128,0,69,SUCCESS,False,,
66,37541,1,1,1784834752.416734,1784834752.417246,1784834752.418979,0.5121231079101562,1.7328262329101562,2.2449493408203125,True,18,134,115,1,1,0,129,RESPONSE,128,0,69,SUCCESS,False,,
67,37541,2,2,1784834753.421052,1784834753.421519,1784834753.423283,0.46706199645996094,1.764059066772461,2.231121063232422,True,18,134,115,1,1,0,129,RESPONSE,128,0,69,SUCCESS,False,,
68,37541,3,3,1784834754.425373,1784834754.425854,1784834754.427572,0.48089027404785156,1.7180442810058594,2.198934555053711,True,18,134,115,1,1,0,129,RESPONSE,128,0,69,SUCCESS,False,,
69,37541,4,4,1784834755.429701,1784834755.430311,1784834755.43203,0.6098747253417969,1.7189979553222656,2.3288726806640625,True,18,134,115,1,1,0,129,RESPONSE,128,0,69,SUCCESS,False,,
70,37541,5,5,1784834756.434115,1784834756.434805,1784834756.436528,0.6899833679199219,1.7230510711669922,2.413034439086914,True,18,134,115,1,1,0,129,RESPONSE,128,0,69,SUCCESS,False,,
71,37541,6,6,1784834757.438607,1784834757.439472,1784834757.441233,0.8649826049804688,1.7609596252441406,2.6259422302246094,True,18,134,115,1,1,0,129,RESPONSE,128,0,69,SUCCESS,False,,
72,37541,7,7,1784834758.443358,1784834758.443916,1784834758.44596,0.5581378936767578,2.0439624786376953,2.602100372314453,True,18,134,115,1,1,0,129,RESPONSE,128,0,69,SUCCESS,False,,
73,37541,8,8,1784834759.447976,1784834759.448473,1784834759.450424,0.49686431884765625,1.950979232788086,2.447843551635742,True,18,134,115,1,1,0,129,RESPONSE,128,0,69,SUCCESS,False,,
74,37541,9,9,1784834760.452448,1784834760.452915,1784834760.454751,0.46706199645996094,1.8360614776611328,2.3031234741210938,True,18,134,115,1,1,0,129,RESPONSE,128,0,69,SUCCESS,False,,
75,37541,10,10,1784834761.456878,1784834761.457361,1784834761.459278,0.4830360412597656,1.917123794555664,2.4001598358154297,True,18,134,115,1,1,0,129,RESPONSE,128,0,69,SUCCESS,False,,
76,37541,11,11,1784834762.461389,1784834762.461855,1784834762.463602,0.4658699035644531,1.74713134765625,2.213001251220703,True,18,134,115,1,1,0,129,RESPONSE,128,0,69,SUCCESS,False,,
77,37541,12,12,1784834763.465746,1784834763.466298,1784834763.46801,0.5521774291992188,1.7118453979492188,2.2640228271484375,True,18,134,115,1,1,0,129,RESPONSE,128,0,69,SUCCESS,False,,
78,37541,13,13,1784834764.470089,1784834764.473294,1784834764.476123,3.2050609588623047,2.8290748596191406,6.034135818481445,True,18,134,115,1,1,0,129,RESPONSE,128,0,69,SUCCESS,False,,
79,37541,14,14,1784834765.478195,1784834765.479552,1784834765.481312,1.3570785522460938,1.7600059509277344,3.117084503173828,True,18,134,115,1,1,0,129,RESPONSE,128,0,69,SUCCESS,False,,
80,37541,15,15,1784834766.483357,1784834766.483957,1784834766.485681,0.6000995635986328,1.7240047454833984,2.3241043090820312,True,18,134,115,1,1,0,129,RESPONSE,128,0,69,SUCCESS,False,,
81,37541,0,0,1784834767.487796,1784834767.488443,1784834767.490348,0.6468296051025391,1.905202865600586,2.552032470703125,True,18,134,115,1,1,0,129,RESPONSE,128,0,69,SUCCESS,False,,
82,37541,1,1,1784834768.492342,1784834768.492952,1784834768.494674,0.6101131439208984,1.7218589782714844,2.331972122192383,True,18,134,115,1,1,0,129,RESPONSE,128,0,69,SUCCESS,False,,
83,37541,2,2,1784834769.496837,1784834769.49742,1784834769.499541,0.5831718444824219,2.1209716796875,2.704143524169922,True,18,134,115,1,1,0,129,RESPONSE,128,0,69,SUCCESS,False,,
84,37541,3,3,1784834770.501681,1784834770.502145,1784834770.503911,0.4639625549316406,1.7659664154052734,2.229928970336914,True,18,134,115,1,1,0,129,RESPONSE,128,0,69,SUCCESS,False,,
85,37541,4,4,1784834771.505995,1784834771.508456,1784834771.511376,2.460956573486328,2.919912338256836,5.380868911743164,True,18,134,115,1,1,0,129,RESPONSE,128,0,69,SUCCESS,False,,
86,37541,5,5,1784834772.513412,1784834772.514962,1784834772.51666,1.5499591827392578,1.6980171203613281,3.247976303100586,True,18,134,115,1,1,0,129,RESPONSE,128,0,69,SUCCESS,False,,
87,37541,6,6,1784834773.518777,1784834773.51974,1784834773.521495,0.9632110595703125,1.7549991607666016,2.718210220336914,True,18,134,115,1,1,0,129,RESPONSE,128,0,69,SUCCESS,False,,
88,37541,7,7,1784834774.523624,1784834774.524175,1784834774.525913,0.5509853363037109,1.7380714416503906,2.2890567779541016,True,18,134,115,1,1,0,129,RESPONSE,128,0,69,SUCCESS,False,,
89,37541,8,8,1784834775.528014,1784834775.528619,1784834775.530891,0.6051063537597656,2.271890640258789,2.8769969940185547,True,18,134,115,1,1,0,129,RESPONSE,128,0,69,SUCCESS,False,,
90,37541,9,9,1784834776.532983,1784834776.533509,1784834776.53527,0.5259513854980469,1.7609596252441406,2.2869110107421875,True,18,134,115,1,1,0,129,RESPONSE,128,0,69,SUCCESS,False,,
91,37541,10,10,1784834777.537354,1784834777.537819,1784834777.539909,0.4649162292480469,2.089977264404297,2.5548934936523438,True,18,134,115,1,1,0,129,RESPONSE,128,0,69,SUCCESS,False,,
92,37541,11,11,1784834778.542007,1784834778.543647,1784834778.546405,1.6400814056396484,2.758026123046875,4.398107528686523,True,18,134,115,1,1,0,129,RESPONSE,128,0,69,SUCCESS,False,,
93,37541,12,12,1784834779.548435,1784834779.548901,1784834779.551968,0.4661083221435547,3.0670166015625,3.5331249237060547,True,18,134,115,1,1,0,129,RESPONSE,128,0,69,SUCCESS,False,,
94,37541,13,13,1784834780.554058,1784834780.555306,1784834780.557022,1.2478828430175781,1.7161369323730469,2.964019775390625,True,18,134,115,1,1,0,129,RESPONSE,128,0,69,SUCCESS,False,,
95,37541,14,14,1784834781.559099,1784834781.559859,1784834781.56158,0.7600784301757812,1.7209053039550781,2.4809837341308594,True,18,134,115,1,1,0,129,RESPONSE,128,0,69,SUCCESS,False,,
96,37541,15,15,1784834782.5637,1784834782.564273,1784834782.566001,0.5731582641601562,1.7278194427490234,2.3009777069091797,True,18,134,115,1,1,0,129,RESPONSE,128,0,69,SUCCESS,False,,
97,37541,0,0,1784834783.568098,1784834783.568719,1784834783.57065,0.6208419799804688,1.9311904907226562,2.552032470703125,True,18,134,115,1,1,0,129,RESPONSE,128,0,69,SUCCESS,False,,
98,37541,1,1,1784834784.57276,1784834784.573286,1784834784.575053,0.5259513854980469,1.7669200897216797,2.2928714752197266,True,18,134,115,1,1,0,129,RESPONSE,128,0,69,SUCCESS,False,,
99,37541,2,2,1784834785.57714,1784834785.578773,1784834785.581749,1.6329288482666016,2.975940704345703,4.608869552612305,True,18,134,115,1,1,0,129,RESPONSE,128,0,69,SUCCESS,False,,
100,37541,3,3,1784834786.583845,1784834786.584365,1784834786.587531,0.5199909210205078,3.16619873046875,3.686189651489258,True,18,134,115,1,1,0,129,RESPONSE,128,0,69,SUCCESS,False,,
101,37541,4,4,1784834787.589636,1784834787.590939,1784834787.592652,1.302957534790039,1.7130374908447266,3.0159950256347656,True,18,134,115,1,1,0,129,RESPONSE,128,0,69,SUCCESS,False,,
102,37541,5,5,1784834788.594778,1784834788.595438,1784834788.597153,0.659942626953125,1.714944839477539,2.374887466430664,True,18,134,115,1,1,0,129,RESPONSE,128,0,69,SUCCESS,False,,
103,37541,6,6,1784834789.599214,1784834789.600059,1784834789.601886,0.8449554443359375,1.8270015716552734,2.671957015991211,True,18,134,115,1,1,0,129,RESPONSE,128,0,69,SUCCESS,False,,
104,37541,7,7,1784834790.604029,1784834790.604506,1784834790.606234,0.47707557678222656,1.728057861328125,2.2051334381103516,True,18,134,115,1,1,0,129,RESPONSE,128,0,69,SUCCESS,False,,
105,37541,8,8,1784834791.608368,1784834791.608928,1784834791.610844,0.5600452423095703,1.9159317016601562,2.4759769439697266,True,18,134,115,1,1,0,129,RESPONSE,128,0,69,SUCCESS,False,,
106,37541,9,9,1784834792.612978,1784834792.613914,1784834792.615697,0.9360313415527344,1.7828941345214844,2.7189254760742188,True,18,134,115,1,1,0,129,RESPONSE,128,0,69,SUCCESS,False,,
107,37541,10,10,1784834793.617789,1784834793.618309,1784834793.620163,0.5199909210205078,1.85394287109375,2.373933792114258,True,18,134,115,1,1,0,129,RESPONSE,128,0,69,SUCCESS,False,,
108,37541,11,11,1784834794.622246,1784834794.622761,1784834794.624473,0.514984130859375,1.7120838165283203,2.2270679473876953,True,18,134,115,1,1,0,129,RESPONSE,128,0,69,SUCCESS,False,,
109,37541,12,12,1784834795.626523,1784834795.626989,1784834795.628714,0.4658699035644531,1.7251968383789062,2.1910667419433594,True,18,134,115,1,1,0,129,RESPONSE,128,0,69,SUCCESS,False,,
110,37541,13,13,1784834796.630834,1784834796.63144,1784834796.636245,0.6058216094970703,4.805088043212891,5.410909652709961,True,18,134,115,1,1,0,129,RESPONSE,128,0,69,SUCCESS,False,,
111,37541,14,14,1784834797.638367,1784834797.639992,1784834797.641721,1.62506103515625,1.7290115356445312,3.3540725708007812,True,18,134,115,1,1,0,129,RESPONSE,128,0,69,SUCCESS,False,,
112,37541,15,15,1784834798.643742,1784834798.644717,1784834798.646467,0.9748935699462891,1.7499923706054688,2.724885940551758,True,18,134,115,1,1,0,129,RESPONSE,128,0,69,SUCCESS,False,,
113,37541,0,0,1784834799.648315,1784834799.649103,1784834799.651171,0.7879734039306641,2.068042755126953,2.856016159057617,True,18,134,115,1,1,0,129,RESPONSE,128,0,69,SUCCESS,False,,
114,37541,1,1,1784834800.653249,1784834800.653718,1784834800.655552,0.46896934509277344,1.8339157104492188,2.302885055541992,True,18,134,115,1,1,0,129,RESPONSE,128,0,69,SUCCESS,False,,
115,37541,2,2,1784834801.657664,1784834801.658129,1784834801.660053,0.4649162292480469,1.9240379333496094,2.3889541625976562,True,18,134,115,1,1,0,129,RESPONSE,128,0,69,SUCCESS,False,,
116,37541,3,3,1784834802.662139,1784834802.662625,1784834802.664352,0.48613548278808594,1.7268657684326172,2.213001251220703,True,18,134,115,1,1,0,129,RESPONSE,128,0,69,SUCCESS,False,,
117,37541,4,4,1784834803.66642,1784834803.667029,1784834803.668758,0.6089210510253906,1.7290115356445312,2.337932586669922,True,18,134,115,1,1,0,129,RESPONSE,128,0,69,SUCCESS,False,,
118,37541,5,5,1784834804.670867,1784834804.671576,1784834804.673295,0.7090568542480469,1.7189979553222656,2.4280548095703125,True,18,134,115,1,1,0,129,RESPONSE,128,0,69,SUCCESS,False,,
119,37541,6,6,1784834805.675385,1784834805.676068,1784834805.6778,0.6830692291259766,1.73187255859375,2.4149417877197266,True,18,134,115,1,1,0,129,RESPONSE,128,0,69,SUCCESS,False,,
120,37541,7,7,1784834806.679965,1784834806.684691,1784834806.686484,4.725933074951172,1.7931461334228516,6.519079208374023,True,18,134,115,1,1,0,129,RESPONSE,128,0,69,SUCCESS,False,,
121,37541,8,8,1784834807.688592,1784834807.68925,1784834807.691156,0.6580352783203125,1.9059181213378906,2.563953399658203,True,18,134,115,1,1,0,129,RESPONSE,128,0,69,SUCCESS,False,,
122,37541,9,9,1784834808.693213,1784834808.693727,1784834808.695505,0.5140304565429688,1.7778873443603516,2.2919178009033203,True,18,134,115,1,1,0,129,RESPONSE,128,0,69,SUCCESS,False,,
123,37541,10,10,1784834809.697618,1784834809.69825,1784834809.700123,0.6320476531982422,1.873016357421875,2.505064010620117,True,18,134,115,1,1,0,129,RESPONSE,128,0,69,SUCCESS,False,,
124,37541,11,11,1784834810.702215,1784834810.702721,1784834810.704447,0.5061626434326172,1.725912094116211,2.232074737548828,True,18,134,115,1,1,0,129,RESPONSE,128,0,69,SUCCESS,False,,
125,37541,12,12,1784834811.706521,1784834811.707226,1784834811.708959,0.7050037384033203,1.7330646514892578,2.438068389892578,True,18,134,115,1,1,0,129,RESPONSE,128,0,69,SUCCESS,False,,
126,37541,13,13,1784834812.711078,1784834812.711702,1784834812.713431,0.6241798400878906,1.7287731170654297,2.3529529571533203,True,18,134,115,1,1,0,129,RESPONSE,128,0,69,SUCCESS,False,,
127,37541,14,14,1784834813.715582,1784834813.720556,1784834813.722451,4.974126815795898,1.8949508666992188,6.869077682495117,True,18,134,115,1,1,0,129,RESPONSE,128,0,69,SUCCESS,False,,
128,37541,15,15,1784834814.724564,1784834814.725034,1784834814.726807,0.4699230194091797,1.7731189727783203,2.2430419921875,True,18,134,115,1,1,0,129,RESPONSE,128,0,69,SUCCESS,False,,
129,37541,0,0,1784834815.728831,1784834815.729359,1784834815.731281,0.5278587341308594,1.9221305847167969,2.4499893188476562,True,18,134,115,1,1,0,129,RESPONSE,128,0,69,SUCCESS,False,,
130,37541,1,1,1784834816.733371,1784834816.733884,1784834816.735606,0.5130767822265625,1.7218589782714844,2.234935760498047,True,18,134,115,1,1,0,129,RESPONSE,128,0,69,SUCCESS,False,,
131,37541,2,2,1784834817.737704,1784834817.738356,1784834817.740072,0.6520748138427734,1.7158985137939453,2.3679733276367188,True,18,134,115,1,1,0,129,RESPONSE,128,0,69,SUCCESS,False,,
132,37541,3,3,1784834818.742149,1784834818.742898,1784834818.747828,0.7488727569580078,4.930019378662109,5.678892135620117,True,18,134,115,1,1,0,129,RESPONSE,128,0,69,SUCCESS,False,,
133,37541,4,4,1784834819.749952,1784834819.751655,1784834819.753359,1.703023910522461,1.7039775848388672,3.407001495361328,True,18,134,115,1,1,0,129,RESPONSE,128,0,69,SUCCESS,False,,
134,37541,5,5,1784834820.755452,1784834820.756104,1784834820.757833,0.6520748138427734,1.7290115356445312,2.3810863494873047,True,18,134,115,1,1,0,129,RESPONSE,128,0,69,SUCCESS,False,,
135,37541,6,6,1784834821.759992,1784834821.760683,1784834821.762441,0.6911754608154297,1.7578601837158203,2.44903564453125,True,18,134,115,1,1,0,129,RESPONSE,128,0,69,SUCCESS,False,,
136,37541,7,7,1784834822.764637,1784834822.7651,1784834822.766914,0.4630088806152344,1.8138885498046875,2.276897430419922,True,18,134,115,1,1,0,129,RESPONSE,128,0,69,SUCCESS,False,,
137,37541,8,8,1784834823.769019,1784834823.769549,1784834823.771483,0.5300045013427734,1.934051513671875,2.4640560150146484,True,18,134,115,1,1,0,129,RESPONSE,128,0,69,SUCCESS,False,,
138,37541,9,9,1784834824.773813,1784834824.774336,1784834824.776105,0.5230903625488281,1.7688274383544922,2.2919178009033203,True,18,134,115,1,1,0,129,RESPONSE,128,0,69,SUCCESS,False,,
139,37541,10,10,1784834825.778395,1784834825.778906,1784834825.780769,0.51116943359375,1.8630027770996094,2.3741722106933594,True,18,134,115,1,1,0,129,RESPONSE,128,0,69,SUCCESS,False,,
140,37541,11,11,1784834826.78302,1784834826.783481,1784834826.785188,0.4608631134033203,1.7070770263671875,2.167940139770508,True,18,134,115,1,1,0,129,RESPONSE,128,0,69,SUCCESS,False,,
141,37541,12,12,1784834827.787449,1784834827.789981,1784834827.793032,2.5320053100585938,3.0510425567626953,5.583047866821289,True,18,134,115,1,1,0,129,RESPONSE,128,0,69,SUCCESS,False,,
142,37541,13,13,1784834828.795344,1784834828.796258,1784834828.797974,0.9138584136962891,1.7161369323730469,2.629995346069336,True,18,134,115,1,1,0,129,RESPONSE,128,0,69,SUCCESS,False,,
143,37541,14,14,1784834829.800257,1784834829.800901,1784834829.807129,0.6439685821533203,6.227970123291016,6.871938705444336,True,18,134,115,1,1,0,129,RESPONSE,128,0,69,SUCCESS,False,,
144,37541,15,15,1784834830.809354,1784834830.809862,1784834830.811592,0.5078315734863281,1.730203628540039,2.238035202026367,True,18,134,115,1,1,0,129,RESPONSE,128,0,69,SUCCESS,False,,
145,37541,0,0,1784834831.813771,1784834831.814288,1784834831.81607,0.5168914794921875,1.7821788787841797,2.299070358276367,True,18,134,115,1,1,0,129,RESPONSE,128,0,69,SUCCESS,False,,
146,37541,1,1,1784834832.818185,1784834832.818699,1784834832.820418,0.5137920379638672,1.7189979553222656,2.232789993286133,True,18,134,115,1,1,0,129,RESPONSE,128,0,69,SUCCESS,False,,
147,37541,2,2,1784834833.822624,1784834833.82309,1784834833.824851,0.4661083221435547,1.7609596252441406,2.2270679473876953,True,18,134,115,1,1,0,129,RESPONSE,128,0,69,SUCCESS,False,,
148,37541,3,3,1784834834.827017,1784834834.827485,1784834834.82925,0.4680156707763672,1.7650127410888672,2.2330284118652344,True,18,134,115,1,1,0,129,RESPONSE,128,0,69,SUCCESS,False,,
149,37541,4,4,1784834835.831328,1784834835.832,1784834835.833771,0.6721019744873047,1.7709732055664062,2.443075180053711,True,18,134,115,1,1,0,129,RESPONSE,128,0,69,SUCCESS,False,,
150,37541,5,5,1784834836.835918,1784834836.83643,1784834836.840538,0.5121231079101562,4.107952117919922,4.620075225830078,True,18,134,115,1,1,0,129,RESPONSE,128,0,69,SUCCESS,False,,
151,37541,6,6,1784834837.842676,1784834837.843125,1784834837.845911,0.44918060302734375,2.785921096801758,3.2351016998291016,True,18,134,115,1,1,0,129,RESPONSE,128,0,69,SUCCESS,False,,
152,37541,7,7,1784834838.848037,1784834838.849552,1784834838.853534,1.5149116516113281,3.982067108154297,5.496978759765625,True,18,134,115,1,1,0,129,RESPONSE,128,0,69,SUCCESS,False,,
153,37541,8,8,1784834839.855664,1784834839.856173,1784834839.871822,0.5090236663818359,15.649080276489258,16.158103942871094,True,18,134,115,1,1,0,129,RESPONSE,128,0,69,SUCCESS,False,,
154,37541,9,9,1784834840.873998,1784834840.875214,1784834840.877375,1.2161731719970703,2.160787582397461,3.3769607543945312,True,18,134,115,1,1,0,129,RESPONSE,128,0,69,SUCCESS,False,,
155,37541,10,10,1784834841.879476,1784834841.879995,1784834841.882361,0.5190372467041016,2.3658275604248047,2.8848648071289062,True,18,134,115,1,1,0,129,RESPONSE,128,0,69,SUCCESS,False,,
156,37541,11,11,1784834842.884479,1784834842.884998,1784834842.88835,0.5190372467041016,3.351926803588867,3.8709640502929688,True,18,134,115,1,1,0,129,RESPONSE,128,0,69,SUCCESS,False,,
157,37541,12,12,1784834843.89047,1784834843.890952,1784834843.898405,0.4820823669433594,7.452964782714844,7.935047149658203,True,18,134,115,1,1,0,129,RESPONSE,128,0,69,SUCCESS,False,,
158,37541,13,13,1784834844.900554,1784834844.905704,1784834844.912509,5.150079727172852,6.804943084716797,11.955022811889648,True,18,134,115,1,1,0,129,RESPONSE,128,0,69,SUCCESS,False,,
159,37541,14,14,1784834845.914647,1784834845.915158,1784834845.918484,0.5109310150146484,3.325939178466797,3.8368701934814453,True,18,134,115,1,1,0,129,RESPONSE,128,0,69,SUCCESS,False,,
160,37541,15,15,1784834846.920613,1784834846.921094,1784834846.928548,0.48089027404785156,7.454156875610352,7.935047149658203,True,18,134,115,1,1,0,129,RESPONSE,128,0,69,SUCCESS,False,,
161,37541,0,0,1784834847.930711,1784834847.931687,1784834847.937547,0.9760856628417969,5.859851837158203,6.8359375,True,18,134,115,1,1,0,129,RESPONSE,128,0,69,SUCCESS,False,,
162,37541,1,1,1784834848.939706,1784834848.940342,1784834848.942636,0.6358623504638672,2.2940635681152344,2.9299259185791016,True,18,134,115,1,1,0,129,RESPONSE,128,0,69,SUCCESS,False,,
163,37541,2,2,1784834849.944775,1784834849.945364,1784834849.947549,0.5888938903808594,2.1851062774658203,2.7740001678466797,True,18,134,115,1,1,0,129,RESPONSE,128,0,69,SUCCESS,False,,
164,37541,3,3,1784834850.949702,1784834850.950211,1784834850.958573,0.5090236663818359,8.362054824829102,8.871078491210938,True,18,134,115,1,1,0,129,RESPONSE,128,0,69,SUCCESS,False,,
165,37541,4,4,1784834851.960708,1784834851.962224,1784834851.967734,1.516103744506836,5.510091781616211,7.026195526123047,True,18,134,115,1,1,0,129,RESPONSE,128,0,69,SUCCESS,False,,
166,37541,5,5,1784834852.969931,1784834852.970904,1784834852.977657,0.9732246398925781,6.752967834472656,7.726192474365234,True,18,134,115,1,1,0,129,RESPONSE,128,0,69,SUCCESS,False,,
167,37541,6,6,1784834853.979796,1784834853.980267,1784834853.983727,0.4711151123046875,3.459930419921875,3.9310455322265625,True,18,134,115,1,1,0,129,RESPONSE,128,0,69,SUCCESS,False,,
168,37541,7,7,1784834854.985857,1784834854.986333,1784834854.993653,0.47588348388671875,7.320165634155273,7.796049118041992,True,18,134,115,1,1,0,129,RESPONSE,128,0,69,SUCCESS,False,,
169,37541,8,8,1784834855.995786,1784834855.996943,1784834856.002738,1.1570453643798828,5.795001983642578,6.952047348022461,True,18,134,115,1,1,0,129,RESPONSE,128,0,69,SUCCESS,False,,
170,37541,9,9,1784834857.004869,1784834857.005556,1784834857.007769,0.6871223449707031,2.213001251220703,2.9001235961914062,True,18,134,115,1,1,0,129,RESPONSE,128,0,69,SUCCESS,False,,
171,37541,10,10,1784834858.009871,1784834858.010403,1784834858.01274,0.5319118499755859,2.3369789123535156,2.8688907623291016,True,18,134,115,1,1,0,129,RESPONSE,128,0,69,SUCCESS,False,,
172,37541,11,11,1784834859.015014,1784834859.015529,1784834859.018755,0.514984130859375,3.226041793823242,3.741025924682617,True,18,134,115,1,1,0,129,RESPONSE,128,0,69,SUCCESS,False,,
173,37541,12,12,1784834860.021056,1784834860.025637,1784834860.028725,4.580974578857422,3.0879974365234375,7.668972015380859,True,18,134,115,1,1,0,129,RESPONSE,128,0,69,SUCCESS,False,,
174,37541,13,13,1784834861.030932,1784834861.031999,1784834861.037841,1.0671615600585938,5.841970443725586,6.90913200378418,True,18,134,115,1,1,0,129,RESPONSE,128,0,69,SUCCESS,False,,
175,37541,14,14,1784834862.039991,1784834862.040536,1784834862.048864,0.5450248718261719,8.327960968017578,8.87298583984375,True,18,134,115,1,1,0,129,RESPONSE,128,0,69,SUCCESS,False,,
176,37541,15,15,1784834863.051019,1784834863.051498,1784834863.055986,0.47898292541503906,4.4879913330078125,4.966974258422852,True,18,134,115,1,1,0,129,RESPONSE,128,0,69,SUCCESS,False,,
177,37541,0,0,1784834864.058076,1784834864.058541,1784834864.060307,0.46515464782714844,1.7659664154052734,2.231121063232422,True,18,134,115,1,1,0,129,RESPONSE,128,0,69,SUCCESS,False,,
178,37541,1,1,1784834865.062382,1784834865.066497,1784834865.068218,4.115104675292969,1.7209053039550781,5.836009979248047,True,18,134,115,1,1,0,129,RESPONSE,128,0,69,SUCCESS,False,,
179,37541,2,2,1784834866.070368,1784834866.070995,1784834866.072908,0.6270408630371094,1.912832260131836,2.5398731231689453,True,18,134,115,1,1,0,129,RESPONSE,128,0,69,SUCCESS,False,,
180,37541,3,3,1784834867.07503,1784834867.075538,1784834867.07738,0.5078315734863281,1.8420219421386719,2.349853515625,True,18,134,115,1,1,0,129,RESPONSE,128,0,69,SUCCESS,False,,
181,37541,4,4,1784834868.079441,1784834868.080007,1784834868.08411,0.5660057067871094,4.102945327758789,4.668951034545898,True,18,134,115,1,1,0,129,RESPONSE,128,0,69,SUCCESS,False,,
182,37541,5,5,1784834869.086231,1784834869.086699,1784834869.093988,0.4680156707763672,7.288932800292969,7.756948471069336,True,18,134,115,1,1,0,129,RESPONSE,128,0,69,SUCCESS,False,,
183,37541,6,6,1784834870.096106,1784834870.097371,1784834870.107385,1.2650489807128906,10.013818740844727,11.278867721557617,True,18,134,115,1,1,0,129,RESPONSE,128,0,69,SUCCESS,False,,
184,37541,7,7,1784834871.109468,1784834871.110197,1784834871.112123,0.7290840148925781,1.9259452819824219,2.655029296875,True,18,134,115,1,1,0,129,RESPONSE,128,0,69,SUCCESS,False,,
185,37541,8,8,1784834872.114224,1784834872.114724,1784834872.116501,0.49996376037597656,1.7771720886230469,2.2771358489990234,True,18,134,115,1,1,0,129,RESPONSE,128,0,69,SUCCESS,False,,
186,37541,9,9,1784834873.118631,1784834873.119186,1784834873.120911,0.5550384521484375,1.7249584197998047,2.279996871948242,True,18,134,115,1,1,0,129,RESPONSE,128,0,69,SUCCESS,False,,
187,37541,10,10,1784834874.123054,1784834874.123762,1784834874.125493,0.7078647613525391,1.7311573028564453,2.4390220642089844,True,18,134,115,1,1,0,129,RESPONSE,128,0,69,SUCCESS,False,,
188,37541,11,11,1784834875.127653,1784834875.128194,1784834875.129916,0.5412101745605469,1.7218589782714844,2.2630691528320312,True,18,134,115,1,1,0,129,RESPONSE,128,0,69,SUCCESS,False,,
189,37541,12,12,1784834876.13204,1784834876.132648,1784834876.138235,0.6079673767089844,5.587100982666016,6.195068359375,True,18,134,115,1,1,0,129,RESPONSE,128,0,69,SUCCESS,False,,
190,37541,13,13,1784834877.140332,1784834877.141373,1784834877.143281,1.0409355163574219,1.9080638885498047,2.9489994049072266,True,18,134,115,1,1,0,129,RESPONSE,128,0,69,SUCCESS,False,,
191,37541,14,14,1784834878.145372,1784834878.14592,1784834878.14778,0.5481243133544922,1.859903335571289,2.4080276489257812,True,18,134,115,1,1,0,129,RESPONSE,128,0,69,SUCCESS,False,,
192,37541,15,15,1784834879.149932,1784834879.150401,1784834879.15233,0.469207763671875,1.9288063049316406,2.3980140686035156,True,18,134,115,1,1,0,129,RESPONSE,128,0,69,SUCCESS,False,,
193,37541,0,0,1784834880.154389,1784834880.154897,1784834880.159247,0.5080699920654297,4.349946975708008,4.8580169677734375,True,18,134,115,1,1,0,129,RESPONSE,128,0,69,SUCCESS,False,,
194,37541,1,1,1784834881.161358,1784834881.162012,1784834881.164992,0.6539821624755859,2.9799938201904297,3.6339759826660156,True,18,134,115,1,1,0,129,RESPONSE,128,0,69,SUCCESS,False,,
195,37541,2,2,1784834882.167151,1784834882.167969,1784834882.169696,0.8180141448974609,1.7271041870117188,2.5451183319091797,True,18,134,115,1,1,0,129,RESPONSE,128,0,69,SUCCESS,False,,
196,37541,3,3,1784834883.171862,1784834883.172646,1784834883.1744,0.7841587066650391,1.7540454864501953,2.5382041931152344,True,18,134,115,1,1,0,129,RESPONSE,128,0,69,SUCCESS,False,,
197,37541,4,4,1784834884.176574,1784834884.177082,1784834884.178814,0.5080699920654297,1.73187255859375,2.2399425506591797,True,18,134,115,1,1,0,129,RESPONSE,128,0,69,SUCCESS,False,,
198,37541,5,5,1784834885.181003,1784834885.181517,1784834885.18363,0.5137920379638672,2.1131038665771484,2.6268959045410156,True,18,134,115,1,1,0,129,RESPONSE,128,0,69,SUCCESS,False,,
199,37541,6,6,1784834886.185744,1784834886.186212,1784834886.188035,0.4680156707763672,1.8229484558105469,2.290964126586914,True,18,134,115,1,1,0,129,RESPONSE,128,0,69,SUCCESS,False,,
200,37541,7,7,1784834887.190176,1784834887.190642,1784834887.192561,0.4661083221435547,1.918792724609375,2.3849010467529297,True,18,134,115,1,1,0,129,RESPONSE,128,0,69,SUCCESS,False,,
201,37541,8,8,1784834888.194678,1784834888.195149,1784834888.196971,0.47087669372558594,1.8219947814941406,2.2928714752197266,True,18,134,115,1,1,0,129,RESPONSE,128,0,69,SUCCESS,False,,
202,37541,9,9,1784834889.199094,1784834889.199509,1784834889.20128,0.41484832763671875,1.7712116241455078,2.1860599517822266,True,18,134,115,1,1,0,129,RESPONSE,128,0,69,SUCCESS,False,,
203,37541,10,10,1784834890.203425,1784834890.203959,1784834890.205673,0.5340576171875,1.7139911651611328,2.248048782348633,True,18,134,115,1,1,0,129,RESPONSE,128,0,69,SUCCESS,False,,
204,37541,11,11,1784834891.207793,1784834891.211286,1784834891.21425,3.493070602416992,2.964019775390625,6.457090377807617,True,18,134,115,1,1,0,129,RESPONSE,128,0,69,SUCCESS,False,,
205,37541,12,12,1784834892.216351,1784834892.217217,1784834892.218953,0.865936279296875,1.7359256744384766,2.6018619537353516,True,18,134,115,1,1,0,129,RESPONSE,128,0,69,SUCCESS,False,,
206,37541,13,13,1784834893.221056,1784834893.221631,1784834893.223543,0.5750656127929688,1.9118785858154297,2.4869441986083984,True,18,134,115,1,1,0,129,RESPONSE,128,0,69,SUCCESS,False,,
207,37541,14,14,1784834894.22567,1784834894.226192,1784834894.228089,0.5218982696533203,1.8970966339111328,2.418994903564453,True,18,134,115,1,1,0,129,RESPONSE,128,0,69,SUCCESS,False,,
208,37541,15,15,1784834895.230194,1784834895.230695,1784834895.232628,0.5009174346923828,1.9330978393554688,2.4340152740478516,True,18,134,115,1,1,0,129,RESPONSE,128,0,69,SUCCESS,False,,
209,37541,0,0,1784834896.234746,1784834896.235215,1784834896.236956,0.46896934509277344,1.7409324645996094,2.209901809692383,True,18,134,115,1,1,0,129,RESPONSE,128,0,69,SUCCESS,False,,
210,37541,1,1,1784834897.239049,1784834897.23964,1784834897.241345,0.5910396575927734,1.7049312591552734,2.295970916748047,True,18,134,115,1,1,0,129,RESPONSE,128,0,69,SUCCESS,False,,
211,37541,2,2,1784834898.243392,1784834898.246444,1784834898.249345,3.0519962310791016,2.9010772705078125,5.953073501586914,True,18,134,115,1,1,0,129,RESPONSE,128,0,69,SUCCESS,False,,
212,37541,3,3,1784834899.251408,1784834899.25296,1784834899.254726,1.5518665313720703,1.7659664154052734,3.3178329467773438,True,18,134,115,1,1,0,129,RESPONSE,128,0,69,SUCCESS,False,,
213,37541,4,4,1784834900.256855,1784834900.257405,1784834900.259128,0.5500316619873047,1.7230510711669922,2.273082733154297,True,18,134,115,1,1,0,129,RESPONSE,128,0,69,SUCCESS,False,,
214,37541,5,5,1784834901.261142,1784834901.261831,1784834901.263759,0.6890296936035156,1.9278526306152344,2.61688232421875,True,18,134,115,1,1,0,129,RESPONSE,128,0,69,SUCCESS,False,,
215,37541,6,6,1784834902.265866,1784834902.266371,1784834902.268108,0.5049705505371094,1.7368793487548828,2.241849899291992,True,18,134,115,1,1,0,129,RESPONSE,128,0,69,SUCCESS,False,,
216,37541,7,7,1784834903.270195,1784834903.270818,1784834903.272732,0.6229877471923828,1.9140243530273438,2.5370121002197266,True,18,134,115,1,1,0,129,RESPONSE,128,0,69,SUCCESS,False,,
217,37541,8,8,1784834904.274861,1784834904.275378,1784834904.277102,0.5168914794921875,1.7240047454833984,2.240896224975586,True,18,134,115,1,1,0,129,RESPONSE,128,0,69,SUCCESS,False,,
218,37541,9,9,1784834905.279183,1784834905.28172,1784834905.284606,2.5370121002197266,2.886056900024414,5.423069000244141,True,18,134,115,1,1,0,129,RESPONSE,128,0,69,SUCCESS,False,,
219,37541,10,10,1784834906.286734,1784834906.288292,1784834906.290013,1.5578269958496094,1.7211437225341797,3.278970718383789,True,18,134,115,1,1,0,129,RESPONSE,128,0,69,SUCCESS,False,,
220,37541,11,11,1784834907.292122,1784834907.293104,1784834907.294994,0.9820461273193359,1.8901824951171875,2.8722286224365234,True,18,134,115,1,1,0,129,RESPONSE,128,0,69,SUCCESS,False,,
221,37541,12,12,1784834908.29709,1784834908.297615,1784834908.299371,0.5249977111816406,1.7559528350830078,2.2809505462646484,True,18,134,115,1,1,0,129,RESPONSE,128,0,69,SUCCESS,False,,
222,37541,13,13,1784834909.301433,1784834909.301944,1784834909.303884,0.5109310150146484,1.940011978149414,2.4509429931640625,True,18,134,115,1,1,0,129,RESPONSE,128,0,69,SUCCESS,False,,
223,37541,14,14,1784834910.306023,1784834910.306537,1784834910.308341,0.5140304565429688,1.8041133880615234,2.318143844604492,True,18,134,115,1,1,0,129,RESPONSE,128,0,69,SUCCESS,False,,
224,37541,15,15,1784834911.310447,1784834911.310954,1784834911.31287,0.5071163177490234,1.9159317016601562,2.4230480194091797,True,18,134,115,1,1,0,129,RESPONSE,128,0,69,SUCCESS,False,,
225,37541,0,0,1784834912.315023,1784834912.316879,1784834912.319644,1.856088638305664,2.7649402618408203,4.621028900146484,True,18,134,115,1,1,0,129,RESPONSE,128,0,69,SUCCESS,False,,
226,37541,1,1,1784834913.321797,1784834913.322265,1784834913.325192,0.4680156707763672,2.927064895629883,3.39508056640625,True,18,134,115,1,1,0,129,RESPONSE,128,0,69,SUCCESS,False,,
227,37541,2,2,1784834914.327263,1784834914.328629,1784834914.330334,1.3659000396728516,1.7049312591552734,3.070831298828125,True,18,134,115,1,1,0,129,RESPONSE,128,0,69,SUCCESS,False,,
228,37541,3,3,1784834915.332441,1784834915.333266,1784834915.335057,0.8249282836914062,1.7910003662109375,2.6159286499023438,True,18,134,115,1,1,0,129,RESPONSE,128,0,69,SUCCESS,False,,
229,37541,4,4,1784834916.337157,1784834916.337719,1784834916.33945,0.5619525909423828,1.7309188842773438,2.2928714752197266,True,18,134,115,1,1,0,129,RESPONSE,128,0,69,SUCCESS,False,,
230,37541,5,5,1784834917.341542,1784834917.342135,1784834917.344045,0.5929470062255859,1.9099712371826172,2.502918243408203,True,18,134,115,1,1,0,129,RESPONSE,128,0,69,SUCCESS,False,,
231,37541,6,6,1784834918.346139,1784834918.346686,1784834918.348587,0.5469322204589844,1.9011497497558594,2.4480819702148438,True,18,134,115,1,1,0,129,RESPONSE,128,0,69,SUCCESS,False,,
232,37541,7,7,1784834919.350819,1784834919.352021,1784834919.353895,1.2018680572509766,1.8739700317382812,3.075838088989258,True,18,134,115,1,1,0,129,RESPONSE,128,0,69,SUCCESS,False,,
233,37541,8,8,1784834920.356172,1784834920.356671,1784834920.358472,0.4990100860595703,1.8010139465332031,2.3000240325927734,True,18,134,115,1,1,0,129,RESPONSE,128,0,69,SUCCESS,False,,
234,37541,9,9,1784834921.360637,1784834921.361139,1784834921.363978,0.5021095275878906,2.8388500213623047,3.3409595489501953,True,18,134,115,1,1,0,129,RESPONSE,128,0,69,SUCCESS,False,,
235,37541,10,10,1784834922.36609,1784834922.366602,1784834922.369382,0.5118846893310547,2.7799606323242188,3.2918453216552734,True,18,134,115,1,1,0,129,RESPONSE,128,0,69,SUCCESS,False,,
236,37541,11,11,1784834923.371467,1784834923.371934,1784834923.374844,0.4668235778808594,2.910137176513672,3.3769607543945312,True,18,134,115,1,1,0,129,RESPONSE,128,0,69,SUCCESS,False,,
237,37541,12,12,1784834924.377004,1784834924.37785,1784834924.379589,0.8461475372314453,1.7390251159667969,2.585172653198242,True,18,134,115,1,1,0,129,RESPONSE,128,0,69,SUCCESS,False,,
238,37541,13,13,1784834925.381703,1784834925.382271,1784834925.384214,0.5681514739990234,1.9428730010986328,2.5110244750976562,True,18,134,115,1,1,0,129,RESPONSE,128,0,69,SUCCESS,False,,
239,37541,14,14,1784834926.38637,1784834926.386846,1784834926.392654,0.4761219024658203,5.8078765869140625,6.283998489379883,True,18,134,115,1,1,0,129,RESPONSE,128,0,69,SUCCESS,False,,
240,37541,15,15,1784834927.394616,1784834927.395466,1784834927.397175,0.8502006530761719,1.708984375,2.559185028076172,True,18,134,115,1,1,0,129,RESPONSE,128,0,69,SUCCESS,False,,
241,37541,0,0,1784834928.399222,1784834928.399923,1784834928.401657,0.7011890411376953,1.734018325805664,2.4352073669433594,True,18,134,115,1,1,0,129,RESPONSE,128,0,69,SUCCESS,False,,
242,37541,1,1,1784834929.403793,1784834929.404476,1784834929.406201,0.682830810546875,1.7249584197998047,2.4077892303466797,True,18,134,115,1,1,0,129,RESPONSE,128,0,69,SUCCESS,False,,
243,37541,2,2,1784834930.408348,1784834930.408923,1784834930.410648,0.5748271942138672,1.7251968383789062,2.3000240325927734,True,18,134,115,1,1,0,129,RESPONSE,128,0,69,SUCCESS,False,,
244,37541,3,3,1784834931.41278,1784834931.413587,1784834931.415363,0.8070468902587891,1.775979995727539,2.583026885986328,True,18,134,115,1,1,0,129,RESPONSE,128,0,69,SUCCESS,False,,
245,37541,4,4,1784834932.417463,1784834932.418025,1784834932.41975,0.5619525909423828,1.7249584197998047,2.2869110107421875,True,18,134,115,1,1,0,129,RESPONSE,128,0,69,SUCCESS,False,,
246,37541,5,5,1784834933.421869,1784834933.422456,1784834933.428416,0.5869865417480469,5.959987640380859,6.546974182128906,True,18,134,115,1,1,0,129,RESPONSE,128,0,69,SUCCESS,False,,
247,37541,6,6,1784834934.43052,1784834934.431119,1784834934.432844,0.598907470703125,1.7249584197998047,2.3238658905029297,True,18,134,115,1,1,0,129,RESPONSE,128,0,69,SUCCESS,False,,
248,37541,7,7,1784834935.435001,1784834935.435584,1784834935.437302,0.5831718444824219,1.7180442810058594,2.3012161254882812,True,18,134,115,1,1,0,129,RESPONSE,128,0,69,SUCCESS,False,,
249,37541,8,8,1784834936.439418,1784834936.440115,1784834936.441841,0.6968975067138672,1.725912094116211,2.422809600830078,True,18,134,115,1,1,0,129,RESPONSE,128,0,69,SUCCESS,False,,
250,37541,9,9,1784834937.44402,1784834937.444598,1784834937.450182,0.5779266357421875,5.584001541137695,6.161928176879883,True,18,134,115,1,1,0,129,RESPONSE,128,0,69,SUCCESS,False,,
251,37541,10,10,1784834938.452224,1784834938.453292,1784834938.455074,1.0678768157958984,1.7821788787841797,2.850055694580078,True,18,134,115,1,1,0,129,RESPONSE,128,0,69,SUCCESS,False,,
252,37541,11,11,1784834939.457185,1784834939.457776,1784834939.45977,0.5910396575927734,1.9938945770263672,2.5849342346191406,True,18,134,115,1,1,0,129,RESPONSE,128,0,69,SUCCESS,False,,
253,37541,12,12,1784834940.461877,1784834940.462416,1784834940.464199,0.5388259887695312,1.783132553100586,2.321958541870117,True,18,134,115,1,1,0,129,RESPONSE,128,0,69,SUCCESS,False,,
254,37541,13,13,1784834941.466311,1784834941.466814,1784834941.468788,0.5030632019042969,1.973867416381836,2.476930618286133,True,18,134,115,1,1,0,129,RESPONSE,128,0,69,SUCCESS,False,,
255,37541,14,14,1784834942.470924,1784834942.471389,1784834942.47316,0.46515464782714844,1.7709732055664062,2.2361278533935547,True,18,134,115,1,1,0,129,RESPONSE,128,0,69,SUCCESS,False,,
256,37541,15,15,1784834943.47523,1784834943.475772,1784834943.477853,0.5419254302978516,2.081155776977539,2.6230812072753906,True,18,134,115,1,1,0,129,RESPONSE,128,0,69,SUCCESS,False,,
257,37541,0,0,1784834944.480022,1784834944.48049,1784834944.482256,0.4680156707763672,1.7659664154052734,2.2339820861816406,True,18,134,115,1,1,0,129,RESPONSE,128,0,69,SUCCESS,False,,
258,37541,1,1,1784834945.484377,1784834945.484844,1784834945.486574,0.46706199645996094,1.7299652099609375,2.1970272064208984,True,18,134,115,1,1,0,129,RESPONSE,128,0,69,SUCCESS,False,,
259,37541,2,2,1784834946.48871,1784834946.489229,1784834946.490966,0.5190372467041016,1.7371177673339844,2.256155014038086,True,18,134,115,1,1,0,129,RESPONSE,128,0,69,SUCCESS,False,,
260,37541,3,3,1784834947.493083,1784834947.497968,1784834947.499983,4.884958267211914,2.0151138305664062,6.90007209777832,True,18,134,115,1,1,0,129,RESPONSE,128,0,69,SUCCESS,False,,
261,37541,4,4,1784834948.502072,1784834948.502546,1784834948.504921,0.47397613525390625,2.374887466430664,2.8488636016845703,True,18,134,115,1,1,0,129,RESPONSE,128,0,69,SUCCESS,False,,
262,37541,5,5,1784834949.506982,1784834949.507495,1784834949.509213,0.5128383636474609,1.7180442810058594,2.2308826446533203,True,18,134,115,1,1,0,129,RESPONSE,128,0,69,SUCCESS,False,,
263,37541,6,6,1784834950.511373,1784834950.511887,1784834950.513663,0.5140304565429688,1.775979995727539,2.290010452270508,True,18,134,115,1,1,0,129,RESPONSE,128,0,69,SUCCESS,False,,
264,37541,7,7,1784834951.515818,1784834951.516365,1784834951.518048,0.5469322204589844,1.6829967498779297,2.229928970336914,True,18,134,115,1,1,0,129,RESPONSE,128,0,69,SUCCESS,False,,
265,37541,8,8,1784834952.520156,1784834952.520623,1784834952.522387,0.46706199645996094,1.764059066772461,2.231121063232422,True,18,134,115,1,1,0,129,RESPONSE,128,0,69,SUCCESS,False,,
266,37541,9,9,1784834953.524495,1784834953.524994,1784834953.526718,0.4990100860595703,1.7240047454833984,2.2230148315429688,True,18,134,115,1,1,0,129,RESPONSE,128,0,69,SUCCESS,False,,
267,37541,10,10,1784834954.52888,1784834954.533545,1784834954.535262,4.665136337280273,1.7170906066894531,6.382226943969727,True,18,134,115,1,1,0,129,RESPONSE,128,0,69,SUCCESS,False,,
268,37541,11,11,1784834955.537338,1784834955.538098,1784834955.5399,0.7600784301757812,1.8019676208496094,2.5620460510253906,True,18,134,115,1,1,0,129,RESPONSE,128,0,69,SUCCESS,False,,
269,37541,12,12,1784834956.54196,1784834956.542568,1784834956.544333,0.6079673767089844,1.7650127410888672,2.3729801177978516,True,18,134,115,1,1,0,129,RESPONSE,128,0,69,SUCCESS,False,,
270,37541,13,13,1784834957.547963,1784834957.548497,1784834957.556093,0.5340576171875,7.596015930175781,8.130073547363281,True,18,134,115,1,1,0,129,RESPONSE,128,0,69,SUCCESS,False,,
271,37541,14,14,1784834958.558204,1784834958.559746,1784834958.565619,1.5420913696289062,5.872964859008789,7.415056228637695,True,18,134,115,1,1,0,129,RESPONSE,128,0,69,SUCCESS,False,,
272,37541,15,15,1784834959.567768,1784834959.572723,1784834959.575173,4.954814910888672,2.4499893188476562,7.404804229736328,True,18,134,115,1,1,0,129,RESPONSE,128,0,69,SUCCESS,False,,
273,37541,0,0,1784834960.577326,1784834960.577835,1784834960.581282,0.5090236663818359,3.446817398071289,3.955841064453125,True,18,134,115,1,1,0,129,RESPONSE,128,0,69,SUCCESS,False,,
274,37541,1,1,1784834961.583376,1784834961.583879,1784834961.591215,0.5030632019042969,7.335901260375977,7.838964462280273,True,18,134,115,1,1,0,129,RESPONSE,128,0,69,SUCCESS,False,,
275,37541,2,2,1784834962.593371,1784834962.594587,1784834962.605235,1.2161731719970703,10.648012161254883,11.864185333251953,True,18,134,115,1,1,0,129,RESPONSE,128,0,69,SUCCESS,False,,
276,37541,3,3,1784834963.607349,1784834963.607855,1784834963.611243,0.5061626434326172,3.387928009033203,3.8940906524658203,True,18,134,115,1,1,0,129,RESPONSE,128,0,69,SUCCESS,False,,
277,37541,4,4,1784834964.613328,1784834964.618018,1784834964.621415,4.689931869506836,3.3969879150390625,8.086919784545898,True,18,134,115,1,1,0,129,RESPONSE,128,0,69,SUCCESS,False,,
278,37541,5,5,1784834965.623545,1784834965.624786,1784834965.630315,1.2409687042236328,5.529165267944336,6.770133972167969,True,18,134,115,1,1,0,129,RESPONSE,128,0,69,SUCCESS,False,,
279,37541,6,6,1784834966.632444,1784834966.633454,1784834966.638096,1.0101795196533203,4.642009735107422,5.652189254760742,True,18,134,115,1,1,0,129,RESPONSE,128,0,69,SUCCESS,False,,
280,37541,7,7,1784834967.64019,1784834967.640663,1784834967.646304,0.4730224609375,5.640983581542969,6.114006042480469,True,18,134,115,1,1,0,129,RESPONSE,128,0,69,SUCCESS,False,,
281,37541,8,8,1784834968.648363,1784834968.648847,1784834968.656282,0.4839897155761719,7.434844970703125,7.918834686279297,True,18,134,115,1,1,0,129,RESPONSE,128,0,69,SUCCESS,False,,
282,37541,9,9,1784834969.65837,1784834969.659522,1784834969.665546,1.15203857421875,6.023883819580078,7.175922393798828,True,18,134,115,1,1,0,129,RESPONSE,128,0,69,SUCCESS,False,,
283,37541,10,10,1784834970.66769,1784834970.668163,1784834970.670386,0.4730224609375,2.2230148315429688,2.6960372924804688,True,18,134,115,1,1,0,129,RESPONSE,128,0,69,SUCCESS,False,,
284,37541,11,11,1784834971.672443,1784834971.672976,1784834971.676618,0.5331039428710938,3.6420822143554688,4.1751861572265625,True,18,134,115,1,1,0,129,RESPONSE,128,0,69,SUCCESS,False,,
285,37541,12,12,1784834972.67877,1784834972.679236,1784834972.686496,0.4658699035644531,7.26008415222168,7.725954055786133,True,18,134,115,1,1,0,129,RESPONSE,128,0,69,SUCCESS,False,,
286,37541,13,13,1784834973.688661,1784834973.689954,1784834973.695678,1.2929439544677734,5.7239532470703125,7.016897201538086,True,18,134,115,1,1,0,129,RESPONSE,128,0,69,SUCCESS,False,,
287,37541,14,14,1784834974.697808,1784834974.698626,1784834974.700554,0.8180141448974609,1.9278526306152344,2.7458667755126953,True,18,134,115,1,1,0,129,RESPONSE,128,0,69,SUCCESS,False,,
288,37541,15,15,1784834975.702702,1784834975.703176,1784834975.705585,0.47397613525390625,2.4089813232421875,2.8829574584960938,True,18,134,115,1,1,0,129,RESPONSE,128,0,69,SUCCESS,False,,
289,37541,0,0,1784834976.707718,1784834976.70819,1784834976.711628,0.47206878662109375,3.4379959106445312,3.910064697265625,True,18,134,115,1,1,0,129,RESPONSE,128,0,69,SUCCESS,False,,
290,37541,1,1,1784834977.713768,1784834977.714239,1784834977.721608,0.47087669372558594,7.369041442871094,7.83991813659668,True,18,134,115,1,1,0,129,RESPONSE,128,0,69,SUCCESS,False,,
291,37541,2,2,1784834978.723725,1784834978.72504,1784834978.73072,1.3148784637451172,5.680084228515625,6.994962692260742,True,18,134,115,1,1,0,129,RESPONSE,128,0,69,SUCCESS,False,,
292,37541,3,3,1784834979.732866,1784834979.733567,1784834979.746103,0.7009506225585938,12.536048889160156,13.23699951171875,True,18,134,115,1,1,0,129,RESPONSE,128,0,69,SUCCESS,False,,
293,37541,4,4,1784834980.748232,1784834980.748705,1784834980.75613,0.4730224609375,7.425069808959961,7.898092269897461,True,18,134,115,1,1,0,129,RESPONSE,128,0,69,SUCCESS,False,,
294,37541,5,5,1784834981.758218,1784834981.759267,1784834981.760991,1.049041748046875,1.7240047454833984,2.7730464935302734,True,18,134,115,1,1,0,129,RESPONSE,128,0,69,SUCCESS,False,,
295,37541,6,6,1784834982.763092,1784834982.763757,1784834982.765492,0.6649494171142578,1.7349720001220703,2.399921417236328,True,18,134,115,1,1,0,129,RESPONSE,128,0,69,SUCCESS,False,,
296,37541,7,7,1784834983.767603,1784834983.768218,1784834983.769962,0.6151199340820312,1.7440319061279297,2.359151840209961,True,18,134,115,1,1,0,129,RESPONSE,128,0,69,SUCCESS,False,,
297,37541,8,8,1784834984.772082,1784834984.772761,1784834984.778577,0.67901611328125,5.815982818603516,6.494998931884766,True,18,134,115,1,1,0,129,RESPONSE,128,0,69,SUCCESS,False,,
298,37541,9,9,1784834985.780727,1784834985.781426,1784834985.783143,0.6990432739257812,1.7170906066894531,2.4161338806152344,True,18,134,115,1,1,0,129,RESPONSE,128,0,69,SUCCESS,False,,
299,37541,10,10,1784834986.785234,1784834986.78588,1784834986.78761,0.6461143493652344,1.7299652099609375,2.376079559326172,True,18,134,115,1,1,0,129,RESPONSE,128,0,69,SUCCESS,False,,
300,37541,11,11,1784834987.78974,1784834987.790428,1784834987.792152,0.6878376007080078,1.7240047454833984,2.4118423461914062,True,18,134,115,1,1,0,129,RESPONSE,128,0,69,SUCCESS,False,,
