row_type,config,server_nodelay,client_quickack,requested_delay_ms,reps,req_to_resp_ms_mean,req_to_resp_ms_max,responses_ok,response_bytes_ok_all,resets,pure_ack_yes,pure_ack_no,pure_ack_unknown,pure_ack_frac,request_to_ack_ms_mean,ack_to_response_ms_mean,retransmissions_sum,capture_status,rep,request_to_response_ms,response_received,response_bytes_ok,reset,pure_ack_emitted,request_to_ack_ms,ack_to_response_ms,retransmissions
aggregate,baseline,default,default,0,20,0.02,0.028,20,True,0,0,0,20,,,,,undetermined-needs-privileged-capture,,,,,,,,,
aggregate,baseline,default,default,1,20,1.104,1.157,20,True,0,0,0,20,,,,,undetermined-needs-privileged-capture,,,,,,,,,
aggregate,baseline,default,default,2,20,2.102,2.117,20,True,0,0,0,20,,,,,undetermined-needs-privileged-capture,,,,,,,,,
aggregate,baseline,default,default,5,20,5.311,6.065,20,True,0,0,0,20,,,,,undetermined-needs-privileged-capture,,,,,,,,,
aggregate,baseline,default,default,10,20,10.321,10.821,20,True,0,0,0,20,,,,,undetermined-needs-privileged-capture,,,,,,,,,
aggregate,baseline,default,default,20,20,20.462,20.811,20,True,0,0,0,20,,,,,undetermined-needs-privileged-capture,,,,,,,,,
aggregate,baseline,default,default,50,20,50.467,50.797,20,True,0,0,0,20,,,,,undetermined-needs-privileged-capture,,,,,,,,,
aggregate,server_nodelay_on,on,default,0,20,0.038,0.049,20,True,0,0,0,20,,,,,undetermined-needs-privileged-capture,,,,,,,,,
aggregate,server_nodelay_on,on,default,1,20,1.099,1.12,20,True,0,0,0,20,,,,,undetermined-needs-privileged-capture,,,,,,,,,
aggregate,server_nodelay_on,on,default,2,20,2.216,3.009,20,True,0,0,0,20,,,,,undetermined-needs-privileged-capture,,,,,,,,,
aggregate,server_nodelay_on,on,default,5,20,5.334,5.965,20,True,0,0,0,20,,,,,undetermined-needs-privileged-capture,,,,,,,,,
aggregate,server_nodelay_on,on,default,10,20,10.384,10.798,20,True,0,0,0,20,,,,,undetermined-needs-privileged-capture,,,,,,,,,
aggregate,server_nodelay_on,on,default,20,20,20.489,20.75,20,True,0,0,0,20,,,,,undetermined-needs-privileged-capture,,,,,,,,,
aggregate,server_nodelay_on,on,default,50,20,50.409,50.832,20,True,0,0,0,20,,,,,undetermined-needs-privileged-capture,,,,,,,,,
aggregate,server_nodelay_off,off,default,0,20,0.037,0.052,20,True,0,0,0,20,,,,,undetermined-needs-privileged-capture,,,,,,,,,
aggregate,server_nodelay_off,off,default,1,20,1.107,1.133,20,True,0,0,0,20,,,,,undetermined-needs-privileged-capture,,,,,,,,,
aggregate,server_nodelay_off,off,default,2,20,2.13,2.52,20,True,0,0,0,20,,,,,undetermined-needs-privileged-capture,,,,,,,,,
aggregate,server_nodelay_off,off,default,5,20,5.122,5.147,20,True,0,0,0,20,,,,,undetermined-needs-privileged-capture,,,,,,,,,
aggregate,server_nodelay_off,off,default,10,20,10.46,10.784,20,True,0,0,0,20,,,,,undetermined-needs-privileged-capture,,,,,,,,,
aggregate,server_nodelay_off,off,default,20,20,20.461,20.854,20,True,0,0,0,20,,,,,undetermined-needs-privileged-capture,,,,,,,,,
aggregate,server_nodelay_off,off,default,50,20,50.445,50.847,20,True,0,0,0,20,,,,,undetermined-needs-privileged-capture,,,,,,,,,
aggregate,client_quickack_on,default,on,0,20,0.035,0.063,20,True,0,0,0,20,,,,,undetermined-needs-privileged-capture,,,,,,,,,
aggregate,client_quickack_on,default,on,1,20,1.132,1.638,20,True,0,0,0,20,,,,,undetermined-needs-privileged-capture,,,,,,,,,
aggregate,client_quickack_on,default,on,2,20,2.102,2.107,20,True,0,0,0,20,,,,,undetermined-needs-privileged-capture,,,,,,,,,
aggregate,client_quickack_on,default,on,5,20,5.13,5.144,20,True,0,0,0,20,,,,,undetermined-needs-privileged-capture,,,,,,,,,
aggregate,client_quickack_on,default,on,10,20,10.193,10.276,20,True,0,0,0,20,,,,,undetermined-needs-privileged-capture,,,,,,,,,
aggregate,client_quickack_on,default,on,20,20,20.255,20.647,20,True,0,0,0,20,,,,,undetermined-needs-privileged-capture,,,,,,,,,
aggregate,client_quickack_on,default,on,50,20,50.489,50.872,20,True,0,0,0,20,,,,,undetermined-needs-privileged-capture,,,,,,,,,
raw,baseline,default,default,0,,,,,,,,,,,,,,undetermined-needs-privileged-capture,0,0.028,True,True,False,unknown,,,
raw,baseline,default,default,0,,,,,,,,,,,,,,undetermined-needs-privileged-capture,1,0.028,True,True,False,unknown,,,
raw,baseline,default,default,0,,,,,,,,,,,,,,undetermined-needs-privileged-capture,2,0.022,True,True,False,unknown,,,
raw,baseline,default,default,0,,,,,,,,,,,,,,undetermined-needs-privileged-capture,3,0.021,True,True,False,unknown,,,
raw,baseline,default,default,0,,,,,,,,,,,,,,undetermined-needs-privileged-capture,4,0.02,True,True,False,unknown,,,
raw,baseline,default,default,0,,,,,,,,,,,,,,undetermined-needs-privileged-capture,5,0.02,True,True,False,unknown,,,
raw,baseline,default,default,0,,,,,,,,,,,,,,undetermined-needs-privileged-capture,6,0.019,True,True,False,unknown,,,
raw,baseline,default,default,0,,,,,,,,,,,,,,undetermined-needs-privileged-capture,7,0.019,True,True,False,unknown,,,
raw,baseline,default,default,0,,,,,,,,,,,,,,undetermined-needs-privileged-capture,8,0.019,True,True,False,unknown,,,
raw,baseline,default,default,0,,,,,,,,,,,,,,undetermined-needs-privileged-capture,9,0.019,True,True,False,unknown,,,
raw,baseline,default,default,0,,,,,,,,,,,,,,undetermined-needs-privileged-capture,10,0.019,True,True,False,unknown,,,
raw,baseline,default,default,0,,,,,,,,,,,,,,undetermined-needs-privileged-capture,11,0.019,True,True,False,unknown,,,
raw,baseline,default,default,0,,,,,,,,,,,,,,undetermined-needs-privileged-capture,12,0.019,True,True,False,unknown,,,
raw,baseline,default,default,0,,,,,,,,,,,,,,undetermined-needs-privileged-capture,13,0.019,True,True,False,unknown,,,
raw,baseline,default,default,0,,,,,,,,,,,,,,undetermined-needs-privileged-capture,14,0.019,True,True,False,unknown,,,
raw,baseline,default,default,0,,,,,,,,,,,,,,undetermined-needs-privileged-capture,15,0.019,True,True,False,unknown,,,
raw,baseline,default,default,0,,,,,,,,,,,,,,undetermined-needs-privileged-capture,16,0.019,True,True,False,unknown,,,
raw,baseline,default,default,0,,,,,,,,,,,,,,undetermined-needs-privileged-capture,17,0.019,True,True,False,unknown,,,
raw,baseline,default,default,0,,,,,,,,,,,,,,undetermined-needs-privileged-capture,18,0.02,True,True,False,unknown,,,
raw,baseline,default,default,0,,,,,,,,,,,,,,undetermined-needs-privileged-capture,19,0.019,True,True,False,unknown,,,
raw,baseline,default,default,1,,,,,,,,,,,,,,undetermined-needs-privileged-capture,0,1.081,True,True,False,unknown,,,
raw,baseline,default,default,1,,,,,,,,,,,,,,undetermined-needs-privileged-capture,1,1.084,True,True,False,unknown,,,
raw,baseline,default,default,1,,,,,,,,,,,,,,undetermined-needs-privileged-capture,2,1.104,True,True,False,unknown,,,
raw,baseline,default,default,1,,,,,,,,,,,,,,undetermined-needs-privileged-capture,3,1.113,True,True,False,unknown,,,
raw,baseline,default,default,1,,,,,,,,,,,,,,undetermined-needs-privileged-capture,4,1.112,True,True,False,unknown,,,
raw,baseline,default,default,1,,,,,,,,,,,,,,undetermined-needs-privileged-capture,5,1.115,True,True,False,unknown,,,
raw,baseline,default,default,1,,,,,,,,,,,,,,undetermined-needs-privileged-capture,6,1.12,True,True,False,unknown,,,
raw,baseline,default,default,1,,,,,,,,,,,,,,undetermined-needs-privileged-capture,7,1.112,True,True,False,unknown,,,
raw,baseline,default,default,1,,,,,,,,,,,,,,undetermined-needs-privileged-capture,8,1.112,True,True,False,unknown,,,
raw,baseline,default,default,1,,,,,,,,,,,,,,undetermined-needs-privileged-capture,9,1.097,True,True,False,unknown,,,
raw,baseline,default,default,1,,,,,,,,,,,,,,undetermined-needs-privileged-capture,10,1.089,True,True,False,unknown,,,
raw,baseline,default,default,1,,,,,,,,,,,,,,undetermined-needs-privileged-capture,11,1.086,True,True,False,unknown,,,
raw,baseline,default,default,1,,,,,,,,,,,,,,undetermined-needs-privileged-capture,12,1.085,True,True,False,unknown,,,
raw,baseline,default,default,1,,,,,,,,,,,,,,undetermined-needs-privileged-capture,13,1.086,True,True,False,unknown,,,
raw,baseline,default,default,1,,,,,,,,,,,,,,undetermined-needs-privileged-capture,14,1.112,True,True,False,unknown,,,
raw,baseline,default,default,1,,,,,,,,,,,,,,undetermined-needs-privileged-capture,15,1.157,True,True,False,unknown,,,
raw,baseline,default,default,1,,,,,,,,,,,,,,undetermined-needs-privileged-capture,16,1.114,True,True,False,unknown,,,
raw,baseline,default,default,1,,,,,,,,,,,,,,undetermined-needs-privileged-capture,17,1.099,True,True,False,unknown,,,
raw,baseline,default,default,1,,,,,,,,,,,,,,undetermined-needs-privileged-capture,18,1.1,True,True,False,unknown,,,
raw,baseline,default,default,1,,,,,,,,,,,,,,undetermined-needs-privileged-capture,19,1.097,True,True,False,unknown,,,
raw,baseline,default,default,2,,,,,,,,,,,,,,undetermined-needs-privileged-capture,0,2.096,True,True,False,unknown,,,
raw,baseline,default,default,2,,,,,,,,,,,,,,undetermined-needs-privileged-capture,1,2.117,True,True,False,unknown,,,
raw,baseline,default,default,2,,,,,,,,,,,,,,undetermined-needs-privileged-capture,2,2.105,True,True,False,unknown,,,
raw,baseline,default,default,2,,,,,,,,,,,,,,undetermined-needs-privileged-capture,3,2.098,True,True,False,unknown,,,
raw,baseline,default,default,2,,,,,,,,,,,,,,undetermined-needs-privileged-capture,4,2.096,True,True,False,unknown,,,
raw,baseline,default,default,2,,,,,,,,,,,,,,undetermined-needs-privileged-capture,5,2.103,True,True,False,unknown,,,
raw,baseline,default,default,2,,,,,,,,,,,,,,undetermined-needs-privileged-capture,6,2.101,True,True,False,unknown,,,
raw,baseline,default,default,2,,,,,,,,,,,,,,undetermined-needs-privileged-capture,7,2.095,True,True,False,unknown,,,
raw,baseline,default,default,2,,,,,,,,,,,,,,undetermined-needs-privileged-capture,8,2.097,True,True,False,unknown,,,
raw,baseline,default,default,2,,,,,,,,,,,,,,undetermined-needs-privileged-capture,9,2.095,True,True,False,unknown,,,
raw,baseline,default,default,2,,,,,,,,,,,,,,undetermined-needs-privileged-capture,10,2.096,True,True,False,unknown,,,
raw,baseline,default,default,2,,,,,,,,,,,,,,undetermined-needs-privileged-capture,11,2.097,True,True,False,unknown,,,
raw,baseline,default,default,2,,,,,,,,,,,,,,undetermined-needs-privileged-capture,12,2.11,True,True,False,unknown,,,
raw,baseline,default,default,2,,,,,,,,,,,,,,undetermined-needs-privileged-capture,13,2.117,True,True,False,unknown,,,
raw,baseline,default,default,2,,,,,,,,,,,,,,undetermined-needs-privileged-capture,14,2.102,True,True,False,unknown,,,
raw,baseline,default,default,2,,,,,,,,,,,,,,undetermined-needs-privileged-capture,15,2.1,True,True,False,unknown,,,
raw,baseline,default,default,2,,,,,,,,,,,,,,undetermined-needs-privileged-capture,16,2.098,True,True,False,unknown,,,
raw,baseline,default,default,2,,,,,,,,,,,,,,undetermined-needs-privileged-capture,17,2.116,True,True,False,unknown,,,
raw,baseline,default,default,2,,,,,,,,,,,,,,undetermined-needs-privileged-capture,18,2.107,True,True,False,unknown,,,
raw,baseline,default,default,2,,,,,,,,,,,,,,undetermined-needs-privileged-capture,19,2.102,True,True,False,unknown,,,
raw,baseline,default,default,5,,,,,,,,,,,,,,undetermined-needs-privileged-capture,0,5.124,True,True,False,unknown,,,
raw,baseline,default,default,5,,,,,,,,,,,,,,undetermined-needs-privileged-capture,1,5.113,True,True,False,unknown,,,
raw,baseline,default,default,5,,,,,,,,,,,,,,undetermined-needs-privileged-capture,2,5.117,True,True,False,unknown,,,
raw,baseline,default,default,5,,,,,,,,,,,,,,undetermined-needs-privileged-capture,3,5.109,True,True,False,unknown,,,
raw,baseline,default,default,5,,,,,,,,,,,,,,undetermined-needs-privileged-capture,4,5.119,True,True,False,unknown,,,
raw,baseline,default,default,5,,,,,,,,,,,,,,undetermined-needs-privileged-capture,5,5.108,True,True,False,unknown,,,
raw,baseline,default,default,5,,,,,,,,,,,,,,undetermined-needs-privileged-capture,6,5.141,True,True,False,unknown,,,
raw,baseline,default,default,5,,,,,,,,,,,,,,undetermined-needs-privileged-capture,7,5.139,True,True,False,unknown,,,
raw,baseline,default,default,5,,,,,,,,,,,,,,undetermined-needs-privileged-capture,8,5.151,True,True,False,unknown,,,
raw,baseline,default,default,5,,,,,,,,,,,,,,undetermined-needs-privileged-capture,9,5.173,True,True,False,unknown,,,
raw,baseline,default,default,5,,,,,,,,,,,,,,undetermined-needs-privileged-capture,10,5.197,True,True,False,unknown,,,
raw,baseline,default,default,5,,,,,,,,,,,,,,undetermined-needs-privileged-capture,11,5.599,True,True,False,unknown,,,
raw,baseline,default,default,5,,,,,,,,,,,,,,undetermined-needs-privileged-capture,12,5.623,True,True,False,unknown,,,
raw,baseline,default,default,5,,,,,,,,,,,,,,undetermined-needs-privileged-capture,13,5.617,True,True,False,unknown,,,
raw,baseline,default,default,5,,,,,,,,,,,,,,undetermined-needs-privileged-capture,14,6.065,True,True,False,unknown,,,
raw,baseline,default,default,5,,,,,,,,,,,,,,undetermined-needs-privileged-capture,15,5.596,True,True,False,unknown,,,
raw,baseline,default,default,5,,,,,,,,,,,,,,undetermined-needs-privileged-capture,16,5.462,True,True,False,unknown,,,
raw,baseline,default,default,5,,,,,,,,,,,,,,undetermined-needs-privileged-capture,17,5.373,True,True,False,unknown,,,
raw,baseline,default,default,5,,,,,,,,,,,,,,undetermined-needs-privileged-capture,18,5.206,True,True,False,unknown,,,
raw,baseline,default,default,5,,,,,,,,,,,,,,undetermined-needs-privileged-capture,19,5.181,True,True,False,unknown,,,
raw,baseline,default,default,10,,,,,,,,,,,,,,undetermined-needs-privileged-capture,0,10.159,True,True,False,unknown,,,
raw,baseline,default,default,10,,,,,,,,,,,,,,undetermined-needs-privileged-capture,1,10.15,True,True,False,unknown,,,
raw,baseline,default,default,10,,,,,,,,,,,,,,undetermined-needs-privileged-capture,2,10.155,True,True,False,unknown,,,
raw,baseline,default,default,10,,,,,,,,,,,,,,undetermined-needs-privileged-capture,3,10.149,True,True,False,unknown,,,
raw,baseline,default,default,10,,,,,,,,,,,,,,undetermined-needs-privileged-capture,4,10.512,True,True,False,unknown,,,
raw,baseline,default,default,10,,,,,,,,,,,,,,undetermined-needs-privileged-capture,5,10.124,True,True,False,unknown,,,
raw,baseline,default,default,10,,,,,,,,,,,,,,undetermined-needs-privileged-capture,6,10.125,True,True,False,unknown,,,
raw,baseline,default,default,10,,,,,,,,,,,,,,undetermined-needs-privileged-capture,7,10.141,True,True,False,unknown,,,
raw,baseline,default,default,10,,,,,,,,,,,,,,undetermined-needs-privileged-capture,8,10.134,True,True,False,unknown,,,
raw,baseline,default,default,10,,,,,,,,,,,,,,undetermined-needs-privileged-capture,9,10.138,True,True,False,unknown,,,
raw,baseline,default,default,10,,,,,,,,,,,,,,undetermined-needs-privileged-capture,10,10.15,True,True,False,unknown,,,
raw,baseline,default,default,10,,,,,,,,,,,,,,undetermined-needs-privileged-capture,11,10.154,True,True,False,unknown,,,
raw,baseline,default,default,10,,,,,,,,,,,,,,undetermined-needs-privileged-capture,12,10.729,True,True,False,unknown,,,
raw,baseline,default,default,10,,,,,,,,,,,,,,undetermined-needs-privileged-capture,13,10.301,True,True,False,unknown,,,
raw,baseline,default,default,10,,,,,,,,,,,,,,undetermined-needs-privileged-capture,14,10.624,True,True,False,unknown,,,
raw,baseline,default,default,10,,,,,,,,,,,,,,undetermined-needs-privileged-capture,15,10.821,True,True,False,unknown,,,
raw,baseline,default,default,10,,,,,,,,,,,,,,undetermined-needs-privileged-capture,16,10.669,True,True,False,unknown,,,
raw,baseline,default,default,10,,,,,,,,,,,,,,undetermined-needs-privileged-capture,17,10.631,True,True,False,unknown,,,
raw,baseline,default,default,10,,,,,,,,,,,,,,undetermined-needs-privileged-capture,18,10.277,True,True,False,unknown,,,
raw,baseline,default,default,10,,,,,,,,,,,,,,undetermined-needs-privileged-capture,19,10.28,True,True,False,unknown,,,
raw,baseline,default,default,20,,,,,,,,,,,,,,undetermined-needs-privileged-capture,0,20.811,True,True,False,unknown,,,
raw,baseline,default,default,20,,,,,,,,,,,,,,undetermined-needs-privileged-capture,1,20.342,True,True,False,unknown,,,
raw,baseline,default,default,20,,,,,,,,,,,,,,undetermined-needs-privileged-capture,2,20.637,True,True,False,unknown,,,
raw,baseline,default,default,20,,,,,,,,,,,,,,undetermined-needs-privileged-capture,3,20.653,True,True,False,unknown,,,
raw,baseline,default,default,20,,,,,,,,,,,,,,undetermined-needs-privileged-capture,4,20.389,True,True,False,unknown,,,
raw,baseline,default,default,20,,,,,,,,,,,,,,undetermined-needs-privileged-capture,5,20.62,True,True,False,unknown,,,
raw,baseline,default,default,20,,,,,,,,,,,,,,undetermined-needs-privileged-capture,6,20.646,True,True,False,unknown,,,
raw,baseline,default,default,20,,,,,,,,,,,,,,undetermined-needs-privileged-capture,7,20.778,True,True,False,unknown,,,
raw,baseline,default,default,20,,,,,,,,,,,,,,undetermined-needs-privileged-capture,8,20.214,True,True,False,unknown,,,
raw,baseline,default,default,20,,,,,,,,,,,,,,undetermined-needs-privileged-capture,9,20.165,True,True,False,unknown,,,
raw,baseline,default,default,20,,,,,,,,,,,,,,undetermined-needs-privileged-capture,10,20.638,True,True,False,unknown,,,
raw,baseline,default,default,20,,,,,,,,,,,,,,undetermined-needs-privileged-capture,11,20.368,True,True,False,unknown,,,
raw,baseline,default,default,20,,,,,,,,,,,,,,undetermined-needs-privileged-capture,12,20.298,True,True,False,unknown,,,
raw,baseline,default,default,20,,,,,,,,,,,,,,undetermined-needs-privileged-capture,13,20.627,True,True,False,unknown,,,
raw,baseline,default,default,20,,,,,,,,,,,,,,undetermined-needs-privileged-capture,14,20.219,True,True,False,unknown,,,
raw,baseline,default,default,20,,,,,,,,,,,,,,undetermined-needs-privileged-capture,15,20.159,True,True,False,unknown,,,
raw,baseline,default,default,20,,,,,,,,,,,,,,undetermined-needs-privileged-capture,16,20.145,True,True,False,unknown,,,
raw,baseline,default,default,20,,,,,,,,,,,,,,undetermined-needs-privileged-capture,17,20.275,True,True,False,unknown,,,
raw,baseline,default,default,20,,,,,,,,,,,,,,undetermined-needs-privileged-capture,18,20.612,True,True,False,unknown,,,
raw,baseline,default,default,20,,,,,,,,,,,,,,undetermined-needs-privileged-capture,19,20.641,True,True,False,unknown,,,
raw,baseline,default,default,50,,,,,,,,,,,,,,undetermined-needs-privileged-capture,0,50.768,True,True,False,unknown,,,
raw,baseline,default,default,50,,,,,,,,,,,,,,undetermined-needs-privileged-capture,1,50.625,True,True,False,unknown,,,
raw,baseline,default,default,50,,,,,,,,,,,,,,undetermined-needs-privileged-capture,2,50.27,True,True,False,unknown,,,
raw,baseline,default,default,50,,,,,,,,,,,,,,undetermined-needs-privileged-capture,3,50.613,True,True,False,unknown,,,
raw,baseline,default,default,50,,,,,,,,,,,,,,undetermined-needs-privileged-capture,4,50.797,True,True,False,unknown,,,
raw,baseline,default,default,50,,,,,,,,,,,,,,undetermined-needs-privileged-capture,5,50.658,True,True,False,unknown,,,
raw,baseline,default,default,50,,,,,,,,,,,,,,undetermined-needs-privileged-capture,6,50.613,True,True,False,unknown,,,
raw,baseline,default,default,50,,,,,,,,,,,,,,undetermined-needs-privileged-capture,7,50.222,True,True,False,unknown,,,
raw,baseline,default,default,50,,,,,,,,,,,,,,undetermined-needs-privileged-capture,8,50.177,True,True,False,unknown,,,
raw,baseline,default,default,50,,,,,,,,,,,,,,undetermined-needs-privileged-capture,9,50.607,True,True,False,unknown,,,
raw,baseline,default,default,50,,,,,,,,,,,,,,undetermined-needs-privileged-capture,10,50.657,True,True,False,unknown,,,
raw,baseline,default,default,50,,,,,,,,,,,,,,undetermined-needs-privileged-capture,11,50.337,True,True,False,unknown,,,
raw,baseline,default,default,50,,,,,,,,,,,,,,undetermined-needs-privileged-capture,12,50.691,True,True,False,unknown,,,
raw,baseline,default,default,50,,,,,,,,,,,,,,undetermined-needs-privileged-capture,13,50.273,True,True,False,unknown,,,
raw,baseline,default,default,50,,,,,,,,,,,,,,undetermined-needs-privileged-capture,14,50.603,True,True,False,unknown,,,
raw,baseline,default,default,50,,,,,,,,,,,,,,undetermined-needs-privileged-capture,15,50.25,True,True,False,unknown,,,
raw,baseline,default,default,50,,,,,,,,,,,,,,undetermined-needs-privileged-capture,16,50.231,True,True,False,unknown,,,
raw,baseline,default,default,50,,,,,,,,,,,,,,undetermined-needs-privileged-capture,17,50.269,True,True,False,unknown,,,
raw,baseline,default,default,50,,,,,,,,,,,,,,undetermined-needs-privileged-capture,18,50.461,True,True,False,unknown,,,
raw,baseline,default,default,50,,,,,,,,,,,,,,undetermined-needs-privileged-capture,19,50.22,True,True,False,unknown,,,
raw,server_nodelay_on,on,default,0,,,,,,,,,,,,,,undetermined-needs-privileged-capture,0,0.047,True,True,False,unknown,,,
raw,server_nodelay_on,on,default,0,,,,,,,,,,,,,,undetermined-needs-privileged-capture,1,0.042,True,True,False,unknown,,,
raw,server_nodelay_on,on,default,0,,,,,,,,,,,,,,undetermined-needs-privileged-capture,2,0.039,True,True,False,unknown,,,
raw,server_nodelay_on,on,default,0,,,,,,,,,,,,,,undetermined-needs-privileged-capture,3,0.037,True,True,False,unknown,,,
raw,server_nodelay_on,on,default,0,,,,,,,,,,,,,,undetermined-needs-privileged-capture,4,0.036,True,True,False,unknown,,,
raw,server_nodelay_on,on,default,0,,,,,,,,,,,,,,undetermined-needs-privileged-capture,5,0.035,True,True,False,unknown,,,
raw,server_nodelay_on,on,default,0,,,,,,,,,,,,,,undetermined-needs-privileged-capture,6,0.045,True,True,False,unknown,,,
raw,server_nodelay_on,on,default,0,,,,,,,,,,,,,,undetermined-needs-privileged-capture,7,0.038,True,True,False,unknown,,,
raw,server_nodelay_on,on,default,0,,,,,,,,,,,,,,undetermined-needs-privileged-capture,8,0.04,True,True,False,unknown,,,
raw,server_nodelay_on,on,default,0,,,,,,,,,,,,,,undetermined-needs-privileged-capture,9,0.049,True,True,False,unknown,,,
raw,server_nodelay_on,on,default,0,,,,,,,,,,,,,,undetermined-needs-privileged-capture,10,0.035,True,True,False,unknown,,,
raw,server_nodelay_on,on,default,0,,,,,,,,,,,,,,undetermined-needs-privileged-capture,11,0.034,True,True,False,unknown,,,
raw,server_nodelay_on,on,default,0,,,,,,,,,,,,,,undetermined-needs-privileged-capture,12,0.035,True,True,False,unknown,,,
raw,server_nodelay_on,on,default,0,,,,,,,,,,,,,,undetermined-needs-privileged-capture,13,0.035,True,True,False,unknown,,,
raw,server_nodelay_on,on,default,0,,,,,,,,,,,,,,undetermined-needs-privileged-capture,14,0.036,True,True,False,unknown,,,
raw,server_nodelay_on,on,default,0,,,,,,,,,,,,,,undetermined-needs-privileged-capture,15,0.042,True,True,False,unknown,,,
raw,server_nodelay_on,on,default,0,,,,,,,,,,,,,,undetermined-needs-privileged-capture,16,0.035,True,True,False,unknown,,,
raw,server_nodelay_on,on,default,0,,,,,,,,,,,,,,undetermined-needs-privileged-capture,17,0.035,True,True,False,unknown,,,
raw,server_nodelay_on,on,default,0,,,,,,,,,,,,,,undetermined-needs-privileged-capture,18,0.035,True,True,False,unknown,,,
raw,server_nodelay_on,on,default,0,,,,,,,,,,,,,,undetermined-needs-privileged-capture,19,0.034,True,True,False,unknown,,,
raw,server_nodelay_on,on,default,1,,,,,,,,,,,,,,undetermined-needs-privileged-capture,0,1.111,True,True,False,unknown,,,
raw,server_nodelay_on,on,default,1,,,,,,,,,,,,,,undetermined-needs-privileged-capture,1,1.096,True,True,False,unknown,,,
raw,server_nodelay_on,on,default,1,,,,,,,,,,,,,,undetermined-needs-privileged-capture,2,1.094,True,True,False,unknown,,,
raw,server_nodelay_on,on,default,1,,,,,,,,,,,,,,undetermined-needs-privileged-capture,3,1.096,True,True,False,unknown,,,
raw,server_nodelay_on,on,default,1,,,,,,,,,,,,,,undetermined-needs-privileged-capture,4,1.098,True,True,False,unknown,,,
raw,server_nodelay_on,on,default,1,,,,,,,,,,,,,,undetermined-needs-privileged-capture,5,1.096,True,True,False,unknown,,,
raw,server_nodelay_on,on,default,1,,,,,,,,,,,,,,undetermined-needs-privileged-capture,6,1.096,True,True,False,unknown,,,
raw,server_nodelay_on,on,default,1,,,,,,,,,,,,,,undetermined-needs-privileged-capture,7,1.1,True,True,False,unknown,,,
raw,server_nodelay_on,on,default,1,,,,,,,,,,,,,,undetermined-needs-privileged-capture,8,1.12,True,True,False,unknown,,,
raw,server_nodelay_on,on,default,1,,,,,,,,,,,,,,undetermined-needs-privileged-capture,9,1.107,True,True,False,unknown,,,
raw,server_nodelay_on,on,default,1,,,,,,,,,,,,,,undetermined-needs-privileged-capture,10,1.1,True,True,False,unknown,,,
raw,server_nodelay_on,on,default,1,,,,,,,,,,,,,,undetermined-needs-privileged-capture,11,1.099,True,True,False,unknown,,,
raw,server_nodelay_on,on,default,1,,,,,,,,,,,,,,undetermined-needs-privileged-capture,12,1.096,True,True,False,unknown,,,
raw,server_nodelay_on,on,default,1,,,,,,,,,,,,,,undetermined-needs-privileged-capture,13,1.048,True,True,False,unknown,,,
raw,server_nodelay_on,on,default,1,,,,,,,,,,,,,,undetermined-needs-privileged-capture,14,1.097,True,True,False,unknown,,,
raw,server_nodelay_on,on,default,1,,,,,,,,,,,,,,undetermined-needs-privileged-capture,15,1.102,True,True,False,unknown,,,
raw,server_nodelay_on,on,default,1,,,,,,,,,,,,,,undetermined-needs-privileged-capture,16,1.114,True,True,False,unknown,,,
raw,server_nodelay_on,on,default,1,,,,,,,,,,,,,,undetermined-needs-privileged-capture,17,1.106,True,True,False,unknown,,,
raw,server_nodelay_on,on,default,1,,,,,,,,,,,,,,undetermined-needs-privileged-capture,18,1.105,True,True,False,unknown,,,
raw,server_nodelay_on,on,default,1,,,,,,,,,,,,,,undetermined-needs-privileged-capture,19,1.103,True,True,False,unknown,,,
raw,server_nodelay_on,on,default,2,,,,,,,,,,,,,,undetermined-needs-privileged-capture,0,2.141,True,True,False,unknown,,,
raw,server_nodelay_on,on,default,2,,,,,,,,,,,,,,undetermined-needs-privileged-capture,1,2.138,True,True,False,unknown,,,
raw,server_nodelay_on,on,default,2,,,,,,,,,,,,,,undetermined-needs-privileged-capture,2,2.137,True,True,False,unknown,,,
raw,server_nodelay_on,on,default,2,,,,,,,,,,,,,,undetermined-needs-privileged-capture,3,2.137,True,True,False,unknown,,,
raw,server_nodelay_on,on,default,2,,,,,,,,,,,,,,undetermined-needs-privileged-capture,4,2.142,True,True,False,unknown,,,
raw,server_nodelay_on,on,default,2,,,,,,,,,,,,,,undetermined-needs-privileged-capture,5,2.133,True,True,False,unknown,,,
raw,server_nodelay_on,on,default,2,,,,,,,,,,,,,,undetermined-needs-privileged-capture,6,2.139,True,True,False,unknown,,,
raw,server_nodelay_on,on,default,2,,,,,,,,,,,,,,undetermined-needs-privileged-capture,7,2.131,True,True,False,unknown,,,
raw,server_nodelay_on,on,default,2,,,,,,,,,,,,,,undetermined-needs-privileged-capture,8,2.139,True,True,False,unknown,,,
raw,server_nodelay_on,on,default,2,,,,,,,,,,,,,,undetermined-needs-privileged-capture,9,2.13,True,True,False,unknown,,,
raw,server_nodelay_on,on,default,2,,,,,,,,,,,,,,undetermined-needs-privileged-capture,10,2.138,True,True,False,unknown,,,
raw,server_nodelay_on,on,default,2,,,,,,,,,,,,,,undetermined-needs-privileged-capture,11,2.549,True,True,False,unknown,,,
raw,server_nodelay_on,on,default,2,,,,,,,,,,,,,,undetermined-needs-privileged-capture,12,2.423,True,True,False,unknown,,,
raw,server_nodelay_on,on,default,2,,,,,,,,,,,,,,undetermined-needs-privileged-capture,13,3.009,True,True,False,unknown,,,
raw,server_nodelay_on,on,default,2,,,,,,,,,,,,,,undetermined-needs-privileged-capture,14,2.142,True,True,False,unknown,,,
raw,server_nodelay_on,on,default,2,,,,,,,,,,,,,,undetermined-needs-privileged-capture,15,2.135,True,True,False,unknown,,,
raw,server_nodelay_on,on,default,2,,,,,,,,,,,,,,undetermined-needs-privileged-capture,16,2.144,True,True,False,unknown,,,
raw,server_nodelay_on,on,default,2,,,,,,,,,,,,,,undetermined-needs-privileged-capture,17,2.141,True,True,False,unknown,,,
raw,server_nodelay_on,on,default,2,,,,,,,,,,,,,,undetermined-needs-privileged-capture,18,2.134,True,True,False,unknown,,,
raw,server_nodelay_on,on,default,2,,,,,,,,,,,,,,undetermined-needs-privileged-capture,19,2.137,True,True,False,unknown,,,
raw,server_nodelay_on,on,default,5,,,,,,,,,,,,,,undetermined-needs-privileged-capture,0,5.136,True,True,False,unknown,,,
raw,server_nodelay_on,on,default,5,,,,,,,,,,,,,,undetermined-needs-privileged-capture,1,5.14,True,True,False,unknown,,,
raw,server_nodelay_on,on,default,5,,,,,,,,,,,,,,undetermined-needs-privileged-capture,2,5.151,True,True,False,unknown,,,
raw,server_nodelay_on,on,default,5,,,,,,,,,,,,,,undetermined-needs-privileged-capture,3,5.137,True,True,False,unknown,,,
raw,server_nodelay_on,on,default,5,,,,,,,,,,,,,,undetermined-needs-privileged-capture,4,5.152,True,True,False,unknown,,,
raw,server_nodelay_on,on,default,5,,,,,,,,,,,,,,undetermined-needs-privileged-capture,5,5.138,True,True,False,unknown,,,
raw,server_nodelay_on,on,default,5,,,,,,,,,,,,,,undetermined-needs-privileged-capture,6,5.965,True,True,False,unknown,,,
raw,server_nodelay_on,on,default,5,,,,,,,,,,,,,,undetermined-needs-privileged-capture,7,5.357,True,True,False,unknown,,,
raw,server_nodelay_on,on,default,5,,,,,,,,,,,,,,undetermined-needs-privileged-capture,8,5.213,True,True,False,unknown,,,
raw,server_nodelay_on,on,default,5,,,,,,,,,,,,,,undetermined-needs-privileged-capture,9,5.588,True,True,False,unknown,,,
raw,server_nodelay_on,on,default,5,,,,,,,,,,,,,,undetermined-needs-privileged-capture,10,5.636,True,True,False,unknown,,,
raw,server_nodelay_on,on,default,5,,,,,,,,,,,,,,undetermined-needs-privileged-capture,11,5.4,True,True,False,unknown,,,
raw,server_nodelay_on,on,default,5,,,,,,,,,,,,,,undetermined-needs-privileged-capture,12,5.644,True,True,False,unknown,,,
raw,server_nodelay_on,on,default,5,,,,,,,,,,,,,,undetermined-needs-privileged-capture,13,5.597,True,True,False,unknown,,,
raw,server_nodelay_on,on,default,5,,,,,,,,,,,,,,undetermined-needs-privileged-capture,14,5.354,True,True,False,unknown,,,
raw,server_nodelay_on,on,default,5,,,,,,,,,,,,,,undetermined-needs-privileged-capture,15,5.215,True,True,False,unknown,,,
raw,server_nodelay_on,on,default,5,,,,,,,,,,,,,,undetermined-needs-privileged-capture,16,5.187,True,True,False,unknown,,,
raw,server_nodelay_on,on,default,5,,,,,,,,,,,,,,undetermined-needs-privileged-capture,17,5.18,True,True,False,unknown,,,
raw,server_nodelay_on,on,default,5,,,,,,,,,,,,,,undetermined-needs-privileged-capture,18,5.302,True,True,False,unknown,,,
raw,server_nodelay_on,on,default,5,,,,,,,,,,,,,,undetermined-needs-privileged-capture,19,5.185,True,True,False,unknown,,,
raw,server_nodelay_on,on,default,10,,,,,,,,,,,,,,undetermined-needs-privileged-capture,0,10.269,True,True,False,unknown,,,
raw,server_nodelay_on,on,default,10,,,,,,,,,,,,,,undetermined-needs-privileged-capture,1,10.704,True,True,False,unknown,,,
raw,server_nodelay_on,on,default,10,,,,,,,,,,,,,,undetermined-needs-privileged-capture,2,10.263,True,True,False,unknown,,,
raw,server_nodelay_on,on,default,10,,,,,,,,,,,,,,undetermined-needs-privileged-capture,3,10.302,True,True,False,unknown,,,
raw,server_nodelay_on,on,default,10,,,,,,,,,,,,,,undetermined-needs-privileged-capture,4,10.609,True,True,False,unknown,,,
raw,server_nodelay_on,on,default,10,,,,,,,,,,,,,,undetermined-needs-privileged-capture,5,10.653,True,True,False,unknown,,,
raw,server_nodelay_on,on,default,10,,,,,,,,,,,,,,undetermined-needs-privileged-capture,6,10.377,True,True,False,unknown,,,
raw,server_nodelay_on,on,default,10,,,,,,,,,,,,,,undetermined-needs-privileged-capture,7,10.402,True,True,False,unknown,,,
raw,server_nodelay_on,on,default,10,,,,,,,,,,,,,,undetermined-needs-privileged-capture,8,10.766,True,True,False,unknown,,,
raw,server_nodelay_on,on,default,10,,,,,,,,,,,,,,undetermined-needs-privileged-capture,9,10.573,True,True,False,unknown,,,
raw,server_nodelay_on,on,default,10,,,,,,,,,,,,,,undetermined-needs-privileged-capture,10,10.798,True,True,False,unknown,,,
raw,server_nodelay_on,on,default,10,,,,,,,,,,,,,,undetermined-needs-privileged-capture,11,10.28,True,True,False,unknown,,,
raw,server_nodelay_on,on,default,10,,,,,,,,,,,,,,undetermined-needs-privileged-capture,12,10.2,True,True,False,unknown,,,
raw,server_nodelay_on,on,default,10,,,,,,,,,,,,,,undetermined-needs-privileged-capture,13,10.258,True,True,False,unknown,,,
raw,server_nodelay_on,on,default,10,,,,,,,,,,,,,,undetermined-needs-privileged-capture,14,10.279,True,True,False,unknown,,,
raw,server_nodelay_on,on,default,10,,,,,,,,,,,,,,undetermined-needs-privileged-capture,15,10.197,True,True,False,unknown,,,
raw,server_nodelay_on,on,default,10,,,,,,,,,,,,,,undetermined-needs-privileged-capture,16,10.196,True,True,False,unknown,,,
raw,server_nodelay_on,on,default,10,,,,,,,,,,,,,,undetermined-needs-privileged-capture,17,10.192,True,True,False,unknown,,,
raw,server_nodelay_on,on,default,10,,,,,,,,,,,,,,undetermined-needs-privileged-capture,18,10.189,True,True,False,unknown,,,
raw,server_nodelay_on,on,default,10,,,,,,,,,,,,,,undetermined-needs-privileged-capture,19,10.17,True,True,False,unknown,,,
raw,server_nodelay_on,on,default,20,,,,,,,,,,,,,,undetermined-needs-privileged-capture,0,20.161,True,True,False,unknown,,,
raw,server_nodelay_on,on,default,20,,,,,,,,,,,,,,undetermined-needs-privileged-capture,1,20.16,True,True,False,unknown,,,
raw,server_nodelay_on,on,default,20,,,,,,,,,,,,,,undetermined-needs-privileged-capture,2,20.264,True,True,False,unknown,,,
raw,server_nodelay_on,on,default,20,,,,,,,,,,,,,,undetermined-needs-privileged-capture,3,20.727,True,True,False,unknown,,,
raw,server_nodelay_on,on,default,20,,,,,,,,,,,,,,undetermined-needs-privileged-capture,4,20.541,True,True,False,unknown,,,
raw,server_nodelay_on,on,default,20,,,,,,,,,,,,,,undetermined-needs-privileged-capture,5,20.749,True,True,False,unknown,,,
raw,server_nodelay_on,on,default,20,,,,,,,,,,,,,,undetermined-needs-privileged-capture,6,20.652,True,True,False,unknown,,,
raw,server_nodelay_on,on,default,20,,,,,,,,,,,,,,undetermined-needs-privileged-capture,7,20.662,True,True,False,unknown,,,
raw,server_nodelay_on,on,default,20,,,,,,,,,,,,,,undetermined-needs-privileged-capture,8,20.622,True,True,False,unknown,,,
raw,server_nodelay_on,on,default,20,,,,,,,,,,,,,,undetermined-needs-privileged-capture,9,20.624,True,True,False,unknown,,,
raw,server_nodelay_on,on,default,20,,,,,,,,,,,,,,undetermined-needs-privileged-capture,10,20.648,True,True,False,unknown,,,
raw,server_nodelay_on,on,default,20,,,,,,,,,,,,,,undetermined-needs-privileged-capture,11,20.747,True,True,False,unknown,,,
raw,server_nodelay_on,on,default,20,,,,,,,,,,,,,,undetermined-needs-privileged-capture,12,20.362,True,True,False,unknown,,,
raw,server_nodelay_on,on,default,20,,,,,,,,,,,,,,undetermined-needs-privileged-capture,13,20.17,True,True,False,unknown,,,
raw,server_nodelay_on,on,default,20,,,,,,,,,,,,,,undetermined-needs-privileged-capture,14,20.153,True,True,False,unknown,,,
raw,server_nodelay_on,on,default,20,,,,,,,,,,,,,,undetermined-needs-privileged-capture,15,20.581,True,True,False,unknown,,,
raw,server_nodelay_on,on,default,20,,,,,,,,,,,,,,undetermined-needs-privileged-capture,16,20.29,True,True,False,unknown,,,
raw,server_nodelay_on,on,default,20,,,,,,,,,,,,,,undetermined-needs-privileged-capture,17,20.279,True,True,False,unknown,,,
raw,server_nodelay_on,on,default,20,,,,,,,,,,,,,,undetermined-needs-privileged-capture,18,20.75,True,True,False,unknown,,,
raw,server_nodelay_on,on,default,20,,,,,,,,,,,,,,undetermined-needs-privileged-capture,19,20.63,True,True,False,unknown,,,
raw,server_nodelay_on,on,default,50,,,,,,,,,,,,,,undetermined-needs-privileged-capture,0,50.203,True,True,False,unknown,,,
raw,server_nodelay_on,on,default,50,,,,,,,,,,,,,,undetermined-needs-privileged-capture,1,50.245,True,True,False,unknown,,,
raw,server_nodelay_on,on,default,50,,,,,,,,,,,,,,undetermined-needs-privileged-capture,2,50.615,True,True,False,unknown,,,
raw,server_nodelay_on,on,default,50,,,,,,,,,,,,,,undetermined-needs-privileged-capture,3,50.464,True,True,False,unknown,,,
raw,server_nodelay_on,on,default,50,,,,,,,,,,,,,,undetermined-needs-privileged-capture,4,50.215,True,True,False,unknown,,,
raw,server_nodelay_on,on,default,50,,,,,,,,,,,,,,undetermined-needs-privileged-capture,5,50.35,True,True,False,unknown,,,
raw,server_nodelay_on,on,default,50,,,,,,,,,,,,,,undetermined-needs-privileged-capture,6,50.355,True,True,False,unknown,,,
raw,server_nodelay_on,on,default,50,,,,,,,,,,,,,,undetermined-needs-privileged-capture,7,50.245,True,True,False,unknown,,,
raw,server_nodelay_on,on,default,50,,,,,,,,,,,,,,undetermined-needs-privileged-capture,8,50.616,True,True,False,unknown,,,
raw,server_nodelay_on,on,default,50,,,,,,,,,,,,,,undetermined-needs-privileged-capture,9,50.253,True,True,False,unknown,,,
raw,server_nodelay_on,on,default,50,,,,,,,,,,,,,,undetermined-needs-privileged-capture,10,50.751,True,True,False,unknown,,,
raw,server_nodelay_on,on,default,50,,,,,,,,,,,,,,undetermined-needs-privileged-capture,11,50.199,True,True,False,unknown,,,
raw,server_nodelay_on,on,default,50,,,,,,,,,,,,,,undetermined-needs-privileged-capture,12,50.374,True,True,False,unknown,,,
raw,server_nodelay_on,on,default,50,,,,,,,,,,,,,,undetermined-needs-privileged-capture,13,50.636,True,True,False,unknown,,,
raw,server_nodelay_on,on,default,50,,,,,,,,,,,,,,undetermined-needs-privileged-capture,14,50.832,True,True,False,unknown,,,
raw,server_nodelay_on,on,default,50,,,,,,,,,,,,,,undetermined-needs-privileged-capture,15,50.662,True,True,False,unknown,,,
raw,server_nodelay_on,on,default,50,,,,,,,,,,,,,,undetermined-needs-privileged-capture,16,50.274,True,True,False,unknown,,,
raw,server_nodelay_on,on,default,50,,,,,,,,,,,,,,undetermined-needs-privileged-capture,17,50.222,True,True,False,unknown,,,
raw,server_nodelay_on,on,default,50,,,,,,,,,,,,,,undetermined-needs-privileged-capture,18,50.263,True,True,False,unknown,,,
raw,server_nodelay_on,on,default,50,,,,,,,,,,,,,,undetermined-needs-privileged-capture,19,50.4,True,True,False,unknown,,,
raw,server_nodelay_off,off,default,0,,,,,,,,,,,,,,undetermined-needs-privileged-capture,0,0.047,True,True,False,unknown,,,
raw,server_nodelay_off,off,default,0,,,,,,,,,,,,,,undetermined-needs-privileged-capture,1,0.052,True,True,False,unknown,,,
raw,server_nodelay_off,off,default,0,,,,,,,,,,,,,,undetermined-needs-privileged-capture,2,0.039,True,True,False,unknown,,,
raw,server_nodelay_off,off,default,0,,,,,,,,,,,,,,undetermined-needs-privileged-capture,3,0.038,True,True,False,unknown,,,
raw,server_nodelay_off,off,default,0,,,,,,,,,,,,,,undetermined-needs-privileged-capture,4,0.036,True,True,False,unknown,,,
raw,server_nodelay_off,off,default,0,,,,,,,,,,,,,,undetermined-needs-privileged-capture,5,0.035,True,True,False,unknown,,,
raw,server_nodelay_off,off,default,0,,,,,,,,,,,,,,undetermined-needs-privileged-capture,6,0.034,True,True,False,unknown,,,
raw,server_nodelay_off,off,default,0,,,,,,,,,,,,,,undetermined-needs-privileged-capture,7,0.035,True,True,False,unknown,,,
raw,server_nodelay_off,off,default,0,,,,,,,,,,,,,,undetermined-needs-privileged-capture,8,0.035,True,True,False,unknown,,,
raw,server_nodelay_off,off,default,0,,,,,,,,,,,,,,undetermined-needs-privileged-capture,9,0.034,True,True,False,unknown,,,
raw,server_nodelay_off,off,default,0,,,,,,,,,,,,,,undetermined-needs-privileged-capture,10,0.034,True,True,False,unknown,,,
raw,server_nodelay_off,off,default,0,,,,,,,,,,,,,,undetermined-needs-privileged-capture,11,0.035,True,True,False,unknown,,,
raw,server_nodelay_off,off,default,0,,,,,,,,,,,,,,undetermined-needs-privileged-capture,12,0.034,True,True,False,unknown,,,
raw,server_nodelay_off,off,default,0,,,,,,,,,,,,,,undetermined-needs-privileged-capture,13,0.035,True,True,False,unknown,,,
raw,server_nodelay_off,off,default,0,,,,,,,,,,,,,,undetermined-needs-privileged-capture,14,0.035,True,True,False,unknown,,,
raw,server_nodelay_off,off,default,0,,,,,,,,,,,,,,undetermined-needs-privileged-capture,15,0.035,True,True,False,unknown,,,
raw,server_nodelay_off,off,default,0,,,,,,,,,,,,,,undetermined-needs-privileged-capture,16,0.035,True,True,False,unknown,,,
raw,server_nodelay_off,off,default,0,,,,,,,,,,,,,,undetermined-needs-privileged-capture,17,0.035,True,True,False,unknown,,,
raw,server_nodelay_off,off,default,0,,,,,,,,,,,,,,undetermined-needs-privileged-capture,18,0.036,True,True,False,unknown,,,
raw,server_nodelay_off,off,default,0,,,,,,,,,,,,,,undetermined-needs-privileged-capture,19,0.035,True,True,False,unknown,,,
raw,server_nodelay_off,off,default,1,,,,,,,,,,,,,,undetermined-needs-privileged-capture,0,1.098,True,True,False,unknown,,,
raw,server_nodelay_off,off,default,1,,,,,,,,,,,,,,undetermined-needs-privileged-capture,1,1.101,True,True,False,unknown,,,
raw,server_nodelay_off,off,default,1,,,,,,,,,,,,,,undetermined-needs-privileged-capture,2,1.122,True,True,False,unknown,,,
raw,server_nodelay_off,off,default,1,,,,,,,,,,,,,,undetermined-needs-privileged-capture,3,1.133,True,True,False,unknown,,,
raw,server_nodelay_off,off,default,1,,,,,,,,,,,,,,undetermined-needs-privileged-capture,4,1.119,True,True,False,unknown,,,
raw,server_nodelay_off,off,default,1,,,,,,,,,,,,,,undetermined-needs-privileged-capture,5,1.127,True,True,False,unknown,,,
raw,server_nodelay_off,off,default,1,,,,,,,,,,,,,,undetermined-needs-privileged-capture,6,1.102,True,True,False,unknown,,,
raw,server_nodelay_off,off,default,1,,,,,,,,,,,,,,undetermined-needs-privileged-capture,7,1.1,True,True,False,unknown,,,
raw,server_nodelay_off,off,default,1,,,,,,,,,,,,,,undetermined-needs-privileged-capture,8,1.1,True,True,False,unknown,,,
raw,server_nodelay_off,off,default,1,,,,,,,,,,,,,,undetermined-needs-privileged-capture,9,1.096,True,True,False,unknown,,,
raw,server_nodelay_off,off,default,1,,,,,,,,,,,,,,undetermined-needs-privileged-capture,10,1.095,True,True,False,unknown,,,
raw,server_nodelay_off,off,default,1,,,,,,,,,,,,,,undetermined-needs-privileged-capture,11,1.098,True,True,False,unknown,,,
raw,server_nodelay_off,off,default,1,,,,,,,,,,,,,,undetermined-needs-privileged-capture,12,1.1,True,True,False,unknown,,,
raw,server_nodelay_off,off,default,1,,,,,,,,,,,,,,undetermined-needs-privileged-capture,13,1.116,True,True,False,unknown,,,
raw,server_nodelay_off,off,default,1,,,,,,,,,,,,,,undetermined-needs-privileged-capture,14,1.117,True,True,False,unknown,,,
raw,server_nodelay_off,off,default,1,,,,,,,,,,,,,,undetermined-needs-privileged-capture,15,1.099,True,True,False,unknown,,,
raw,server_nodelay_off,off,default,1,,,,,,,,,,,,,,undetermined-needs-privileged-capture,16,1.102,True,True,False,unknown,,,
raw,server_nodelay_off,off,default,1,,,,,,,,,,,,,,undetermined-needs-privileged-capture,17,1.1,True,True,False,unknown,,,
raw,server_nodelay_off,off,default,1,,,,,,,,,,,,,,undetermined-needs-privileged-capture,18,1.103,True,True,False,unknown,,,
raw,server_nodelay_off,off,default,1,,,,,,,,,,,,,,undetermined-needs-privileged-capture,19,1.102,True,True,False,unknown,,,
raw,server_nodelay_off,off,default,2,,,,,,,,,,,,,,undetermined-needs-privileged-capture,0,2.116,True,True,False,unknown,,,
raw,server_nodelay_off,off,default,2,,,,,,,,,,,,,,undetermined-needs-privileged-capture,1,2.161,True,True,False,unknown,,,
raw,server_nodelay_off,off,default,2,,,,,,,,,,,,,,undetermined-needs-privileged-capture,2,2.52,True,True,False,unknown,,,
raw,server_nodelay_off,off,default,2,,,,,,,,,,,,,,undetermined-needs-privileged-capture,3,2.123,True,True,False,unknown,,,
raw,server_nodelay_off,off,default,2,,,,,,,,,,,,,,undetermined-needs-privileged-capture,4,2.112,True,True,False,unknown,,,
raw,server_nodelay_off,off,default,2,,,,,,,,,,,,,,undetermined-needs-privileged-capture,5,2.104,True,True,False,unknown,,,
raw,server_nodelay_off,off,default,2,,,,,,,,,,,,,,undetermined-needs-privileged-capture,6,2.1,True,True,False,unknown,,,
raw,server_nodelay_off,off,default,2,,,,,,,,,,,,,,undetermined-needs-privileged-capture,7,2.107,True,True,False,unknown,,,
raw,server_nodelay_off,off,default,2,,,,,,,,,,,,,,undetermined-needs-privileged-capture,8,2.109,True,True,False,unknown,,,
raw,server_nodelay_off,off,default,2,,,,,,,,,,,,,,undetermined-needs-privileged-capture,9,2.101,True,True,False,unknown,,,
raw,server_nodelay_off,off,default,2,,,,,,,,,,,,,,undetermined-needs-privileged-capture,10,2.1,True,True,False,unknown,,,
raw,server_nodelay_off,off,default,2,,,,,,,,,,,,,,undetermined-needs-privileged-capture,11,2.113,True,True,False,unknown,,,
raw,server_nodelay_off,off,default,2,,,,,,,,,,,,,,undetermined-needs-privileged-capture,12,2.113,True,True,False,unknown,,,
raw,server_nodelay_off,off,default,2,,,,,,,,,,,,,,undetermined-needs-privileged-capture,13,2.102,True,True,False,unknown,,,
raw,server_nodelay_off,off,default,2,,,,,,,,,,,,,,undetermined-needs-privileged-capture,14,2.1,True,True,False,unknown,,,
raw,server_nodelay_off,off,default,2,,,,,,,,,,,,,,undetermined-needs-privileged-capture,15,2.105,True,True,False,unknown,,,
raw,server_nodelay_off,off,default,2,,,,,,,,,,,,,,undetermined-needs-privileged-capture,16,2.105,True,True,False,unknown,,,
raw,server_nodelay_off,off,default,2,,,,,,,,,,,,,,undetermined-needs-privileged-capture,17,2.101,True,True,False,unknown,,,
raw,server_nodelay_off,off,default,2,,,,,,,,,,,,,,undetermined-needs-privileged-capture,18,2.103,True,True,False,unknown,,,
raw,server_nodelay_off,off,default,2,,,,,,,,,,,,,,undetermined-needs-privileged-capture,19,2.1,True,True,False,unknown,,,
raw,server_nodelay_off,off,default,5,,,,,,,,,,,,,,undetermined-needs-privileged-capture,0,5.108,True,True,False,unknown,,,
raw,server_nodelay_off,off,default,5,,,,,,,,,,,,,,undetermined-needs-privileged-capture,1,5.117,True,True,False,unknown,,,
raw,server_nodelay_off,off,default,5,,,,,,,,,,,,,,undetermined-needs-privileged-capture,2,5.113,True,True,False,unknown,,,
raw,server_nodelay_off,off,default,5,,,,,,,,,,,,,,undetermined-needs-privileged-capture,3,5.109,True,True,False,unknown,,,
raw,server_nodelay_off,off,default,5,,,,,,,,,,,,,,undetermined-needs-privileged-capture,4,5.118,True,True,False,unknown,,,
raw,server_nodelay_off,off,default,5,,,,,,,,,,,,,,undetermined-needs-privileged-capture,5,5.114,True,True,False,unknown,,,
raw,server_nodelay_off,off,default,5,,,,,,,,,,,,,,undetermined-needs-privileged-capture,6,5.107,True,True,False,unknown,,,
raw,server_nodelay_off,off,default,5,,,,,,,,,,,,,,undetermined-needs-privileged-capture,7,5.115,True,True,False,unknown,,,
raw,server_nodelay_off,off,default,5,,,,,,,,,,,,,,undetermined-needs-privileged-capture,8,5.114,True,True,False,unknown,,,
raw,server_nodelay_off,off,default,5,,,,,,,,,,,,,,undetermined-needs-privileged-capture,9,5.107,True,True,False,unknown,,,
raw,server_nodelay_off,off,default,5,,,,,,,,,,,,,,undetermined-needs-privileged-capture,10,5.106,True,True,False,unknown,,,
raw,server_nodelay_off,off,default,5,,,,,,,,,,,,,,undetermined-needs-privileged-capture,11,5.109,True,True,False,unknown,,,
raw,server_nodelay_off,off,default,5,,,,,,,,,,,,,,undetermined-needs-privileged-capture,12,5.134,True,True,False,unknown,,,
raw,server_nodelay_off,off,default,5,,,,,,,,,,,,,,undetermined-needs-privileged-capture,13,5.12,True,True,False,unknown,,,
raw,server_nodelay_off,off,default,5,,,,,,,,,,,,,,undetermined-needs-privileged-capture,14,5.14,True,True,False,unknown,,,
raw,server_nodelay_off,off,default,5,,,,,,,,,,,,,,undetermined-needs-privileged-capture,15,5.139,True,True,False,unknown,,,
raw,server_nodelay_off,off,default,5,,,,,,,,,,,,,,undetermined-needs-privileged-capture,16,5.147,True,True,False,unknown,,,
raw,server_nodelay_off,off,default,5,,,,,,,,,,,,,,undetermined-needs-privileged-capture,17,5.144,True,True,False,unknown,,,
raw,server_nodelay_off,off,default,5,,,,,,,,,,,,,,undetermined-needs-privileged-capture,18,5.146,True,True,False,unknown,,,
raw,server_nodelay_off,off,default,5,,,,,,,,,,,,,,undetermined-needs-privileged-capture,19,5.142,True,True,False,unknown,,,
raw,server_nodelay_off,off,default,10,,,,,,,,,,,,,,undetermined-needs-privileged-capture,0,10.191,True,True,False,unknown,,,
raw,server_nodelay_off,off,default,10,,,,,,,,,,,,,,undetermined-needs-privileged-capture,1,10.301,True,True,False,unknown,,,
raw,server_nodelay_off,off,default,10,,,,,,,,,,,,,,undetermined-needs-privileged-capture,2,10.284,True,True,False,unknown,,,
raw,server_nodelay_off,off,default,10,,,,,,,,,,,,,,undetermined-needs-privileged-capture,3,10.225,True,True,False,unknown,,,
raw,server_nodelay_off,off,default,10,,,,,,,,,,,,,,undetermined-needs-privileged-capture,4,10.727,True,True,False,unknown,,,
raw,server_nodelay_off,off,default,10,,,,,,,,,,,,,,undetermined-needs-privileged-capture,5,10.163,True,True,False,unknown,,,
raw,server_nodelay_off,off,default,10,,,,,,,,,,,,,,undetermined-needs-privileged-capture,6,10.477,True,True,False,unknown,,,
raw,server_nodelay_off,off,default,10,,,,,,,,,,,,,,undetermined-needs-privileged-capture,7,10.263,True,True,False,unknown,,,
raw,server_nodelay_off,off,default,10,,,,,,,,,,,,,,undetermined-needs-privileged-capture,8,10.29,True,True,False,unknown,,,
raw,server_nodelay_off,off,default,10,,,,,,,,,,,,,,undetermined-needs-privileged-capture,9,10.784,True,True,False,unknown,,,
raw,server_nodelay_off,off,default,10,,,,,,,,,,,,,,undetermined-needs-privileged-capture,10,10.625,True,True,False,unknown,,,
raw,server_nodelay_off,off,default,10,,,,,,,,,,,,,,undetermined-needs-privileged-capture,11,10.65,True,True,False,unknown,,,
raw,server_nodelay_off,off,default,10,,,,,,,,,,,,,,undetermined-needs-privileged-capture,12,10.67,True,True,False,unknown,,,
raw,server_nodelay_off,off,default,10,,,,,,,,,,,,,,undetermined-needs-privileged-capture,13,10.467,True,True,False,unknown,,,
raw,server_nodelay_off,off,default,10,,,,,,,,,,,,,,undetermined-needs-privileged-capture,14,10.634,True,True,False,unknown,,,
raw,server_nodelay_off,off,default,10,,,,,,,,,,,,,,undetermined-needs-privileged-capture,15,10.646,True,True,False,unknown,,,
raw,server_nodelay_off,off,default,10,,,,,,,,,,,,,,undetermined-needs-privileged-capture,16,10.29,True,True,False,unknown,,,
raw,server_nodelay_off,off,default,10,,,,,,,,,,,,,,undetermined-needs-privileged-capture,17,10.646,True,True,False,unknown,,,
raw,server_nodelay_off,off,default,10,,,,,,,,,,,,,,undetermined-needs-privileged-capture,18,10.363,True,True,False,unknown,,,
raw,server_nodelay_off,off,default,10,,,,,,,,,,,,,,undetermined-needs-privileged-capture,19,10.507,True,True,False,unknown,,,
raw,server_nodelay_off,off,default,20,,,,,,,,,,,,,,undetermined-needs-privileged-capture,0,20.613,True,True,False,unknown,,,
raw,server_nodelay_off,off,default,20,,,,,,,,,,,,,,undetermined-needs-privileged-capture,1,20.208,True,True,False,unknown,,,
raw,server_nodelay_off,off,default,20,,,,,,,,,,,,,,undetermined-needs-privileged-capture,2,20.636,True,True,False,unknown,,,
raw,server_nodelay_off,off,default,20,,,,,,,,,,,,,,undetermined-needs-privileged-capture,3,20.626,True,True,False,unknown,,,
raw,server_nodelay_off,off,default,20,,,,,,,,,,,,,,undetermined-needs-privileged-capture,4,20.648,True,True,False,unknown,,,
raw,server_nodelay_off,off,default,20,,,,,,,,,,,,,,undetermined-needs-privileged-capture,5,20.779,True,True,False,unknown,,,
raw,server_nodelay_off,off,default,20,,,,,,,,,,,,,,undetermined-needs-privileged-capture,6,20.331,True,True,False,unknown,,,
raw,server_nodelay_off,off,default,20,,,,,,,,,,,,,,undetermined-needs-privileged-capture,7,20.274,True,True,False,unknown,,,
raw,server_nodelay_off,off,default,20,,,,,,,,,,,,,,undetermined-needs-privileged-capture,8,20.187,True,True,False,unknown,,,
raw,server_nodelay_off,off,default,20,,,,,,,,,,,,,,undetermined-needs-privileged-capture,9,20.192,True,True,False,unknown,,,
raw,server_nodelay_off,off,default,20,,,,,,,,,,,,,,undetermined-needs-privileged-capture,10,20.197,True,True,False,unknown,,,
raw,server_nodelay_off,off,default,20,,,,,,,,,,,,,,undetermined-needs-privileged-capture,11,20.192,True,True,False,unknown,,,
raw,server_nodelay_off,off,default,20,,,,,,,,,,,,,,undetermined-needs-privileged-capture,12,20.286,True,True,False,unknown,,,
raw,server_nodelay_off,off,default,20,,,,,,,,,,,,,,undetermined-needs-privileged-capture,13,20.365,True,True,False,unknown,,,
raw,server_nodelay_off,off,default,20,,,,,,,,,,,,,,undetermined-needs-privileged-capture,14,20.614,True,True,False,unknown,,,
raw,server_nodelay_off,off,default,20,,,,,,,,,,,,,,undetermined-needs-privileged-capture,15,20.651,True,True,False,unknown,,,
raw,server_nodelay_off,off,default,20,,,,,,,,,,,,,,undetermined-needs-privileged-capture,16,20.854,True,True,False,unknown,,,
raw,server_nodelay_off,off,default,20,,,,,,,,,,,,,,undetermined-needs-privileged-capture,17,20.609,True,True,False,unknown,,,
raw,server_nodelay_off,off,default,20,,,,,,,,,,,,,,undetermined-needs-privileged-capture,18,20.642,True,True,False,unknown,,,
raw,server_nodelay_off,off,default,20,,,,,,,,,,,,,,undetermined-needs-privileged-capture,19,20.316,True,True,False,unknown,,,
raw,server_nodelay_off,off,default,50,,,,,,,,,,,,,,undetermined-needs-privileged-capture,0,50.629,True,True,False,unknown,,,
raw,server_nodelay_off,off,default,50,,,,,,,,,,,,,,undetermined-needs-privileged-capture,1,50.345,True,True,False,unknown,,,
raw,server_nodelay_off,off,default,50,,,,,,,,,,,,,,undetermined-needs-privileged-capture,2,50.661,True,True,False,unknown,,,
raw,server_nodelay_off,off,default,50,,,,,,,,,,,,,,undetermined-needs-privileged-capture,3,50.268,True,True,False,unknown,,,
raw,server_nodelay_off,off,default,50,,,,,,,,,,,,,,undetermined-needs-privileged-capture,4,50.247,True,True,False,unknown,,,
raw,server_nodelay_off,off,default,50,,,,,,,,,,,,,,undetermined-needs-privileged-capture,5,50.247,True,True,False,unknown,,,
raw,server_nodelay_off,off,default,50,,,,,,,,,,,,,,undetermined-needs-privileged-capture,6,50.473,True,True,False,unknown,,,
raw,server_nodelay_off,off,default,50,,,,,,,,,,,,,,undetermined-needs-privileged-capture,7,50.586,True,True,False,unknown,,,
raw,server_nodelay_off,off,default,50,,,,,,,,,,,,,,undetermined-needs-privileged-capture,8,50.263,True,True,False,unknown,,,
raw,server_nodelay_off,off,default,50,,,,,,,,,,,,,,undetermined-needs-privileged-capture,9,50.615,True,True,False,unknown,,,
raw,server_nodelay_off,off,default,50,,,,,,,,,,,,,,undetermined-needs-privileged-capture,10,50.785,True,True,False,unknown,,,
raw,server_nodelay_off,off,default,50,,,,,,,,,,,,,,undetermined-needs-privileged-capture,11,50.639,True,True,False,unknown,,,
raw,server_nodelay_off,off,default,50,,,,,,,,,,,,,,undetermined-needs-privileged-capture,12,50.248,True,True,False,unknown,,,
raw,server_nodelay_off,off,default,50,,,,,,,,,,,,,,undetermined-needs-privileged-capture,13,50.291,True,True,False,unknown,,,
raw,server_nodelay_off,off,default,50,,,,,,,,,,,,,,undetermined-needs-privileged-capture,14,50.713,True,True,False,unknown,,,
raw,server_nodelay_off,off,default,50,,,,,,,,,,,,,,undetermined-needs-privileged-capture,15,50.343,True,True,False,unknown,,,
raw,server_nodelay_off,off,default,50,,,,,,,,,,,,,,undetermined-needs-privileged-capture,16,50.282,True,True,False,unknown,,,
raw,server_nodelay_off,off,default,50,,,,,,,,,,,,,,undetermined-needs-privileged-capture,17,50.185,True,True,False,unknown,,,
raw,server_nodelay_off,off,default,50,,,,,,,,,,,,,,undetermined-needs-privileged-capture,18,50.847,True,True,False,unknown,,,
raw,server_nodelay_off,off,default,50,,,,,,,,,,,,,,undetermined-needs-privileged-capture,19,50.226,True,True,False,unknown,,,
raw,client_quickack_on,default,on,0,,,,,,,,,,,,,,undetermined-needs-privileged-capture,0,0.063,True,True,False,unknown,,,
raw,client_quickack_on,default,on,0,,,,,,,,,,,,,,undetermined-needs-privileged-capture,1,0.042,True,True,False,unknown,,,
raw,client_quickack_on,default,on,0,,,,,,,,,,,,,,undetermined-needs-privileged-capture,2,0.038,True,True,False,unknown,,,
raw,client_quickack_on,default,on,0,,,,,,,,,,,,,,undetermined-needs-privileged-capture,3,0.035,True,True,False,unknown,,,
raw,client_quickack_on,default,on,0,,,,,,,,,,,,,,undetermined-needs-privileged-capture,4,0.034,True,True,False,unknown,,,
raw,client_quickack_on,default,on,0,,,,,,,,,,,,,,undetermined-needs-privileged-capture,5,0.033,True,True,False,unknown,,,
raw,client_quickack_on,default,on,0,,,,,,,,,,,,,,undetermined-needs-privileged-capture,6,0.032,True,True,False,unknown,,,
raw,client_quickack_on,default,on,0,,,,,,,,,,,,,,undetermined-needs-privileged-capture,7,0.032,True,True,False,unknown,,,
raw,client_quickack_on,default,on,0,,,,,,,,,,,,,,undetermined-needs-privileged-capture,8,0.033,True,True,False,unknown,,,
raw,client_quickack_on,default,on,0,,,,,,,,,,,,,,undetermined-needs-privileged-capture,9,0.033,True,True,False,unknown,,,
raw,client_quickack_on,default,on,0,,,,,,,,,,,,,,undetermined-needs-privileged-capture,10,0.032,True,True,False,unknown,,,
raw,client_quickack_on,default,on,0,,,,,,,,,,,,,,undetermined-needs-privileged-capture,11,0.032,True,True,False,unknown,,,
raw,client_quickack_on,default,on,0,,,,,,,,,,,,,,undetermined-needs-privileged-capture,12,0.033,True,True,False,unknown,,,
raw,client_quickack_on,default,on,0,,,,,,,,,,,,,,undetermined-needs-privileged-capture,13,0.032,True,True,False,unknown,,,
raw,client_quickack_on,default,on,0,,,,,,,,,,,,,,undetermined-needs-privileged-capture,14,0.032,True,True,False,unknown,,,
raw,client_quickack_on,default,on,0,,,,,,,,,,,,,,undetermined-needs-privileged-capture,15,0.032,True,True,False,unknown,,,
raw,client_quickack_on,default,on,0,,,,,,,,,,,,,,undetermined-needs-privileged-capture,16,0.032,True,True,False,unknown,,,
raw,client_quickack_on,default,on,0,,,,,,,,,,,,,,undetermined-needs-privileged-capture,17,0.032,True,True,False,unknown,,,
raw,client_quickack_on,default,on,0,,,,,,,,,,,,,,undetermined-needs-privileged-capture,18,0.033,True,True,False,unknown,,,
raw,client_quickack_on,default,on,0,,,,,,,,,,,,,,undetermined-needs-privileged-capture,19,0.032,True,True,False,unknown,,,
raw,client_quickack_on,default,on,1,,,,,,,,,,,,,,undetermined-needs-privileged-capture,0,1.093,True,True,False,unknown,,,
raw,client_quickack_on,default,on,1,,,,,,,,,,,,,,undetermined-needs-privileged-capture,1,1.092,True,True,False,unknown,,,
raw,client_quickack_on,default,on,1,,,,,,,,,,,,,,undetermined-needs-privileged-capture,2,1.095,True,True,False,unknown,,,
raw,client_quickack_on,default,on,1,,,,,,,,,,,,,,undetermined-needs-privileged-capture,3,1.096,True,True,False,unknown,,,
raw,client_quickack_on,default,on,1,,,,,,,,,,,,,,undetermined-needs-privileged-capture,4,1.104,True,True,False,unknown,,,
raw,client_quickack_on,default,on,1,,,,,,,,,,,,,,undetermined-needs-privileged-capture,5,1.097,True,True,False,unknown,,,
raw,client_quickack_on,default,on,1,,,,,,,,,,,,,,undetermined-needs-privileged-capture,6,1.111,True,True,False,unknown,,,
raw,client_quickack_on,default,on,1,,,,,,,,,,,,,,undetermined-needs-privileged-capture,7,1.095,True,True,False,unknown,,,
raw,client_quickack_on,default,on,1,,,,,,,,,,,,,,undetermined-needs-privileged-capture,8,1.095,True,True,False,unknown,,,
raw,client_quickack_on,default,on,1,,,,,,,,,,,,,,undetermined-needs-privileged-capture,9,1.093,True,True,False,unknown,,,
raw,client_quickack_on,default,on,1,,,,,,,,,,,,,,undetermined-needs-privileged-capture,10,1.095,True,True,False,unknown,,,
raw,client_quickack_on,default,on,1,,,,,,,,,,,,,,undetermined-needs-privileged-capture,11,1.093,True,True,False,unknown,,,
raw,client_quickack_on,default,on,1,,,,,,,,,,,,,,undetermined-needs-privileged-capture,12,1.093,True,True,False,unknown,,,
raw,client_quickack_on,default,on,1,,,,,,,,,,,,,,undetermined-needs-privileged-capture,13,1.096,True,True,False,unknown,,,
raw,client_quickack_on,default,on,1,,,,,,,,,,,,,,undetermined-needs-privileged-capture,14,1.117,True,True,False,unknown,,,
raw,client_quickack_on,default,on,1,,,,,,,,,,,,,,undetermined-needs-privileged-capture,15,1.638,True,True,False,unknown,,,
raw,client_quickack_on,default,on,1,,,,,,,,,,,,,,undetermined-needs-privileged-capture,16,1.14,True,True,False,unknown,,,
raw,client_quickack_on,default,on,1,,,,,,,,,,,,,,undetermined-needs-privileged-capture,17,1.14,True,True,False,unknown,,,
raw,client_quickack_on,default,on,1,,,,,,,,,,,,,,undetermined-needs-privileged-capture,18,1.14,True,True,False,unknown,,,
raw,client_quickack_on,default,on,1,,,,,,,,,,,,,,undetermined-needs-privileged-capture,19,1.108,True,True,False,unknown,,,
raw,client_quickack_on,default,on,2,,,,,,,,,,,,,,undetermined-needs-privileged-capture,0,2.107,True,True,False,unknown,,,
raw,client_quickack_on,default,on,2,,,,,,,,,,,,,,undetermined-needs-privileged-capture,1,2.099,True,True,False,unknown,,,
raw,client_quickack_on,default,on,2,,,,,,,,,,,,,,undetermined-needs-privileged-capture,2,2.098,True,True,False,unknown,,,
raw,client_quickack_on,default,on,2,,,,,,,,,,,,,,undetermined-needs-privileged-capture,3,2.107,True,True,False,unknown,,,
raw,client_quickack_on,default,on,2,,,,,,,,,,,,,,undetermined-needs-privileged-capture,4,2.106,True,True,False,unknown,,,
raw,client_quickack_on,default,on,2,,,,,,,,,,,,,,undetermined-needs-privileged-capture,5,2.105,True,True,False,unknown,,,
raw,client_quickack_on,default,on,2,,,,,,,,,,,,,,undetermined-needs-privileged-capture,6,2.098,True,True,False,unknown,,,
raw,client_quickack_on,default,on,2,,,,,,,,,,,,,,undetermined-needs-privileged-capture,7,2.097,True,True,False,unknown,,,
raw,client_quickack_on,default,on,2,,,,,,,,,,,,,,undetermined-needs-privileged-capture,8,2.103,True,True,False,unknown,,,
raw,client_quickack_on,default,on,2,,,,,,,,,,,,,,undetermined-needs-privileged-capture,9,2.101,True,True,False,unknown,,,
raw,client_quickack_on,default,on,2,,,,,,,,,,,,,,undetermined-needs-privileged-capture,10,2.103,True,True,False,unknown,,,
raw,client_quickack_on,default,on,2,,,,,,,,,,,,,,undetermined-needs-privileged-capture,11,2.102,True,True,False,unknown,,,
raw,client_quickack_on,default,on,2,,,,,,,,,,,,,,undetermined-needs-privileged-capture,12,2.104,True,True,False,unknown,,,
raw,client_quickack_on,default,on,2,,,,,,,,,,,,,,undetermined-needs-privileged-capture,13,2.103,True,True,False,unknown,,,
raw,client_quickack_on,default,on,2,,,,,,,,,,,,,,undetermined-needs-privileged-capture,14,2.098,True,True,False,unknown,,,
raw,client_quickack_on,default,on,2,,,,,,,,,,,,,,undetermined-needs-privileged-capture,15,2.097,True,True,False,unknown,,,
raw,client_quickack_on,default,on,2,,,,,,,,,,,,,,undetermined-needs-privileged-capture,16,2.102,True,True,False,unknown,,,
raw,client_quickack_on,default,on,2,,,,,,,,,,,,,,undetermined-needs-privileged-capture,17,2.102,True,True,False,unknown,,,
raw,client_quickack_on,default,on,2,,,,,,,,,,,,,,undetermined-needs-privileged-capture,18,2.105,True,True,False,unknown,,,
raw,client_quickack_on,default,on,2,,,,,,,,,,,,,,undetermined-needs-privileged-capture,19,2.099,True,True,False,unknown,,,
raw,client_quickack_on,default,on,5,,,,,,,,,,,,,,undetermined-needs-privileged-capture,0,5.115,True,True,False,unknown,,,
raw,client_quickack_on,default,on,5,,,,,,,,,,,,,,undetermined-needs-privileged-capture,1,5.106,True,True,False,unknown,,,
raw,client_quickack_on,default,on,5,,,,,,,,,,,,,,undetermined-needs-privileged-capture,2,5.107,True,True,False,unknown,,,
raw,client_quickack_on,default,on,5,,,,,,,,,,,,,,undetermined-needs-privileged-capture,3,5.098,True,True,False,unknown,,,
raw,client_quickack_on,default,on,5,,,,,,,,,,,,,,undetermined-needs-privileged-capture,4,5.138,True,True,False,unknown,,,
raw,client_quickack_on,default,on,5,,,,,,,,,,,,,,undetermined-needs-privileged-capture,5,5.137,True,True,False,unknown,,,
raw,client_quickack_on,default,on,5,,,,,,,,,,,,,,undetermined-needs-privileged-capture,6,5.141,True,True,False,unknown,,,
raw,client_quickack_on,default,on,5,,,,,,,,,,,,,,undetermined-needs-privileged-capture,7,5.132,True,True,False,unknown,,,
raw,client_quickack_on,default,on,5,,,,,,,,,,,,,,undetermined-needs-privileged-capture,8,5.144,True,True,False,unknown,,,
raw,client_quickack_on,default,on,5,,,,,,,,,,,,,,undetermined-needs-privileged-capture,9,5.131,True,True,False,unknown,,,
raw,client_quickack_on,default,on,5,,,,,,,,,,,,,,undetermined-needs-privileged-capture,10,5.137,True,True,False,unknown,,,
raw,client_quickack_on,default,on,5,,,,,,,,,,,,,,undetermined-needs-privileged-capture,11,5.129,True,True,False,unknown,,,
raw,client_quickack_on,default,on,5,,,,,,,,,,,,,,undetermined-needs-privileged-capture,12,5.137,True,True,False,unknown,,,
raw,client_quickack_on,default,on,5,,,,,,,,,,,,,,undetermined-needs-privileged-capture,13,5.133,True,True,False,unknown,,,
raw,client_quickack_on,default,on,5,,,,,,,,,,,,,,undetermined-needs-privileged-capture,14,5.138,True,True,False,unknown,,,
raw,client_quickack_on,default,on,5,,,,,,,,,,,,,,undetermined-needs-privileged-capture,15,5.135,True,True,False,unknown,,,
raw,client_quickack_on,default,on,5,,,,,,,,,,,,,,undetermined-needs-privileged-capture,16,5.138,True,True,False,unknown,,,
raw,client_quickack_on,default,on,5,,,,,,,,,,,,,,undetermined-needs-privileged-capture,17,5.135,True,True,False,unknown,,,
raw,client_quickack_on,default,on,5,,,,,,,,,,,,,,undetermined-needs-privileged-capture,18,5.128,True,True,False,unknown,,,
raw,client_quickack_on,default,on,5,,,,,,,,,,,,,,undetermined-needs-privileged-capture,19,5.143,True,True,False,unknown,,,
raw,client_quickack_on,default,on,10,,,,,,,,,,,,,,undetermined-needs-privileged-capture,0,10.274,True,True,False,unknown,,,
raw,client_quickack_on,default,on,10,,,,,,,,,,,,,,undetermined-needs-privileged-capture,1,10.276,True,True,False,unknown,,,
raw,client_quickack_on,default,on,10,,,,,,,,,,,,,,undetermined-needs-privileged-capture,2,10.25,True,True,False,unknown,,,
raw,client_quickack_on,default,on,10,,,,,,,,,,,,,,undetermined-needs-privileged-capture,3,10.206,True,True,False,unknown,,,
raw,client_quickack_on,default,on,10,,,,,,,,,,,,,,undetermined-needs-privileged-capture,4,10.2,True,True,False,unknown,,,
raw,client_quickack_on,default,on,10,,,,,,,,,,,,,,undetermined-needs-privileged-capture,5,10.155,True,True,False,unknown,,,
raw,client_quickack_on,default,on,10,,,,,,,,,,,,,,undetermined-needs-privileged-capture,6,10.155,True,True,False,unknown,,,
raw,client_quickack_on,default,on,10,,,,,,,,,,,,,,undetermined-needs-privileged-capture,7,10.154,True,True,False,unknown,,,
raw,client_quickack_on,default,on,10,,,,,,,,,,,,,,undetermined-needs-privileged-capture,8,10.159,True,True,False,unknown,,,
raw,client_quickack_on,default,on,10,,,,,,,,,,,,,,undetermined-needs-privileged-capture,9,10.154,True,True,False,unknown,,,
raw,client_quickack_on,default,on,10,,,,,,,,,,,,,,undetermined-needs-privileged-capture,10,10.181,True,True,False,unknown,,,
raw,client_quickack_on,default,on,10,,,,,,,,,,,,,,undetermined-needs-privileged-capture,11,10.19,True,True,False,unknown,,,
raw,client_quickack_on,default,on,10,,,,,,,,,,,,,,undetermined-needs-privileged-capture,12,10.19,True,True,False,unknown,,,
raw,client_quickack_on,default,on,10,,,,,,,,,,,,,,undetermined-needs-privileged-capture,13,10.19,True,True,False,unknown,,,
raw,client_quickack_on,default,on,10,,,,,,,,,,,,,,undetermined-needs-privileged-capture,14,10.187,True,True,False,unknown,,,
raw,client_quickack_on,default,on,10,,,,,,,,,,,,,,undetermined-needs-privileged-capture,15,10.19,True,True,False,unknown,,,
raw,client_quickack_on,default,on,10,,,,,,,,,,,,,,undetermined-needs-privileged-capture,16,10.189,True,True,False,unknown,,,
raw,client_quickack_on,default,on,10,,,,,,,,,,,,,,undetermined-needs-privileged-capture,17,10.189,True,True,False,unknown,,,
raw,client_quickack_on,default,on,10,,,,,,,,,,,,,,undetermined-needs-privileged-capture,18,10.188,True,True,False,unknown,,,
raw,client_quickack_on,default,on,10,,,,,,,,,,,,,,undetermined-needs-privileged-capture,19,10.189,True,True,False,unknown,,,
raw,client_quickack_on,default,on,20,,,,,,,,,,,,,,undetermined-needs-privileged-capture,0,20.181,True,True,False,unknown,,,
raw,client_quickack_on,default,on,20,,,,,,,,,,,,,,undetermined-needs-privileged-capture,1,20.188,True,True,False,unknown,,,
raw,client_quickack_on,default,on,20,,,,,,,,,,,,,,undetermined-needs-privileged-capture,2,20.191,True,True,False,unknown,,,
raw,client_quickack_on,default,on,20,,,,,,,,,,,,,,undetermined-needs-privileged-capture,3,20.258,True,True,False,unknown,,,
raw,client_quickack_on,default,on,20,,,,,,,,,,,,,,undetermined-needs-privileged-capture,4,20.548,True,True,False,unknown,,,
raw,client_quickack_on,default,on,20,,,,,,,,,,,,,,undetermined-needs-privileged-capture,5,20.188,True,True,False,unknown,,,
raw,client_quickack_on,default,on,20,,,,,,,,,,,,,,undetermined-needs-privileged-capture,6,20.19,True,True,False,unknown,,,
raw,client_quickack_on,default,on,20,,,,,,,,,,,,,,undetermined-needs-privileged-capture,7,20.283,True,True,False,unknown,,,
raw,client_quickack_on,default,on,20,,,,,,,,,,,,,,undetermined-needs-privileged-capture,8,20.647,True,True,False,unknown,,,
raw,client_quickack_on,default,on,20,,,,,,,,,,,,,,undetermined-needs-privileged-capture,9,20.313,True,True,False,unknown,,,
raw,client_quickack_on,default,on,20,,,,,,,,,,,,,,undetermined-needs-privileged-capture,10,20.168,True,True,False,unknown,,,
raw,client_quickack_on,default,on,20,,,,,,,,,,,,,,undetermined-needs-privileged-capture,11,20.15,True,True,False,unknown,,,
raw,client_quickack_on,default,on,20,,,,,,,,,,,,,,undetermined-needs-privileged-capture,12,20.149,True,True,False,unknown,,,
raw,client_quickack_on,default,on,20,,,,,,,,,,,,,,undetermined-needs-privileged-capture,13,20.148,True,True,False,unknown,,,
raw,client_quickack_on,default,on,20,,,,,,,,,,,,,,undetermined-needs-privileged-capture,14,20.148,True,True,False,unknown,,,
raw,client_quickack_on,default,on,20,,,,,,,,,,,,,,undetermined-needs-privileged-capture,15,20.454,True,True,False,unknown,,,
raw,client_quickack_on,default,on,20,,,,,,,,,,,,,,undetermined-needs-privileged-capture,16,20.191,True,True,False,unknown,,,
raw,client_quickack_on,default,on,20,,,,,,,,,,,,,,undetermined-needs-privileged-capture,17,20.189,True,True,False,unknown,,,
raw,client_quickack_on,default,on,20,,,,,,,,,,,,,,undetermined-needs-privileged-capture,18,20.312,True,True,False,unknown,,,
raw,client_quickack_on,default,on,20,,,,,,,,,,,,,,undetermined-needs-privileged-capture,19,20.199,True,True,False,unknown,,,
raw,client_quickack_on,default,on,50,,,,,,,,,,,,,,undetermined-needs-privileged-capture,0,50.162,True,True,False,unknown,,,
raw,client_quickack_on,default,on,50,,,,,,,,,,,,,,undetermined-needs-privileged-capture,1,50.791,True,True,False,unknown,,,
raw,client_quickack_on,default,on,50,,,,,,,,,,,,,,undetermined-needs-privileged-capture,2,50.239,True,True,False,unknown,,,
raw,client_quickack_on,default,on,50,,,,,,,,,,,,,,undetermined-needs-privileged-capture,3,50.231,True,True,False,unknown,,,
raw,client_quickack_on,default,on,50,,,,,,,,,,,,,,undetermined-needs-privileged-capture,4,50.191,True,True,False,unknown,,,
raw,client_quickack_on,default,on,50,,,,,,,,,,,,,,undetermined-needs-privileged-capture,5,50.59,True,True,False,unknown,,,
raw,client_quickack_on,default,on,50,,,,,,,,,,,,,,undetermined-needs-privileged-capture,6,50.245,True,True,False,unknown,,,
raw,client_quickack_on,default,on,50,,,,,,,,,,,,,,undetermined-needs-privileged-capture,7,50.872,True,True,False,unknown,,,
raw,client_quickack_on,default,on,50,,,,,,,,,,,,,,undetermined-needs-privileged-capture,8,50.347,True,True,False,unknown,,,
raw,client_quickack_on,default,on,50,,,,,,,,,,,,,,undetermined-needs-privileged-capture,9,50.24,True,True,False,unknown,,,
raw,client_quickack_on,default,on,50,,,,,,,,,,,,,,undetermined-needs-privileged-capture,10,50.428,True,True,False,unknown,,,
raw,client_quickack_on,default,on,50,,,,,,,,,,,,,,undetermined-needs-privileged-capture,11,50.651,True,True,False,unknown,,,
raw,client_quickack_on,default,on,50,,,,,,,,,,,,,,undetermined-needs-privileged-capture,12,50.245,True,True,False,unknown,,,
raw,client_quickack_on,default,on,50,,,,,,,,,,,,,,undetermined-needs-privileged-capture,13,50.525,True,True,False,unknown,,,
raw,client_quickack_on,default,on,50,,,,,,,,,,,,,,undetermined-needs-privileged-capture,14,50.634,True,True,False,unknown,,,
raw,client_quickack_on,default,on,50,,,,,,,,,,,,,,undetermined-needs-privileged-capture,15,50.639,True,True,False,unknown,,,
raw,client_quickack_on,default,on,50,,,,,,,,,,,,,,undetermined-needs-privileged-capture,16,50.753,True,True,False,unknown,,,
raw,client_quickack_on,default,on,50,,,,,,,,,,,,,,undetermined-needs-privileged-capture,17,50.649,True,True,False,unknown,,,
raw,client_quickack_on,default,on,50,,,,,,,,,,,,,,undetermined-needs-privileged-capture,18,50.638,True,True,False,unknown,,,
raw,client_quickack_on,default,on,50,,,,,,,,,,,,,,undetermined-needs-privileged-capture,19,50.71,True,True,False,unknown,,,
