pcap,transaction,class,tcp_seq_1,len_1,tcp_seq_2,len_2,segment_vector,total_bytes,contiguous,crc_valid,cksum_valid,source_copy_escape
e1_native_size_shapeoff.pcap,1,READ,1003669412,49,,,49,49,1,1,1,0
e1_native_size_shapeoff.pcap,2,READ,1003669461,49,,,49,49,1,1,1,0
e1_native_size_shapeoff.pcap,3,READ,1003669510,49,,,49,49,1,1,1,0
e1_native_size_shapeoff.pcap,4,READ,1003669559,49,,,49,49,1,1,1,0
e1_native_size_shapeoff.pcap,5,READ,1003669608,49,,,49,49,1,1,1,0
e1_native_size_shapeoff.pcap,6,READ,1003669657,49,,,49,49,1,1,1,0
e1_native_size_shapeoff.pcap,7,READ,1003669706,49,,,49,49,1,1,1,0
e1_native_size_shapeoff.pcap,8,READ,1003669755,49,,,49,49,1,1,1,0
e1_native_size_shapeoff.pcap,9,READ,1003669804,49,,,49,49,1,1,1,0
e1_native_size_shapeoff.pcap,10,READ,1003669853,49,,,49,49,1,1,1,0
e1_native_size_shapeoff.pcap,11,READ,1003669902,49,,,49,49,1,1,1,0
e1_native_size_shapeoff.pcap,12,READ,1003669951,49,,,49,49,1,1,1,0
e1_native_size_shapeoff.pcap,13,READ,1003670000,49,,,49,49,1,1,1,0
e1_native_size_shapeoff.pcap,14,READ,1003670049,49,,,49,49,1,1,1,0
e1_native_size_shapeoff.pcap,15,READ,1003670098,49,,,49,49,1,1,1,0
e1_native_size_shapeoff.pcap,16,READ,1003670147,49,,,49,49,1,1,1,0
e1_native_size_shapeoff.pcap,17,READ,1003670196,49,,,49,49,1,1,1,0
e1_native_size_shapeoff.pcap,18,READ,1003670245,49,,,49,49,1,1,1,0
e1_native_size_shapeoff.pcap,19,READ,1003670294,49,,,49,49,1,1,1,0
e1_native_size_shapeoff.pcap,20,READ,1003670343,49,,,49,49,1,1,1,0
e1_native_size_shapeoff.pcap,21,READ,1003670392,49,,,49,49,1,1,1,0
e1_native_size_shapeoff.pcap,22,READ,1003670441,49,,,49,49,1,1,1,0
e1_native_size_shapeoff.pcap,23,READ,1003670490,49,,,49,49,1,1,1,0
e1_native_size_shapeoff.pcap,24,READ,1003670539,49,,,49,49,1,1,1,0
e1_native_size_shapeoff.pcap,25,READ,1003670588,49,,,49,49,1,1,1,0
e1_native_size_shapeoff.pcap,26,READ,1003670637,49,,,49,49,1,1,1,0
e1_native_size_shapeoff.pcap,27,READ,1003670686,49,,,49,49,1,1,1,0
e1_native_size_shapeoff.pcap,28,READ,1003670735,49,,,49,49,1,1,1,0
e1_native_size_shapeoff.pcap,29,READ,1003670784,49,,,49,49,1,1,1,0
e1_native_size_shapeoff.pcap,30,READ,1003670833,49,,,49,49,1,1,1,0
e1_native_size_shapeoff.pcap,31,READ,1003670882,49,,,49,49,1,1,1,0
e1_native_size_shapeoff.pcap,32,READ,1003670931,49,,,49,49,1,1,1,0
e1_native_size_shapeoff.pcap,33,READ,1003670980,49,,,49,49,1,1,1,0
e1_native_size_shapeoff.pcap,34,READ,1003671029,49,,,49,49,1,1,1,0
e1_native_size_shapeoff.pcap,35,READ,1003671078,49,,,49,49,1,1,1,0
e1_native_size_shapeoff.pcap,36,READ,1003671127,49,,,49,49,1,1,1,0
e1_native_size_shapeoff.pcap,37,READ,1003671176,49,,,49,49,1,1,1,0
e1_native_size_shapeoff.pcap,38,READ,1003671225,49,,,49,49,1,1,1,0
e1_native_size_shapeoff.pcap,39,READ,1003671274,49,,,49,49,1,1,1,0
e1_native_size_shapeoff.pcap,40,READ,1003671323,49,,,49,49,1,1,1,0
e1_native_size_shapeoff.pcap,41,READ,1003671372,49,,,49,49,1,1,1,0
e1_native_size_shapeoff.pcap,42,READ,1003671421,49,,,49,49,1,1,1,0
e1_native_size_shapeoff.pcap,43,READ,1003671470,49,,,49,49,1,1,1,0
e1_native_size_shapeoff.pcap,44,READ,1003671519,49,,,49,49,1,1,1,0
e1_native_size_shapeoff.pcap,45,READ,1003671568,49,,,49,49,1,1,1,0
e1_native_size_shapeoff.pcap,46,READ,1003671617,49,,,49,49,1,1,1,0
e1_native_size_shapeoff.pcap,47,READ,1003671666,49,,,49,49,1,1,1,0
e1_native_size_shapeoff.pcap,48,READ,1003671715,49,,,49,49,1,1,1,0
e1_native_size_shapeoff.pcap,49,READ,1003671764,49,,,49,49,1,1,1,0
e1_native_size_shapeoff.pcap,50,READ,1003671813,49,,,49,49,1,1,1,0
e1_native_size_shapeoff.pcap,51,READ,1003671862,49,,,49,49,1,1,1,0
e1_native_size_shapeoff.pcap,52,READ,1003671911,49,,,49,49,1,1,1,0
e1_native_size_shapeoff.pcap,53,READ,1003671960,49,,,49,49,1,1,1,0
e1_native_size_shapeoff.pcap,54,READ,1003672009,49,,,49,49,1,1,1,0
e1_native_size_shapeoff.pcap,55,READ,1003672058,49,,,49,49,1,1,1,0
e1_native_size_shapeoff.pcap,56,READ,1003672107,49,,,49,49,1,1,1,0
e1_native_size_shapeoff.pcap,57,READ,1003672156,49,,,49,49,1,1,1,0
e1_native_size_shapeoff.pcap,58,READ,1003672205,49,,,49,49,1,1,1,0
e1_native_size_shapeoff.pcap,59,READ,1003672254,49,,,49,49,1,1,1,0
e1_native_size_shapeoff.pcap,60,READ,1003672303,49,,,49,49,1,1,1,0
e1_native_size_shapeoff.pcap,61,READ,1003672352,49,,,49,49,1,1,1,0
e1_native_size_shapeoff.pcap,62,READ,1003672401,49,,,49,49,1,1,1,0
e1_native_size_shapeoff.pcap,63,READ,1003672450,49,,,49,49,1,1,1,0
e1_native_size_shapeoff.pcap,64,READ,1003672499,49,,,49,49,1,1,1,0
e1_native_size_shapeoff.pcap,65,READ,1003672548,49,,,49,49,1,1,1,0
e1_native_size_shapeoff.pcap,66,READ,1003672597,49,,,49,49,1,1,1,0
e1_native_size_shapeoff.pcap,67,READ,1003672646,49,,,49,49,1,1,1,0
e1_native_size_shapeoff.pcap,68,READ,1003672695,49,,,49,49,1,1,1,0
e1_native_size_shapeoff.pcap,69,READ,1003672744,49,,,49,49,1,1,1,0
e1_native_size_shapeoff.pcap,70,READ,1003672793,49,,,49,49,1,1,1,0
e1_native_size_shapeoff.pcap,71,READ,1003672842,49,,,49,49,1,1,1,0
e1_native_size_shapeoff.pcap,72,READ,1003672891,49,,,49,49,1,1,1,0
e1_native_size_shapeoff.pcap,73,READ,1003672940,49,,,49,49,1,1,1,0
e1_native_size_shapeoff.pcap,74,READ,1003672989,49,,,49,49,1,1,1,0
e1_native_size_shapeoff.pcap,75,READ,1003673038,49,,,49,49,1,1,1,0
e1_native_size_shapeoff.pcap,76,READ,1003673087,49,,,49,49,1,1,1,0
e1_native_size_shapeoff.pcap,77,READ,1003673136,49,,,49,49,1,1,1,0
e1_native_size_shapeoff.pcap,78,READ,1003673185,49,,,49,49,1,1,1,0
e1_native_size_shapeoff.pcap,79,READ,1003673234,49,,,49,49,1,1,1,0
e1_native_size_shapeoff.pcap,80,READ,1003673283,49,,,49,49,1,1,1,0
e1_native_size_shapeoff.pcap,81,READ,1003673332,49,,,49,49,1,1,1,0
e1_native_size_shapeoff.pcap,82,READ,1003673381,49,,,49,49,1,1,1,0
e1_native_size_shapeoff.pcap,83,READ,1003673430,49,,,49,49,1,1,1,0
e1_native_size_shapeoff.pcap,84,READ,1003673479,49,,,49,49,1,1,1,0
e1_native_size_shapeoff.pcap,85,READ,1003673528,49,,,49,49,1,1,1,0
e1_native_size_shapeoff.pcap,86,READ,1003673577,49,,,49,49,1,1,1,0
e1_native_size_shapeoff.pcap,87,READ,1003673626,49,,,49,49,1,1,1,0
e1_native_size_shapeoff.pcap,88,READ,1003673675,49,,,49,49,1,1,1,0
e1_native_size_shapeoff.pcap,89,READ,1003673724,49,,,49,49,1,1,1,0
e1_native_size_shapeoff.pcap,90,READ,1003673773,49,,,49,49,1,1,1,0
e1_native_size_shapeoff.pcap,91,READ,1003673822,49,,,49,49,1,1,1,0
e1_native_size_shapeoff.pcap,92,READ,1003673871,49,,,49,49,1,1,1,0
e1_native_size_shapeoff.pcap,93,READ,1003673920,49,,,49,49,1,1,1,0
e1_native_size_shapeoff.pcap,94,READ,1003673969,49,,,49,49,1,1,1,0
e1_native_size_shapeoff.pcap,95,READ,1003674018,49,,,49,49,1,1,1,0
e1_native_size_shapeoff.pcap,96,READ,1003674067,49,,,49,49,1,1,1,0
e1_native_size_shapeoff.pcap,97,READ,1003674116,49,,,49,49,1,1,1,0
e1_native_size_shapeoff.pcap,98,READ,1003674165,49,,,49,49,1,1,1,0
e1_native_size_shapeoff.pcap,99,READ,1003674214,49,,,49,49,1,1,1,0
e1_native_size_shapeoff.pcap,100,READ,1003674263,49,,,49,49,1,1,1,0
e2_def_read.pcap,1,READ,1567687237,28,1567687265,21,28|21,49,1,1,1,0
e2_def_read.pcap,2,READ,1567687286,28,1567687314,21,28|21,49,1,1,1,0
e2_def_read.pcap,3,READ,1567687335,28,1567687363,21,28|21,49,1,1,1,0
e2_def_read.pcap,4,READ,1567687384,28,1567687412,21,28|21,49,1,1,1,0
e2_def_read.pcap,5,READ,1567687433,28,1567687461,21,28|21,49,1,1,1,0
e2_def_read.pcap,6,READ,1567687482,28,1567687510,21,28|21,49,1,1,1,0
e2_def_read.pcap,7,READ,1567687531,28,1567687559,21,28|21,49,1,1,1,0
e2_def_read.pcap,8,READ,1567687580,28,1567687608,21,28|21,49,1,1,1,0
e2_def_read.pcap,9,READ,1567687629,28,1567687657,21,28|21,49,1,1,1,0
e2_def_read.pcap,10,READ,1567687678,28,1567687706,21,28|21,49,1,1,1,0
e2_def_read.pcap,11,READ,1567687727,28,1567687755,21,28|21,49,1,1,1,0
e2_def_read.pcap,12,READ,1567687776,28,1567687804,21,28|21,49,1,1,1,0
e2_def_read.pcap,13,READ,1567687825,28,1567687853,21,28|21,49,1,1,1,0
e2_def_read.pcap,14,READ,1567687874,28,1567687902,21,28|21,49,1,1,1,0
e2_def_read.pcap,15,READ,1567687923,28,1567687951,21,28|21,49,1,1,1,0
e2_def_read.pcap,16,READ,1567687972,28,1567688000,21,28|21,49,1,1,1,0
e2_def_read.pcap,17,READ,1567688021,28,1567688049,21,28|21,49,1,1,1,0
e2_def_read.pcap,18,READ,1567688070,28,1567688098,21,28|21,49,1,1,1,0
e2_def_read.pcap,19,READ,1567688119,28,1567688147,21,28|21,49,1,1,1,0
e2_def_read.pcap,20,READ,1567688168,28,1567688196,21,28|21,49,1,1,1,0
e2_def_read.pcap,21,READ,1567688217,28,1567688245,21,28|21,49,1,1,1,0
e2_def_read.pcap,22,READ,1567688266,28,1567688294,21,28|21,49,1,1,1,0
e2_def_read.pcap,23,READ,1567688315,28,1567688343,21,28|21,49,1,1,1,0
e2_def_read.pcap,24,READ,1567688364,28,1567688392,21,28|21,49,1,1,1,0
e2_def_read.pcap,25,READ,1567688413,28,1567688441,21,28|21,49,1,1,1,0
e2_def_read.pcap,26,READ,1567688462,28,1567688490,21,28|21,49,1,1,1,0
e2_def_read.pcap,27,READ,1567688511,28,1567688539,21,28|21,49,1,1,1,0
e2_def_read.pcap,28,READ,1567688560,28,1567688588,21,28|21,49,1,1,1,0
e2_def_read.pcap,29,READ,1567688609,28,1567688637,21,28|21,49,1,1,1,0
e2_def_read.pcap,30,READ,1567688658,28,1567688686,21,28|21,49,1,1,1,0
e2_def_read.pcap,31,READ,1567688707,28,1567688735,21,28|21,49,1,1,1,0
e2_def_read.pcap,32,READ,1567688756,28,1567688784,21,28|21,49,1,1,1,0
e2_def_read.pcap,33,READ,1567688805,28,1567688833,21,28|21,49,1,1,1,0
e2_def_read.pcap,34,READ,1567688854,28,1567688882,21,28|21,49,1,1,1,0
e2_def_read.pcap,35,READ,1567688903,28,1567688931,21,28|21,49,1,1,1,0
e2_def_read.pcap,36,READ,1567688952,28,1567688980,21,28|21,49,1,1,1,0
e2_def_read.pcap,37,READ,1567689001,28,1567689029,21,28|21,49,1,1,1,0
e2_def_read.pcap,38,READ,1567689050,28,1567689078,21,28|21,49,1,1,1,0
e2_def_read.pcap,39,READ,1567689099,28,1567689127,21,28|21,49,1,1,1,0
e2_def_read.pcap,40,READ,1567689148,28,1567689176,21,28|21,49,1,1,1,0
e2_def_read.pcap,41,READ,1567689197,28,1567689225,21,28|21,49,1,1,1,0
e2_def_read.pcap,42,READ,1567689246,28,1567689274,21,28|21,49,1,1,1,0
e2_def_read.pcap,43,READ,1567689295,28,1567689323,21,28|21,49,1,1,1,0
e2_def_read.pcap,44,READ,1567689344,28,1567689372,21,28|21,49,1,1,1,0
e2_def_read.pcap,45,READ,1567689393,28,1567689421,21,28|21,49,1,1,1,0
e2_def_read.pcap,46,READ,1567689442,28,1567689470,21,28|21,49,1,1,1,0
e2_def_read.pcap,47,READ,1567689491,28,1567689519,21,28|21,49,1,1,1,0
e2_def_read.pcap,48,READ,1567689540,28,1567689568,21,28|21,49,1,1,1,0
e2_def_read.pcap,49,READ,1567689589,28,1567689617,21,28|21,49,1,1,1,0
e2_def_read.pcap,50,READ,1567689638,28,1567689666,21,28|21,49,1,1,1,0
e2_def_read.pcap,51,READ,1567689687,28,1567689715,21,28|21,49,1,1,1,0
e2_def_read.pcap,52,READ,1567689736,28,1567689764,21,28|21,49,1,1,1,0
e2_def_read.pcap,53,READ,1567689785,28,1567689813,21,28|21,49,1,1,1,0
e2_def_read.pcap,54,READ,1567689834,28,1567689862,21,28|21,49,1,1,1,0
e2_def_read.pcap,55,READ,1567689883,28,1567689911,21,28|21,49,1,1,1,0
e2_def_read.pcap,56,READ,1567689932,28,1567689960,21,28|21,49,1,1,1,0
e2_def_read.pcap,57,READ,1567689981,28,1567690009,21,28|21,49,1,1,1,0
e2_def_read.pcap,58,READ,1567690030,28,1567690058,21,28|21,49,1,1,1,0
e2_def_read.pcap,59,READ,1567690079,28,1567690107,21,28|21,49,1,1,1,0
e2_def_read.pcap,60,READ,1567690128,28,1567690156,21,28|21,49,1,1,1,0
e2_def_read.pcap,61,READ,1567690177,28,1567690205,21,28|21,49,1,1,1,0
e2_def_read.pcap,62,READ,1567690226,28,1567690254,21,28|21,49,1,1,1,0
e2_def_read.pcap,63,READ,1567690275,28,1567690303,21,28|21,49,1,1,1,0
e2_def_read.pcap,64,READ,1567690324,28,1567690352,21,28|21,49,1,1,1,0
e2_def_read.pcap,65,READ,1567690373,28,1567690401,21,28|21,49,1,1,1,0
e2_def_read.pcap,66,READ,1567690422,28,1567690450,21,28|21,49,1,1,1,0
e2_def_read.pcap,67,READ,1567690471,28,1567690499,21,28|21,49,1,1,1,0
e2_def_read.pcap,68,READ,1567690520,28,1567690548,21,28|21,49,1,1,1,0
e2_def_read.pcap,69,READ,1567690569,28,1567690597,21,28|21,49,1,1,1,0
e2_def_read.pcap,70,READ,1567690618,28,1567690646,21,28|21,49,1,1,1,0
e2_def_read.pcap,71,READ,1567690667,28,1567690695,21,28|21,49,1,1,1,0
e2_def_read.pcap,72,READ,1567690716,28,1567690744,21,28|21,49,1,1,1,0
e2_def_read.pcap,73,READ,1567690765,28,1567690793,21,28|21,49,1,1,1,0
e2_def_read.pcap,74,READ,1567690814,28,1567690842,21,28|21,49,1,1,1,0
e2_def_read.pcap,75,READ,1567690863,28,1567690891,21,28|21,49,1,1,1,0
e2_def_read.pcap,76,READ,1567690912,28,1567690940,21,28|21,49,1,1,1,0
e2_def_read.pcap,77,READ,1567690961,28,1567690989,21,28|21,49,1,1,1,0
e2_def_read.pcap,78,READ,1567691010,28,1567691038,21,28|21,49,1,1,1,0
e2_def_read.pcap,79,READ,1567691059,28,1567691087,21,28|21,49,1,1,1,0
e2_def_read.pcap,80,READ,1567691108,28,1567691136,21,28|21,49,1,1,1,0
e2_def_read.pcap,81,READ,1567691157,28,1567691185,21,28|21,49,1,1,1,0
e2_def_read.pcap,82,READ,1567691206,28,1567691234,21,28|21,49,1,1,1,0
e2_def_read.pcap,83,READ,1567691255,28,1567691283,21,28|21,49,1,1,1,0
e2_def_read.pcap,84,READ,1567691304,28,1567691332,21,28|21,49,1,1,1,0
e2_def_read.pcap,85,READ,1567691353,28,1567691381,21,28|21,49,1,1,1,0
e2_def_read.pcap,86,READ,1567691402,28,1567691430,21,28|21,49,1,1,1,0
e2_def_read.pcap,87,READ,1567691451,28,1567691479,21,28|21,49,1,1,1,0
e2_def_read.pcap,88,READ,1567691500,28,1567691528,21,28|21,49,1,1,1,0
e2_def_read.pcap,89,READ,1567691549,28,1567691577,21,28|21,49,1,1,1,0
e2_def_read.pcap,90,READ,1567691598,28,1567691626,21,28|21,49,1,1,1,0
e2_def_read.pcap,91,READ,1567691647,28,1567691675,21,28|21,49,1,1,1,0
e2_def_read.pcap,92,READ,1567691696,28,1567691724,21,28|21,49,1,1,1,0
e2_def_read.pcap,93,READ,1567691745,28,1567691773,21,28|21,49,1,1,1,0
e2_def_read.pcap,94,READ,1567691794,28,1567691822,21,28|21,49,1,1,1,0
e2_def_read.pcap,95,READ,1567691843,28,1567691871,21,28|21,49,1,1,1,0
e2_def_read.pcap,96,READ,1567691892,28,1567691920,21,28|21,49,1,1,1,0
e2_def_read.pcap,97,READ,1567691941,28,1567691969,21,28|21,49,1,1,1,0
e2_def_read.pcap,98,READ,1567691990,28,1567692018,21,28|21,49,1,1,1,0
e2_def_read.pcap,99,READ,1567692039,28,1567692067,21,28|21,49,1,1,1,0
e2_def_read.pcap,100,READ,1567692088,28,1567692116,21,28|21,49,1,1,1,0
e2_def_read.pcap,101,READ,1567692137,28,1567692165,21,28|21,49,1,1,1,0
e2_def_read.pcap,102,READ,1567692186,28,1567692214,21,28|21,49,1,1,1,0
e2_def_read.pcap,103,READ,1567692235,28,1567692263,21,28|21,49,1,1,1,0
e2_def_read.pcap,104,READ,1567692284,28,1567692312,21,28|21,49,1,1,1,0
e2_def_read.pcap,105,READ,1567692333,28,1567692361,21,28|21,49,1,1,1,0
e2_def_read.pcap,106,READ,1567692382,28,1567692410,21,28|21,49,1,1,1,0
e2_def_read.pcap,107,READ,1567692431,28,1567692459,21,28|21,49,1,1,1,0
e2_def_read.pcap,108,READ,1567692480,28,1567692508,21,28|21,49,1,1,1,0
e2_def_read.pcap,109,READ,1567692529,28,1567692557,21,28|21,49,1,1,1,0
e2_def_read.pcap,110,READ,1567692578,28,1567692606,21,28|21,49,1,1,1,0
e2_def_read.pcap,111,READ,1567692627,28,1567692655,21,28|21,49,1,1,1,0
e2_def_read.pcap,112,READ,1567692676,28,1567692704,21,28|21,49,1,1,1,0
e2_def_read.pcap,113,READ,1567692725,28,1567692753,21,28|21,49,1,1,1,0
e2_def_read.pcap,114,READ,1567692774,28,1567692802,21,28|21,49,1,1,1,0
e2_def_read.pcap,115,READ,1567692823,28,1567692851,21,28|21,49,1,1,1,0
e2_def_read.pcap,116,READ,1567692872,28,1567692900,21,28|21,49,1,1,1,0
e2_def_read.pcap,117,READ,1567692921,28,1567692949,21,28|21,49,1,1,1,0
e2_def_read.pcap,118,READ,1567692970,28,1567692998,21,28|21,49,1,1,1,0
e2_def_read.pcap,119,READ,1567693019,28,1567693047,21,28|21,49,1,1,1,0
e2_def_read.pcap,120,READ,1567693068,28,1567693096,21,28|21,49,1,1,1,0
e2_def_read.pcap,121,READ,1567693117,28,1567693145,21,28|21,49,1,1,1,0
e2_def_read.pcap,122,READ,1567693166,28,1567693194,21,28|21,49,1,1,1,0
e2_def_read.pcap,123,READ,1567693215,28,1567693243,21,28|21,49,1,1,1,0
e2_def_read.pcap,124,READ,1567693264,28,1567693292,21,28|21,49,1,1,1,0
e2_def_read.pcap,125,READ,1567693313,28,1567693341,21,28|21,49,1,1,1,0
e2_def_read.pcap,126,READ,1567693362,28,1567693390,21,28|21,49,1,1,1,0
e2_def_read.pcap,127,READ,1567693411,28,1567693439,21,28|21,49,1,1,1,0
e2_def_read.pcap,128,READ,1567693460,28,1567693488,21,28|21,49,1,1,1,0
e2_def_read.pcap,129,READ,1567693509,28,1567693537,21,28|21,49,1,1,1,0
e2_def_read.pcap,130,READ,1567693558,28,1567693586,21,28|21,49,1,1,1,0
e2_def_read.pcap,131,READ,1567693607,28,1567693635,21,28|21,49,1,1,1,0
e2_def_read.pcap,132,READ,1567693656,28,1567693684,21,28|21,49,1,1,1,0
e2_def_read.pcap,133,READ,1567693705,28,1567693733,21,28|21,49,1,1,1,0
e2_def_read.pcap,134,READ,1567693754,28,1567693782,21,28|21,49,1,1,1,0
e2_def_read.pcap,135,READ,1567693803,28,1567693831,21,28|21,49,1,1,1,0
e2_def_read.pcap,136,READ,1567693852,28,1567693880,21,28|21,49,1,1,1,0
e2_def_read.pcap,137,READ,1567693901,28,1567693929,21,28|21,49,1,1,1,0
e2_def_read.pcap,138,READ,1567693950,28,1567693978,21,28|21,49,1,1,1,0
e2_def_read.pcap,139,READ,1567693999,28,1567694027,21,28|21,49,1,1,1,0
e2_def_read.pcap,140,READ,1567694048,28,1567694076,21,28|21,49,1,1,1,0
e2_def_read.pcap,141,READ,1567694097,28,1567694125,21,28|21,49,1,1,1,0
e2_def_read.pcap,142,READ,1567694146,28,1567694174,21,28|21,49,1,1,1,0
e2_def_read.pcap,143,READ,1567694195,28,1567694223,21,28|21,49,1,1,1,0
e2_def_read.pcap,144,READ,1567694244,28,1567694272,21,28|21,49,1,1,1,0
e2_def_read.pcap,145,READ,1567694293,28,1567694321,21,28|21,49,1,1,1,0
e2_def_read.pcap,146,READ,1567694342,28,1567694370,21,28|21,49,1,1,1,0
e2_def_read.pcap,147,READ,1567694391,28,1567694419,21,28|21,49,1,1,1,0
e2_def_read.pcap,148,READ,1567694440,28,1567694468,21,28|21,49,1,1,1,0
e2_def_read.pcap,149,READ,1567694489,28,1567694517,21,28|21,49,1,1,1,0
e2_def_read.pcap,150,READ,1567694538,28,1567694566,21,28|21,49,1,1,1,0
e2_def_read.pcap,151,READ,1567694587,28,1567694615,21,28|21,49,1,1,1,0
e2_def_read.pcap,152,READ,1567694636,28,1567694664,21,28|21,49,1,1,1,0
e2_def_read.pcap,153,READ,1567694685,28,1567694713,21,28|21,49,1,1,1,0
e2_def_read.pcap,154,READ,1567694734,28,1567694762,21,28|21,49,1,1,1,0
e2_def_read.pcap,155,READ,1567694783,28,1567694811,21,28|21,49,1,1,1,0
e2_def_read.pcap,156,READ,1567694832,28,1567694860,21,28|21,49,1,1,1,0
e2_def_read.pcap,157,READ,1567694881,28,1567694909,21,28|21,49,1,1,1,0
e2_def_read.pcap,158,READ,1567694930,28,1567694958,21,28|21,49,1,1,1,0
e2_def_read.pcap,159,READ,1567694979,28,1567695007,21,28|21,49,1,1,1,0
e2_def_read.pcap,160,READ,1567695028,28,1567695056,21,28|21,49,1,1,1,0
e2_def_read.pcap,161,READ,1567695077,28,1567695105,21,28|21,49,1,1,1,0
e2_def_read.pcap,162,READ,1567695126,28,1567695154,21,28|21,49,1,1,1,0
e2_def_read.pcap,163,READ,1567695175,28,1567695203,21,28|21,49,1,1,1,0
e2_def_read.pcap,164,READ,1567695224,28,1567695252,21,28|21,49,1,1,1,0
e2_def_read.pcap,165,READ,1567695273,28,1567695301,21,28|21,49,1,1,1,0
e2_def_read.pcap,166,READ,1567695322,28,1567695350,21,28|21,49,1,1,1,0
e2_def_read.pcap,167,READ,1567695371,28,1567695399,21,28|21,49,1,1,1,0
e2_def_read.pcap,168,READ,1567695420,28,1567695448,21,28|21,49,1,1,1,0
e2_def_read.pcap,169,READ,1567695469,28,1567695497,21,28|21,49,1,1,1,0
e2_def_read.pcap,170,READ,1567695518,28,1567695546,21,28|21,49,1,1,1,0
e2_def_read.pcap,171,READ,1567695567,28,1567695595,21,28|21,49,1,1,1,0
e2_def_read.pcap,172,READ,1567695616,28,1567695644,21,28|21,49,1,1,1,0
e2_def_read.pcap,173,READ,1567695665,28,1567695693,21,28|21,49,1,1,1,0
e2_def_read.pcap,174,READ,1567695714,28,1567695742,21,28|21,49,1,1,1,0
e2_def_read.pcap,175,READ,1567695763,28,1567695791,21,28|21,49,1,1,1,0
e2_def_read.pcap,176,READ,1567695812,28,1567695840,21,28|21,49,1,1,1,0
e2_def_read.pcap,177,READ,1567695861,28,1567695889,21,28|21,49,1,1,1,0
e2_def_read.pcap,178,READ,1567695910,28,1567695938,21,28|21,49,1,1,1,0
e2_def_read.pcap,179,READ,1567695959,28,1567695987,21,28|21,49,1,1,1,0
e2_def_read.pcap,180,READ,1567696008,28,1567696036,21,28|21,49,1,1,1,0
e2_def_read.pcap,181,READ,1567696057,28,1567696085,21,28|21,49,1,1,1,0
e2_def_read.pcap,182,READ,1567696106,28,1567696134,21,28|21,49,1,1,1,0
e2_def_read.pcap,183,READ,1567696155,28,1567696183,21,28|21,49,1,1,1,0
e2_def_read.pcap,184,READ,1567696204,28,1567696232,21,28|21,49,1,1,1,0
e2_def_read.pcap,185,READ,1567696253,28,1567696281,21,28|21,49,1,1,1,0
e2_def_read.pcap,186,READ,1567696302,28,1567696330,21,28|21,49,1,1,1,0
e2_def_read.pcap,187,READ,1567696351,28,1567696379,21,28|21,49,1,1,1,0
e2_def_read.pcap,188,READ,1567696400,28,1567696428,21,28|21,49,1,1,1,0
e2_def_read.pcap,189,READ,1567696449,28,1567696477,21,28|21,49,1,1,1,0
e2_def_read.pcap,190,READ,1567696498,28,1567696526,21,28|21,49,1,1,1,0
e2_def_read.pcap,191,READ,1567696547,28,1567696575,21,28|21,49,1,1,1,0
e2_def_read.pcap,192,READ,1567696596,28,1567696624,21,28|21,49,1,1,1,0
e2_def_read.pcap,193,READ,1567696645,28,1567696673,21,28|21,49,1,1,1,0
e2_def_read.pcap,194,READ,1567696694,28,1567696722,21,28|21,49,1,1,1,0
e2_def_read.pcap,195,READ,1567696743,28,1567696771,21,28|21,49,1,1,1,0
e2_def_read.pcap,196,READ,1567696792,28,1567696820,21,28|21,49,1,1,1,0
e2_def_read.pcap,197,READ,1567696841,28,1567696869,21,28|21,49,1,1,1,0
e2_def_read.pcap,198,READ,1567696890,28,1567696918,21,28|21,49,1,1,1,0
e2_def_read.pcap,199,READ,1567696939,28,1567696967,21,28|21,49,1,1,1,0
e2_def_read.pcap,200,READ,1567696988,28,1567697016,21,28|21,49,1,1,1,0
e2_def_read.pcap,201,READ,1567697037,28,1567697065,21,28|21,49,1,1,1,0
e2_def_read.pcap,202,READ,1567697086,28,1567697114,21,28|21,49,1,1,1,0
e2_def_read.pcap,203,READ,1567697135,28,1567697163,21,28|21,49,1,1,1,0
e2_def_read.pcap,204,READ,1567697184,28,1567697212,21,28|21,49,1,1,1,0
e2_def_read.pcap,205,READ,1567697233,28,1567697261,21,28|21,49,1,1,1,0
e2_def_read.pcap,206,READ,1567697282,28,1567697310,21,28|21,49,1,1,1,0
e2_def_read.pcap,207,READ,1567697331,28,1567697359,21,28|21,49,1,1,1,0
e2_def_read.pcap,208,READ,1567697380,28,1567697408,21,28|21,49,1,1,1,0
e2_def_read.pcap,209,READ,1567697429,28,1567697457,21,28|21,49,1,1,1,0
e2_def_read.pcap,210,READ,1567697478,28,1567697506,21,28|21,49,1,1,1,0
e2_def_read.pcap,211,READ,1567697527,28,1567697555,21,28|21,49,1,1,1,0
e2_def_read.pcap,212,READ,1567697576,28,1567697604,21,28|21,49,1,1,1,0
e2_def_read.pcap,213,READ,1567697625,28,1567697653,21,28|21,49,1,1,1,0
e2_def_read.pcap,214,READ,1567697674,28,1567697702,21,28|21,49,1,1,1,0
e2_def_read.pcap,215,READ,1567697723,28,1567697751,21,28|21,49,1,1,1,0
e2_def_read.pcap,216,READ,1567697772,28,1567697800,21,28|21,49,1,1,1,0
e2_def_read.pcap,217,READ,1567697821,28,1567697849,21,28|21,49,1,1,1,0
e2_def_read.pcap,218,READ,1567697870,28,1567697898,21,28|21,49,1,1,1,0
e2_def_read.pcap,219,READ,1567697919,28,1567697947,21,28|21,49,1,1,1,0
e2_def_read.pcap,220,READ,1567697968,28,1567697996,21,28|21,49,1,1,1,0
e2_def_read.pcap,221,READ,1567698017,28,1567698045,21,28|21,49,1,1,1,0
e2_def_read.pcap,222,READ,1567698066,28,1567698094,21,28|21,49,1,1,1,0
e2_def_read.pcap,223,READ,1567698115,28,1567698143,21,28|21,49,1,1,1,0
e2_def_read.pcap,224,READ,1567698164,28,1567698192,21,28|21,49,1,1,1,0
e2_def_read.pcap,225,READ,1567698213,28,1567698241,21,28|21,49,1,1,1,0
e2_def_read.pcap,226,READ,1567698262,28,1567698290,21,28|21,49,1,1,1,0
e2_def_read.pcap,227,READ,1567698311,28,1567698339,21,28|21,49,1,1,1,0
e2_def_read.pcap,228,READ,1567698360,28,1567698388,21,28|21,49,1,1,1,0
e2_def_read.pcap,229,READ,1567698409,28,1567698437,21,28|21,49,1,1,1,0
e2_def_read.pcap,230,READ,1567698458,28,1567698486,21,28|21,49,1,1,1,0
e2_def_read.pcap,231,READ,1567698507,28,1567698535,21,28|21,49,1,1,1,0
e2_def_read.pcap,232,READ,1567698556,28,1567698584,21,28|21,49,1,1,1,0
e2_def_read.pcap,233,READ,1567698605,28,1567698633,21,28|21,49,1,1,1,0
e2_def_read.pcap,234,READ,1567698654,28,1567698682,21,28|21,49,1,1,1,0
e2_def_read.pcap,235,READ,1567698703,28,1567698731,21,28|21,49,1,1,1,0
e2_def_read.pcap,236,READ,1567698752,28,1567698780,21,28|21,49,1,1,1,0
e2_def_read.pcap,237,READ,1567698801,28,1567698829,21,28|21,49,1,1,1,0
e2_def_read.pcap,238,READ,1567698850,28,1567698878,21,28|21,49,1,1,1,0
e2_def_read.pcap,239,READ,1567698899,28,1567698927,21,28|21,49,1,1,1,0
e2_def_read.pcap,240,READ,1567698948,28,1567698976,21,28|21,49,1,1,1,0
e2_def_read.pcap,241,READ,1567698997,28,1567699025,21,28|21,49,1,1,1,0
e2_def_read.pcap,242,READ,1567699046,28,1567699074,21,28|21,49,1,1,1,0
e2_def_read.pcap,243,READ,1567699095,28,1567699123,21,28|21,49,1,1,1,0
e2_def_read.pcap,244,READ,1567699144,28,1567699172,21,28|21,49,1,1,1,0
e2_def_read.pcap,245,READ,1567699193,28,1567699221,21,28|21,49,1,1,1,0
e2_def_read.pcap,246,READ,1567699242,28,1567699270,21,28|21,49,1,1,1,0
e2_def_read.pcap,247,READ,1567699291,28,1567699319,21,28|21,49,1,1,1,0
e2_def_read.pcap,248,READ,1567699340,28,1567699368,21,28|21,49,1,1,1,0
e2_def_read.pcap,249,READ,1567699389,28,1567699417,21,28|21,49,1,1,1,0
e2_def_read.pcap,250,READ,1567699438,28,1567699466,21,28|21,49,1,1,1,0
e2_def_read.pcap,251,READ,1567699487,28,1567699515,21,28|21,49,1,1,1,0
e2_def_read.pcap,252,READ,1567699536,28,1567699564,21,28|21,49,1,1,1,0
e2_def_read.pcap,253,READ,1567699585,28,1567699613,21,28|21,49,1,1,1,0
e2_def_read.pcap,254,READ,1567699634,28,1567699662,21,28|21,49,1,1,1,0
e2_def_read.pcap,255,READ,1567699683,28,1567699711,21,28|21,49,1,1,1,0
e2_def_read.pcap,256,READ,1567699732,28,1567699760,21,28|21,49,1,1,1,0
e2_def_read.pcap,257,READ,1567699781,28,1567699809,21,28|21,49,1,1,1,0
e2_def_read.pcap,258,READ,1567699830,28,1567699858,21,28|21,49,1,1,1,0
e2_def_read.pcap,259,READ,1567699879,28,1567699907,21,28|21,49,1,1,1,0
e2_def_read.pcap,260,READ,1567699928,28,1567699956,21,28|21,49,1,1,1,0
e2_def_read.pcap,261,READ,1567699977,28,1567700005,21,28|21,49,1,1,1,0
e2_def_read.pcap,262,READ,1567700026,28,1567700054,21,28|21,49,1,1,1,0
e2_def_read.pcap,263,READ,1567700075,28,1567700103,21,28|21,49,1,1,1,0
e2_def_read.pcap,264,READ,1567700124,28,1567700152,21,28|21,49,1,1,1,0
e2_def_read.pcap,265,READ,1567700173,28,1567700201,21,28|21,49,1,1,1,0
e2_def_read.pcap,266,READ,1567700222,28,1567700250,21,28|21,49,1,1,1,0
e2_def_read.pcap,267,READ,1567700271,28,1567700299,21,28|21,49,1,1,1,0
e2_def_read.pcap,268,READ,1567700320,28,1567700348,21,28|21,49,1,1,1,0
e2_def_read.pcap,269,READ,1567700369,28,1567700397,21,28|21,49,1,1,1,0
e2_def_read.pcap,270,READ,1567700418,28,1567700446,21,28|21,49,1,1,1,0
e2_def_read.pcap,271,READ,1567700467,28,1567700495,21,28|21,49,1,1,1,0
e2_def_read.pcap,272,READ,1567700516,28,1567700544,21,28|21,49,1,1,1,0
e2_def_read.pcap,273,READ,1567700565,28,1567700593,21,28|21,49,1,1,1,0
e2_def_read.pcap,274,READ,1567700614,28,1567700642,21,28|21,49,1,1,1,0
e2_def_read.pcap,275,READ,1567700663,28,1567700691,21,28|21,49,1,1,1,0
e2_def_read.pcap,276,READ,1567700712,28,1567700740,21,28|21,49,1,1,1,0
e2_def_read.pcap,277,READ,1567700761,28,1567700789,21,28|21,49,1,1,1,0
e2_def_read.pcap,278,READ,1567700810,28,1567700838,21,28|21,49,1,1,1,0
e2_def_read.pcap,279,READ,1567700859,28,1567700887,21,28|21,49,1,1,1,0
e2_def_read.pcap,280,READ,1567700908,28,1567700936,21,28|21,49,1,1,1,0
e2_def_read.pcap,281,READ,1567700957,28,1567700985,21,28|21,49,1,1,1,0
e2_def_read.pcap,282,READ,1567701006,28,1567701034,21,28|21,49,1,1,1,0
e2_def_read.pcap,283,READ,1567701055,28,1567701083,21,28|21,49,1,1,1,0
e2_def_read.pcap,284,READ,1567701104,28,1567701132,21,28|21,49,1,1,1,0
e2_def_read.pcap,285,READ,1567701153,28,1567701181,21,28|21,49,1,1,1,0
e2_def_read.pcap,286,READ,1567701202,28,1567701230,21,28|21,49,1,1,1,0
e2_def_read.pcap,287,READ,1567701251,28,1567701279,21,28|21,49,1,1,1,0
e2_def_read.pcap,288,READ,1567701300,28,1567701328,21,28|21,49,1,1,1,0
e2_def_read.pcap,289,READ,1567701349,28,1567701377,21,28|21,49,1,1,1,0
e2_def_read.pcap,290,READ,1567701398,28,1567701426,21,28|21,49,1,1,1,0
e2_def_read.pcap,291,READ,1567701447,28,1567701475,21,28|21,49,1,1,1,0
e2_def_read.pcap,292,READ,1567701496,28,1567701524,21,28|21,49,1,1,1,0
e2_def_read.pcap,293,READ,1567701545,28,1567701573,21,28|21,49,1,1,1,0
e2_def_read.pcap,294,READ,1567701594,28,1567701622,21,28|21,49,1,1,1,0
e2_def_read.pcap,295,READ,1567701643,28,1567701671,21,28|21,49,1,1,1,0
e2_def_read.pcap,296,READ,1567701692,28,1567701720,21,28|21,49,1,1,1,0
e2_def_read.pcap,297,READ,1567701741,28,1567701769,21,28|21,49,1,1,1,0
e2_def_read.pcap,298,READ,1567701790,28,1567701818,21,28|21,49,1,1,1,0
e2_def_read.pcap,299,READ,1567701839,28,1567701867,21,28|21,49,1,1,1,0
e2_def_read.pcap,300,READ,1567701888,28,1567701916,21,28|21,49,1,1,1,0
e2_def_read.pcap,301,READ,1567701937,28,1567701965,21,28|21,49,1,1,1,0
e2_def_read.pcap,302,READ,1567701986,28,1567702014,21,28|21,49,1,1,1,0
e2_def_read.pcap,303,READ,1567702035,28,1567702063,21,28|21,49,1,1,1,0
e2_def_read.pcap,304,READ,1567702084,28,1567702112,21,28|21,49,1,1,1,0
e2_def_read.pcap,305,READ,1567702133,28,1567702161,21,28|21,49,1,1,1,0
e2_def_read.pcap,306,READ,1567702182,28,1567702210,21,28|21,49,1,1,1,0
e2_def_read.pcap,307,READ,1567702231,28,1567702259,21,28|21,49,1,1,1,0
e2_def_read.pcap,308,READ,1567702280,28,1567702308,21,28|21,49,1,1,1,0
e2_def_read.pcap,309,READ,1567702329,28,1567702357,21,28|21,49,1,1,1,0
e2_def_read.pcap,310,READ,1567702378,28,1567702406,21,28|21,49,1,1,1,0
e2_def_read.pcap,311,READ,1567702427,28,1567702455,21,28|21,49,1,1,1,0
e2_def_read.pcap,312,READ,1567702476,28,1567702504,21,28|21,49,1,1,1,0
e2_def_read.pcap,313,READ,1567702525,28,1567702553,21,28|21,49,1,1,1,0
e2_def_read.pcap,314,READ,1567702574,28,1567702602,21,28|21,49,1,1,1,0
e2_def_read.pcap,315,READ,1567702623,28,1567702651,21,28|21,49,1,1,1,0
e2_def_read.pcap,316,READ,1567702672,28,1567702700,21,28|21,49,1,1,1,0
e2_def_read.pcap,317,READ,1567702721,28,1567702749,21,28|21,49,1,1,1,0
e2_def_read.pcap,318,READ,1567702770,28,1567702798,21,28|21,49,1,1,1,0
e2_def_read.pcap,319,READ,1567702819,28,1567702847,21,28|21,49,1,1,1,0
e2_def_read.pcap,320,READ,1567702868,28,1567702896,21,28|21,49,1,1,1,0
e2_def_read.pcap,321,READ,1567702917,28,1567702945,21,28|21,49,1,1,1,0
e2_def_read.pcap,322,READ,1567702966,28,1567702994,21,28|21,49,1,1,1,0
e2_def_read.pcap,323,READ,1567703015,28,1567703043,21,28|21,49,1,1,1,0
e2_def_read.pcap,324,READ,1567703064,28,1567703092,21,28|21,49,1,1,1,0
e2_def_read.pcap,325,READ,1567703113,28,1567703141,21,28|21,49,1,1,1,0
e2_def_read.pcap,326,READ,1567703162,28,1567703190,21,28|21,49,1,1,1,0
e2_def_read.pcap,327,READ,1567703211,28,1567703239,21,28|21,49,1,1,1,0
e2_def_read.pcap,328,READ,1567703260,28,1567703288,21,28|21,49,1,1,1,0
e2_def_read.pcap,329,READ,1567703309,28,1567703337,21,28|21,49,1,1,1,0
e2_def_read.pcap,330,READ,1567703358,28,1567703386,21,28|21,49,1,1,1,0
e2_def_read.pcap,331,READ,1567703407,28,1567703435,21,28|21,49,1,1,1,0
e2_def_read.pcap,332,READ,1567703456,28,1567703484,21,28|21,49,1,1,1,0
e2_def_read.pcap,333,READ,1567703505,28,1567703533,21,28|21,49,1,1,1,0
e2_def_read.pcap,334,READ,1567703554,28,1567703582,21,28|21,49,1,1,1,0
e2_def_read.pcap,335,READ,1567703603,28,1567703631,21,28|21,49,1,1,1,0
e2_def_read.pcap,336,READ,1567703652,28,1567703680,21,28|21,49,1,1,1,0
e2_def_read.pcap,337,READ,1567703701,28,1567703729,21,28|21,49,1,1,1,0
e2_def_read.pcap,338,READ,1567703750,28,1567703778,21,28|21,49,1,1,1,0
e2_def_read.pcap,339,READ,1567703799,28,1567703827,21,28|21,49,1,1,1,0
e2_def_read.pcap,340,READ,1567703848,28,1567703876,21,28|21,49,1,1,1,0
e2_def_read.pcap,341,READ,1567703897,28,1567703925,21,28|21,49,1,1,1,0
e2_def_read.pcap,342,READ,1567703946,28,1567703974,21,28|21,49,1,1,1,0
e2_def_read.pcap,343,READ,1567703995,28,1567704023,21,28|21,49,1,1,1,0
e2_def_read.pcap,344,READ,1567704044,28,1567704072,21,28|21,49,1,1,1,0
e2_def_read.pcap,345,READ,1567704093,28,1567704121,21,28|21,49,1,1,1,0
e2_def_read.pcap,346,READ,1567704142,28,1567704170,21,28|21,49,1,1,1,0
e2_def_read.pcap,347,READ,1567704191,28,1567704219,21,28|21,49,1,1,1,0
e2_def_read.pcap,348,READ,1567704240,28,1567704268,21,28|21,49,1,1,1,0
e2_def_read.pcap,349,READ,1567704289,28,1567704317,21,28|21,49,1,1,1,0
e2_def_read.pcap,350,READ,1567704338,28,1567704366,21,28|21,49,1,1,1,0
e2_def_read.pcap,351,READ,1567704387,28,1567704415,21,28|21,49,1,1,1,0
e2_def_read.pcap,352,READ,1567704436,28,1567704464,21,28|21,49,1,1,1,0
e2_def_read.pcap,353,READ,1567704485,28,1567704513,21,28|21,49,1,1,1,0
e2_def_read.pcap,354,READ,1567704534,28,1567704562,21,28|21,49,1,1,1,0
e2_def_read.pcap,355,READ,1567704583,28,1567704611,21,28|21,49,1,1,1,0
e2_def_read.pcap,356,READ,1567704632,28,1567704660,21,28|21,49,1,1,1,0
e2_def_read.pcap,357,READ,1567704681,28,1567704709,21,28|21,49,1,1,1,0
e2_def_read.pcap,358,READ,1567704730,28,1567704758,21,28|21,49,1,1,1,0
e2_def_read.pcap,359,READ,1567704779,28,1567704807,21,28|21,49,1,1,1,0
e2_def_read.pcap,360,READ,1567704828,28,1567704856,21,28|21,49,1,1,1,0
e2_def_read.pcap,361,READ,1567704877,28,1567704905,21,28|21,49,1,1,1,0
e2_def_read.pcap,362,READ,1567704926,28,1567704954,21,28|21,49,1,1,1,0
e2_def_read.pcap,363,READ,1567704975,28,1567705003,21,28|21,49,1,1,1,0
e2_def_read.pcap,364,READ,1567705024,28,1567705052,21,28|21,49,1,1,1,0
e2_def_read.pcap,365,READ,1567705073,28,1567705101,21,28|21,49,1,1,1,0
e2_def_read.pcap,366,READ,1567705122,28,1567705150,21,28|21,49,1,1,1,0
e2_def_read.pcap,367,READ,1567705171,28,1567705199,21,28|21,49,1,1,1,0
e2_def_read.pcap,368,READ,1567705220,28,1567705248,21,28|21,49,1,1,1,0
e2_def_read.pcap,369,READ,1567705269,28,1567705297,21,28|21,49,1,1,1,0
e2_def_read.pcap,370,READ,1567705318,28,1567705346,21,28|21,49,1,1,1,0
e2_def_read.pcap,371,READ,1567705367,28,1567705395,21,28|21,49,1,1,1,0
e2_def_read.pcap,372,READ,1567705416,28,1567705444,21,28|21,49,1,1,1,0
e2_def_read.pcap,373,READ,1567705465,28,1567705493,21,28|21,49,1,1,1,0
e2_def_read.pcap,374,READ,1567705514,28,1567705542,21,28|21,49,1,1,1,0
e2_def_read.pcap,375,READ,1567705563,28,1567705591,21,28|21,49,1,1,1,0
e2_def_read.pcap,376,READ,1567705612,28,1567705640,21,28|21,49,1,1,1,0
e2_def_read.pcap,377,READ,1567705661,28,1567705689,21,28|21,49,1,1,1,0
e2_def_read.pcap,378,READ,1567705710,28,1567705738,21,28|21,49,1,1,1,0
e2_def_read.pcap,379,READ,1567705759,28,1567705787,21,28|21,49,1,1,1,0
e2_def_read.pcap,380,READ,1567705808,28,1567705836,21,28|21,49,1,1,1,0
e2_def_read.pcap,381,READ,1567705857,28,1567705885,21,28|21,49,1,1,1,0
e2_def_read.pcap,382,READ,1567705906,28,1567705934,21,28|21,49,1,1,1,0
e2_def_read.pcap,383,READ,1567705955,28,1567705983,21,28|21,49,1,1,1,0
e2_def_read.pcap,384,READ,1567706004,28,1567706032,21,28|21,49,1,1,1,0
e2_def_read.pcap,385,READ,1567706053,28,1567706081,21,28|21,49,1,1,1,0
e2_def_read.pcap,386,READ,1567706102,28,1567706130,21,28|21,49,1,1,1,0
e2_def_read.pcap,387,READ,1567706151,28,1567706179,21,28|21,49,1,1,1,0
e2_def_read.pcap,388,READ,1567706200,28,1567706228,21,28|21,49,1,1,1,0
e2_def_read.pcap,389,READ,1567706249,28,1567706277,21,28|21,49,1,1,1,0
e2_def_read.pcap,390,READ,1567706298,28,1567706326,21,28|21,49,1,1,1,0
e2_def_read.pcap,391,READ,1567706347,28,1567706375,21,28|21,49,1,1,1,0
e2_def_read.pcap,392,READ,1567706396,28,1567706424,21,28|21,49,1,1,1,0
e2_def_read.pcap,393,READ,1567706445,28,1567706473,21,28|21,49,1,1,1,0
e2_def_read.pcap,394,READ,1567706494,28,1567706522,21,28|21,49,1,1,1,0
e2_def_read.pcap,395,READ,1567706543,28,1567706571,21,28|21,49,1,1,1,0
e2_def_read.pcap,396,READ,1567706592,28,1567706620,21,28|21,49,1,1,1,0
e2_def_read.pcap,397,READ,1567706641,28,1567706669,21,28|21,49,1,1,1,0
e2_def_read.pcap,398,READ,1567706690,28,1567706718,21,28|21,49,1,1,1,0
e2_def_read.pcap,399,READ,1567706739,28,1567706767,21,28|21,49,1,1,1,0
e2_def_read.pcap,400,READ,1567706788,28,1567706816,21,28|21,49,1,1,1,0
e2_def_read.pcap,401,READ,1567706837,28,1567706865,21,28|21,49,1,1,1,0
e2_def_read.pcap,402,READ,1567706886,28,1567706914,21,28|21,49,1,1,1,0
e2_def_read.pcap,403,READ,1567706935,28,1567706963,21,28|21,49,1,1,1,0
e2_def_read.pcap,404,READ,1567706984,28,1567707012,21,28|21,49,1,1,1,0
e2_def_read.pcap,405,READ,1567707033,28,1567707061,21,28|21,49,1,1,1,0
e2_def_read.pcap,406,READ,1567707082,28,1567707110,21,28|21,49,1,1,1,0
e2_def_read.pcap,407,READ,1567707131,28,1567707159,21,28|21,49,1,1,1,0
e2_def_read.pcap,408,READ,1567707180,28,1567707208,21,28|21,49,1,1,1,0
e2_def_read.pcap,409,READ,1567707229,28,1567707257,21,28|21,49,1,1,1,0
e2_def_read.pcap,410,READ,1567707278,28,1567707306,21,28|21,49,1,1,1,0
e2_def_read.pcap,411,READ,1567707327,28,1567707355,21,28|21,49,1,1,1,0
e2_def_read.pcap,412,READ,1567707376,28,1567707404,21,28|21,49,1,1,1,0
e2_def_read.pcap,413,READ,1567707425,28,1567707453,21,28|21,49,1,1,1,0
e2_def_read.pcap,414,READ,1567707474,28,1567707502,21,28|21,49,1,1,1,0
e2_def_read.pcap,415,READ,1567707523,28,1567707551,21,28|21,49,1,1,1,0
e2_def_read.pcap,416,READ,1567707572,28,1567707600,21,28|21,49,1,1,1,0
e2_def_read.pcap,417,READ,1567707621,28,1567707649,21,28|21,49,1,1,1,0
e2_def_read.pcap,418,READ,1567707670,28,1567707698,21,28|21,49,1,1,1,0
e2_def_read.pcap,419,READ,1567707719,28,1567707747,21,28|21,49,1,1,1,0
e2_def_read.pcap,420,READ,1567707768,28,1567707796,21,28|21,49,1,1,1,0
e2_def_read.pcap,421,READ,1567707817,28,1567707845,21,28|21,49,1,1,1,0
e2_def_read.pcap,422,READ,1567707866,28,1567707894,21,28|21,49,1,1,1,0
e2_def_read.pcap,423,READ,1567707915,28,1567707943,21,28|21,49,1,1,1,0
e2_def_read.pcap,424,READ,1567707964,28,1567707992,21,28|21,49,1,1,1,0
e2_def_read.pcap,425,READ,1567708013,28,1567708041,21,28|21,49,1,1,1,0
e2_def_read.pcap,426,READ,1567708062,28,1567708090,21,28|21,49,1,1,1,0
e2_def_read.pcap,427,READ,1567708111,28,1567708139,21,28|21,49,1,1,1,0
e2_def_read.pcap,428,READ,1567708160,28,1567708188,21,28|21,49,1,1,1,0
e2_def_read.pcap,429,READ,1567708209,28,1567708237,21,28|21,49,1,1,1,0
e2_def_read.pcap,430,READ,1567708258,28,1567708286,21,28|21,49,1,1,1,0
e2_def_read.pcap,431,READ,1567708307,28,1567708335,21,28|21,49,1,1,1,0
e2_def_read.pcap,432,READ,1567708356,28,1567708384,21,28|21,49,1,1,1,0
e2_def_read.pcap,433,READ,1567708405,28,1567708433,21,28|21,49,1,1,1,0
e2_def_read.pcap,434,READ,1567708454,28,1567708482,21,28|21,49,1,1,1,0
e2_def_read.pcap,435,READ,1567708503,28,1567708531,21,28|21,49,1,1,1,0
e2_def_read.pcap,436,READ,1567708552,28,1567708580,21,28|21,49,1,1,1,0
e2_def_read.pcap,437,READ,1567708601,28,1567708629,21,28|21,49,1,1,1,0
e2_def_read.pcap,438,READ,1567708650,28,1567708678,21,28|21,49,1,1,1,0
e2_def_read.pcap,439,READ,1567708699,28,1567708727,21,28|21,49,1,1,1,0
e2_def_read.pcap,440,READ,1567708748,28,1567708776,21,28|21,49,1,1,1,0
e2_def_read.pcap,441,READ,1567708797,28,1567708825,21,28|21,49,1,1,1,0
e2_def_read.pcap,442,READ,1567708846,28,1567708874,21,28|21,49,1,1,1,0
e2_def_read.pcap,443,READ,1567708895,28,1567708923,21,28|21,49,1,1,1,0
e2_def_read.pcap,444,READ,1567708944,28,1567708972,21,28|21,49,1,1,1,0
e2_def_read.pcap,445,READ,1567708993,28,1567709021,21,28|21,49,1,1,1,0
e2_def_read.pcap,446,READ,1567709042,28,1567709070,21,28|21,49,1,1,1,0
e2_def_read.pcap,447,READ,1567709091,28,1567709119,21,28|21,49,1,1,1,0
e2_def_read.pcap,448,READ,1567709140,28,1567709168,21,28|21,49,1,1,1,0
e2_def_read.pcap,449,READ,1567709189,28,1567709217,21,28|21,49,1,1,1,0
e2_def_read.pcap,450,READ,1567709238,28,1567709266,21,28|21,49,1,1,1,0
e2_def_read.pcap,451,READ,1567709287,28,1567709315,21,28|21,49,1,1,1,0
e2_def_read.pcap,452,READ,1567709336,28,1567709364,21,28|21,49,1,1,1,0
e2_def_read.pcap,453,READ,1567709385,28,1567709413,21,28|21,49,1,1,1,0
e2_def_read.pcap,454,READ,1567709434,28,1567709462,21,28|21,49,1,1,1,0
e2_def_read.pcap,455,READ,1567709483,28,1567709511,21,28|21,49,1,1,1,0
e2_def_read.pcap,456,READ,1567709532,28,1567709560,21,28|21,49,1,1,1,0
e2_def_read.pcap,457,READ,1567709581,28,1567709609,21,28|21,49,1,1,1,0
e2_def_read.pcap,458,READ,1567709630,28,1567709658,21,28|21,49,1,1,1,0
e2_def_read.pcap,459,READ,1567709679,28,1567709707,21,28|21,49,1,1,1,0
e2_def_read.pcap,460,READ,1567709728,28,1567709756,21,28|21,49,1,1,1,0
e2_def_read.pcap,461,READ,1567709777,28,1567709805,21,28|21,49,1,1,1,0
e2_def_read.pcap,462,READ,1567709826,28,1567709854,21,28|21,49,1,1,1,0
e2_def_read.pcap,463,READ,1567709875,28,1567709903,21,28|21,49,1,1,1,0
e2_def_read.pcap,464,READ,1567709924,28,1567709952,21,28|21,49,1,1,1,0
e2_def_read.pcap,465,READ,1567709973,28,1567710001,21,28|21,49,1,1,1,0
e2_def_read.pcap,466,READ,1567710022,28,1567710050,21,28|21,49,1,1,1,0
e2_def_read.pcap,467,READ,1567710071,28,1567710099,21,28|21,49,1,1,1,0
e2_def_read.pcap,468,READ,1567710120,28,1567710148,21,28|21,49,1,1,1,0
e2_def_read.pcap,469,READ,1567710169,28,1567710197,21,28|21,49,1,1,1,0
e2_def_read.pcap,470,READ,1567710218,28,1567710246,21,28|21,49,1,1,1,0
e2_def_read.pcap,471,READ,1567710267,28,1567710295,21,28|21,49,1,1,1,0
e2_def_read.pcap,472,READ,1567710316,28,1567710344,21,28|21,49,1,1,1,0
e2_def_read.pcap,473,READ,1567710365,28,1567710393,21,28|21,49,1,1,1,0
e2_def_read.pcap,474,READ,1567710414,28,1567710442,21,28|21,49,1,1,1,0
e2_def_read.pcap,475,READ,1567710463,28,1567710491,21,28|21,49,1,1,1,0
e2_def_read.pcap,476,READ,1567710512,28,1567710540,21,28|21,49,1,1,1,0
e2_def_read.pcap,477,READ,1567710561,28,1567710589,21,28|21,49,1,1,1,0
e2_def_read.pcap,478,READ,1567710610,28,1567710638,21,28|21,49,1,1,1,0
e2_def_read.pcap,479,READ,1567710659,28,1567710687,21,28|21,49,1,1,1,0
e2_def_read.pcap,480,READ,1567710708,28,1567710736,21,28|21,49,1,1,1,0
e2_def_read.pcap,481,READ,1567710757,28,1567710785,21,28|21,49,1,1,1,0
e2_def_read.pcap,482,READ,1567710806,28,1567710834,21,28|21,49,1,1,1,0
e2_def_read.pcap,483,READ,1567710855,28,1567710883,21,28|21,49,1,1,1,0
e2_def_read.pcap,484,READ,1567710904,28,1567710932,21,28|21,49,1,1,1,0
e2_def_read.pcap,485,READ,1567710953,28,1567710981,21,28|21,49,1,1,1,0
e2_def_read.pcap,486,READ,1567711002,28,1567711030,21,28|21,49,1,1,1,0
e2_def_read.pcap,487,READ,1567711051,28,1567711079,21,28|21,49,1,1,1,0
e2_def_read.pcap,488,READ,1567711100,28,1567711128,21,28|21,49,1,1,1,0
e2_def_read.pcap,489,READ,1567711149,28,1567711177,21,28|21,49,1,1,1,0
e2_def_read.pcap,490,READ,1567711198,28,1567711226,21,28|21,49,1,1,1,0
e2_def_read.pcap,491,READ,1567711247,28,1567711275,21,28|21,49,1,1,1,0
e2_def_read.pcap,492,READ,1567711296,28,1567711324,21,28|21,49,1,1,1,0
e2_def_read.pcap,493,READ,1567711345,28,1567711373,21,28|21,49,1,1,1,0
e2_def_read.pcap,494,READ,1567711394,28,1567711422,21,28|21,49,1,1,1,0
e2_def_read.pcap,495,READ,1567711443,28,1567711471,21,28|21,49,1,1,1,0
e2_def_read.pcap,496,READ,1567711492,28,1567711520,21,28|21,49,1,1,1,0
e2_def_read.pcap,497,READ,1567711541,28,1567711569,21,28|21,49,1,1,1,0
e2_def_read.pcap,498,READ,1567711590,28,1567711618,21,28|21,49,1,1,1,0
e2_def_read.pcap,499,READ,1567711639,28,1567711667,21,28|21,49,1,1,1,0
e2_def_read.pcap,500,READ,1567711688,28,1567711716,21,28|21,49,1,1,1,0
e2_def_read.pcap,501,READ,1567711737,28,1567711765,21,28|21,49,1,1,1,0
e2_def_read.pcap,502,READ,1567711786,28,1567711814,21,28|21,49,1,1,1,0
e2_def_read.pcap,503,READ,1567711835,28,1567711863,21,28|21,49,1,1,1,0
e2_def_read.pcap,504,READ,1567711884,28,1567711912,21,28|21,49,1,1,1,0
e2_def_read.pcap,505,READ,1567711933,28,1567711961,21,28|21,49,1,1,1,0
e2_def_read.pcap,506,READ,1567711982,28,1567712010,21,28|21,49,1,1,1,0
e2_def_read.pcap,507,READ,1567712031,28,1567712059,21,28|21,49,1,1,1,0
e2_def_read.pcap,508,READ,1567712080,28,1567712108,21,28|21,49,1,1,1,0
e2_def_read.pcap,509,READ,1567712129,28,1567712157,21,28|21,49,1,1,1,0
e2_def_read.pcap,510,READ,1567712178,28,1567712206,21,28|21,49,1,1,1,0
e2_def_read.pcap,511,READ,1567712227,28,1567712255,21,28|21,49,1,1,1,0
e2_def_read.pcap,512,READ,1567712276,28,1567712304,21,28|21,49,1,1,1,0
e2_def_read.pcap,513,READ,1567712325,28,1567712353,21,28|21,49,1,1,1,0
e2_def_read.pcap,514,READ,1567712374,28,1567712402,21,28|21,49,1,1,1,0
e2_def_read.pcap,515,READ,1567712423,28,1567712451,21,28|21,49,1,1,1,0
e2_def_read.pcap,516,READ,1567712472,28,1567712500,21,28|21,49,1,1,1,0
e2_def_read.pcap,517,READ,1567712521,28,1567712549,21,28|21,49,1,1,1,0
e2_def_read.pcap,518,READ,1567712570,28,1567712598,21,28|21,49,1,1,1,0
e2_def_read.pcap,519,READ,1567712619,28,1567712647,21,28|21,49,1,1,1,0
e2_def_read.pcap,520,READ,1567712668,28,1567712696,21,28|21,49,1,1,1,0
e2_def_read.pcap,521,READ,1567712717,28,1567712745,21,28|21,49,1,1,1,0
e2_def_read.pcap,522,READ,1567712766,28,1567712794,21,28|21,49,1,1,1,0
e2_def_read.pcap,523,READ,1567712815,28,1567712843,21,28|21,49,1,1,1,0
e2_def_read.pcap,524,READ,1567712864,28,1567712892,21,28|21,49,1,1,1,0
e2_def_read.pcap,525,READ,1567712913,28,1567712941,21,28|21,49,1,1,1,0
e2_def_read.pcap,526,READ,1567712962,28,1567712990,21,28|21,49,1,1,1,0
e2_def_read.pcap,527,READ,1567713011,28,1567713039,21,28|21,49,1,1,1,0
e2_def_read.pcap,528,READ,1567713060,28,1567713088,21,28|21,49,1,1,1,0
e2_def_read.pcap,529,READ,1567713109,28,1567713137,21,28|21,49,1,1,1,0
e2_def_read.pcap,530,READ,1567713158,28,1567713186,21,28|21,49,1,1,1,0
e2_def_read.pcap,531,READ,1567713207,28,1567713235,21,28|21,49,1,1,1,0
e2_def_read.pcap,532,READ,1567713256,28,1567713284,21,28|21,49,1,1,1,0
e2_def_read.pcap,533,READ,1567713305,28,1567713333,21,28|21,49,1,1,1,0
e2_def_read.pcap,534,READ,1567713354,28,1567713382,21,28|21,49,1,1,1,0
e2_def_read.pcap,535,READ,1567713403,28,1567713431,21,28|21,49,1,1,1,0
e2_def_read.pcap,536,READ,1567713452,28,1567713480,21,28|21,49,1,1,1,0
e2_def_read.pcap,537,READ,1567713501,28,1567713529,21,28|21,49,1,1,1,0
e2_def_read.pcap,538,READ,1567713550,28,1567713578,21,28|21,49,1,1,1,0
e2_def_read.pcap,539,READ,1567713599,28,1567713627,21,28|21,49,1,1,1,0
e2_def_read.pcap,540,READ,1567713648,28,1567713676,21,28|21,49,1,1,1,0
e2_def_read.pcap,541,READ,1567713697,28,1567713725,21,28|21,49,1,1,1,0
e2_def_read.pcap,542,READ,1567713746,28,1567713774,21,28|21,49,1,1,1,0
e2_def_read.pcap,543,READ,1567713795,28,1567713823,21,28|21,49,1,1,1,0
e2_def_read.pcap,544,READ,1567713844,28,1567713872,21,28|21,49,1,1,1,0
e2_def_read.pcap,545,READ,1567713893,28,1567713921,21,28|21,49,1,1,1,0
e2_def_read.pcap,546,READ,1567713942,28,1567713970,21,28|21,49,1,1,1,0
e2_def_read.pcap,547,READ,1567713991,28,1567714019,21,28|21,49,1,1,1,0
e2_def_read.pcap,548,READ,1567714040,28,1567714068,21,28|21,49,1,1,1,0
e2_def_read.pcap,549,READ,1567714089,28,1567714117,21,28|21,49,1,1,1,0
e2_def_read.pcap,550,READ,1567714138,28,1567714166,21,28|21,49,1,1,1,0
e2_def_read.pcap,551,READ,1567714187,28,1567714215,21,28|21,49,1,1,1,0
e2_def_read.pcap,552,READ,1567714236,28,1567714264,21,28|21,49,1,1,1,0
e2_def_read.pcap,553,READ,1567714285,28,1567714313,21,28|21,49,1,1,1,0
e2_def_read.pcap,554,READ,1567714334,28,1567714362,21,28|21,49,1,1,1,0
e2_def_read.pcap,555,READ,1567714383,28,1567714411,21,28|21,49,1,1,1,0
e2_def_read.pcap,556,READ,1567714432,28,1567714460,21,28|21,49,1,1,1,0
e2_def_read.pcap,557,READ,1567714481,28,1567714509,21,28|21,49,1,1,1,0
e2_def_read.pcap,558,READ,1567714530,28,1567714558,21,28|21,49,1,1,1,0
e2_def_read.pcap,559,READ,1567714579,28,1567714607,21,28|21,49,1,1,1,0
e2_def_read.pcap,560,READ,1567714628,28,1567714656,21,28|21,49,1,1,1,0
e2_def_read.pcap,561,READ,1567714677,28,1567714705,21,28|21,49,1,1,1,0
e2_def_read.pcap,562,READ,1567714726,28,1567714754,21,28|21,49,1,1,1,0
e2_def_read.pcap,563,READ,1567714775,28,1567714803,21,28|21,49,1,1,1,0
e2_def_read.pcap,564,READ,1567714824,28,1567714852,21,28|21,49,1,1,1,0
e2_def_read.pcap,565,READ,1567714873,28,1567714901,21,28|21,49,1,1,1,0
e2_def_read.pcap,566,READ,1567714922,28,1567714950,21,28|21,49,1,1,1,0
e2_def_read.pcap,567,READ,1567714971,28,1567714999,21,28|21,49,1,1,1,0
e2_def_read.pcap,568,READ,1567715020,28,1567715048,21,28|21,49,1,1,1,0
e2_def_read.pcap,569,READ,1567715069,28,1567715097,21,28|21,49,1,1,1,0
e2_def_read.pcap,570,READ,1567715118,28,1567715146,21,28|21,49,1,1,1,0
e2_def_read.pcap,571,READ,1567715167,28,1567715195,21,28|21,49,1,1,1,0
e2_def_read.pcap,572,READ,1567715216,28,1567715244,21,28|21,49,1,1,1,0
e2_def_read.pcap,573,READ,1567715265,28,1567715293,21,28|21,49,1,1,1,0
e2_def_read.pcap,574,READ,1567715314,28,1567715342,21,28|21,49,1,1,1,0
e2_def_read.pcap,575,READ,1567715363,28,1567715391,21,28|21,49,1,1,1,0
e2_def_read.pcap,576,READ,1567715412,28,1567715440,21,28|21,49,1,1,1,0
e2_def_read.pcap,577,READ,1567715461,28,1567715489,21,28|21,49,1,1,1,0
e2_def_read.pcap,578,READ,1567715510,28,1567715538,21,28|21,49,1,1,1,0
e2_def_read.pcap,579,READ,1567715559,28,1567715587,21,28|21,49,1,1,1,0
e2_def_read.pcap,580,READ,1567715608,28,1567715636,21,28|21,49,1,1,1,0
e2_def_read.pcap,581,READ,1567715657,28,1567715685,21,28|21,49,1,1,1,0
e2_def_read.pcap,582,READ,1567715706,28,1567715734,21,28|21,49,1,1,1,0
e2_def_read.pcap,583,READ,1567715755,28,1567715783,21,28|21,49,1,1,1,0
e2_def_read.pcap,584,READ,1567715804,28,1567715832,21,28|21,49,1,1,1,0
e2_def_read.pcap,585,READ,1567715853,28,1567715881,21,28|21,49,1,1,1,0
e2_def_read.pcap,586,READ,1567715902,28,1567715930,21,28|21,49,1,1,1,0
e2_def_read.pcap,587,READ,1567715951,28,1567715979,21,28|21,49,1,1,1,0
e2_def_read.pcap,588,READ,1567716000,28,1567716028,21,28|21,49,1,1,1,0
e2_def_read.pcap,589,READ,1567716049,28,1567716077,21,28|21,49,1,1,1,0
e2_def_read.pcap,590,READ,1567716098,28,1567716126,21,28|21,49,1,1,1,0
e2_def_read.pcap,591,READ,1567716147,28,1567716175,21,28|21,49,1,1,1,0
e2_def_read.pcap,592,READ,1567716196,28,1567716224,21,28|21,49,1,1,1,0
e2_def_read.pcap,593,READ,1567716245,28,1567716273,21,28|21,49,1,1,1,0
e2_def_read.pcap,594,READ,1567716294,28,1567716322,21,28|21,49,1,1,1,0
e2_def_read.pcap,595,READ,1567716343,28,1567716371,21,28|21,49,1,1,1,0
e2_def_read.pcap,596,READ,1567716392,28,1567716420,21,28|21,49,1,1,1,0
e2_def_read.pcap,597,READ,1567716441,28,1567716469,21,28|21,49,1,1,1,0
e2_def_read.pcap,598,READ,1567716490,28,1567716518,21,28|21,49,1,1,1,0
e2_def_read.pcap,599,READ,1567716539,28,1567716567,21,28|21,49,1,1,1,0
e2_def_read.pcap,600,READ,1567716588,28,1567716616,21,28|21,49,1,1,1,0
e2_def.pcap,1,SELECT,2635865439,28,2635865467,21,28|21,49,1,1,1,0
e2_def.pcap,2,SELECT,2635865488,28,2635865516,21,28|21,49,1,1,1,0
e2_def.pcap,3,SELECT,2635865537,28,2635865565,21,28|21,49,1,1,1,0
e2_def.pcap,4,SELECT,2635865586,28,2635865614,21,28|21,49,1,1,1,0
e2_def.pcap,5,SELECT,2635865635,28,2635865663,21,28|21,49,1,1,1,0
e2_def.pcap,6,SELECT,2635865684,28,2635865712,21,28|21,49,1,1,1,0
e2_def.pcap,7,SELECT,2635865733,28,2635865761,21,28|21,49,1,1,1,0
e2_def.pcap,8,SELECT,2635865782,28,2635865810,21,28|21,49,1,1,1,0
e2_def.pcap,9,SELECT,2635865831,28,2635865859,21,28|21,49,1,1,1,0
e2_def.pcap,10,SELECT,2635865880,28,2635865908,21,28|21,49,1,1,1,0
e2_def.pcap,11,SELECT,2635865929,28,2635865957,21,28|21,49,1,1,1,0
e2_def.pcap,12,SELECT,2635865978,28,2635866006,21,28|21,49,1,1,1,0
e2_def.pcap,13,SELECT,2635866027,28,2635866055,21,28|21,49,1,1,1,0
e2_def.pcap,14,SELECT,2635866076,28,2635866104,21,28|21,49,1,1,1,0
e2_def.pcap,15,SELECT,2635866125,28,2635866153,21,28|21,49,1,1,1,0
e2_def.pcap,16,SELECT,2635866174,28,2635866202,21,28|21,49,1,1,1,0
e2_def.pcap,17,SELECT,2635866223,28,2635866251,21,28|21,49,1,1,1,0
e2_def.pcap,18,SELECT,2635866272,28,2635866300,21,28|21,49,1,1,1,0
e2_def.pcap,19,SELECT,2635866321,28,2635866349,21,28|21,49,1,1,1,0
e2_def.pcap,20,SELECT,2635866370,28,2635866398,21,28|21,49,1,1,1,0
e2_def.pcap,21,SELECT,2635866419,28,2635866447,21,28|21,49,1,1,1,0
e2_def.pcap,22,SELECT,2635866468,28,2635866496,21,28|21,49,1,1,1,0
e2_def.pcap,23,SELECT,2635866517,28,2635866545,21,28|21,49,1,1,1,0
e2_def.pcap,24,SELECT,2635866566,28,2635866594,21,28|21,49,1,1,1,0
e2_def.pcap,25,SELECT,2635866615,28,2635866643,21,28|21,49,1,1,1,0
e2_def.pcap,26,SELECT,2635866664,28,2635866692,21,28|21,49,1,1,1,0
e2_def.pcap,27,SELECT,2635866713,28,2635866741,21,28|21,49,1,1,1,0
e2_def.pcap,28,SELECT,2635866762,28,2635866790,21,28|21,49,1,1,1,0
e2_def.pcap,29,SELECT,2635866811,28,2635866839,21,28|21,49,1,1,1,0
e2_def.pcap,30,SELECT,2635866860,28,2635866888,21,28|21,49,1,1,1,0
e2_def.pcap,31,SELECT,2635866909,28,2635866937,21,28|21,49,1,1,1,0
e2_def.pcap,32,SELECT,2635866958,28,2635866986,21,28|21,49,1,1,1,0
e2_def.pcap,33,SELECT,2635867007,28,2635867035,21,28|21,49,1,1,1,0
e2_def.pcap,34,SELECT,2635867056,28,2635867084,21,28|21,49,1,1,1,0
e2_def.pcap,35,SELECT,2635867105,28,2635867133,21,28|21,49,1,1,1,0
e2_def.pcap,36,SELECT,2635867154,28,2635867182,21,28|21,49,1,1,1,0
e2_def.pcap,37,SELECT,2635867203,28,2635867231,21,28|21,49,1,1,1,0
e2_def.pcap,38,SELECT,2635867252,28,2635867280,21,28|21,49,1,1,1,0
e2_def.pcap,39,SELECT,2635867301,28,2635867329,21,28|21,49,1,1,1,0
e2_def.pcap,40,SELECT,2635867350,28,2635867378,21,28|21,49,1,1,1,0
e2_def.pcap,41,SELECT,2635867399,28,2635867427,21,28|21,49,1,1,1,0
e2_def.pcap,42,SELECT,2635867448,28,2635867476,21,28|21,49,1,1,1,0
e2_def.pcap,43,SELECT,2635867497,28,2635867525,21,28|21,49,1,1,1,0
e2_def.pcap,44,SELECT,2635867546,28,2635867574,21,28|21,49,1,1,1,0
e2_def.pcap,45,SELECT,2635867595,28,2635867623,21,28|21,49,1,1,1,0
e2_def.pcap,46,SELECT,2635867644,28,2635867672,21,28|21,49,1,1,1,0
e2_def.pcap,47,SELECT,2635867693,28,2635867721,21,28|21,49,1,1,1,0
e2_def.pcap,48,SELECT,2635867742,28,2635867770,21,28|21,49,1,1,1,0
e2_def.pcap,49,SELECT,2635867791,28,2635867819,21,28|21,49,1,1,1,0
e2_def.pcap,50,SELECT,2635867840,28,2635867868,21,28|21,49,1,1,1,0
e2_def.pcap,51,SELECT,2635867889,28,2635867917,21,28|21,49,1,1,1,0
e2_def.pcap,52,SELECT,2635867938,28,2635867966,21,28|21,49,1,1,1,0
e2_def.pcap,53,SELECT,2635867987,28,2635868015,21,28|21,49,1,1,1,0
e2_def.pcap,54,SELECT,2635868036,28,2635868064,21,28|21,49,1,1,1,0
e2_def.pcap,55,SELECT,2635868085,28,2635868113,21,28|21,49,1,1,1,0
e2_def.pcap,56,SELECT,2635868134,28,2635868162,21,28|21,49,1,1,1,0
e2_def.pcap,57,SELECT,2635868183,28,2635868211,21,28|21,49,1,1,1,0
e2_def.pcap,58,SELECT,2635868232,28,2635868260,21,28|21,49,1,1,1,0
e2_def.pcap,59,SELECT,2635868281,28,2635868309,21,28|21,49,1,1,1,0
e2_def.pcap,60,SELECT,2635868330,28,2635868358,21,28|21,49,1,1,1,0
e2_def.pcap,61,SELECT,2635868379,28,2635868407,21,28|21,49,1,1,1,0
e2_def.pcap,62,SELECT,2635868428,28,2635868456,21,28|21,49,1,1,1,0
e2_def.pcap,63,SELECT,2635868477,28,2635868505,21,28|21,49,1,1,1,0
e2_def.pcap,64,SELECT,2635868526,28,2635868554,21,28|21,49,1,1,1,0
e2_def.pcap,65,SELECT,2635868575,28,2635868603,21,28|21,49,1,1,1,0
e2_def.pcap,66,SELECT,2635868624,28,2635868652,21,28|21,49,1,1,1,0
e2_def.pcap,67,SELECT,2635868673,28,2635868701,21,28|21,49,1,1,1,0
e2_def.pcap,68,SELECT,2635868722,28,2635868750,21,28|21,49,1,1,1,0
e2_def.pcap,69,SELECT,2635868771,28,2635868799,21,28|21,49,1,1,1,0
e2_def.pcap,70,SELECT,2635868820,28,2635868848,21,28|21,49,1,1,1,0
e2_def.pcap,71,SELECT,2635868869,28,2635868897,21,28|21,49,1,1,1,0
e2_def.pcap,72,SELECT,2635868918,28,2635868946,21,28|21,49,1,1,1,0
e2_def.pcap,73,SELECT,2635868967,28,2635868995,21,28|21,49,1,1,1,0
e2_def.pcap,74,SELECT,2635869016,28,2635869044,21,28|21,49,1,1,1,0
e2_def.pcap,75,SELECT,2635869065,28,2635869093,21,28|21,49,1,1,1,0
e2_def.pcap,76,SELECT,2635869114,28,2635869142,21,28|21,49,1,1,1,0
e2_def.pcap,77,SELECT,2635869163,28,2635869191,21,28|21,49,1,1,1,0
e2_def.pcap,78,SELECT,2635869212,28,2635869240,21,28|21,49,1,1,1,0
e2_def.pcap,79,SELECT,2635869261,28,2635869289,21,28|21,49,1,1,1,0
e2_def.pcap,80,SELECT,2635869310,28,2635869338,21,28|21,49,1,1,1,0
e2_def.pcap,81,SELECT,2635869359,28,2635869387,21,28|21,49,1,1,1,0
e2_def.pcap,82,SELECT,2635869408,28,2635869436,21,28|21,49,1,1,1,0
e2_def.pcap,83,SELECT,2635869457,28,2635869485,21,28|21,49,1,1,1,0
e2_def.pcap,84,SELECT,2635869506,28,2635869534,21,28|21,49,1,1,1,0
e2_def.pcap,85,SELECT,2635869555,28,2635869583,21,28|21,49,1,1,1,0
e2_def.pcap,86,SELECT,2635869604,28,2635869632,21,28|21,49,1,1,1,0
e2_def.pcap,87,SELECT,2635869653,28,2635869681,21,28|21,49,1,1,1,0
e2_def.pcap,88,SELECT,2635869702,28,2635869730,21,28|21,49,1,1,1,0
e2_def.pcap,89,SELECT,2635869751,28,2635869779,21,28|21,49,1,1,1,0
e2_def.pcap,90,SELECT,2635869800,28,2635869828,21,28|21,49,1,1,1,0
e2_def.pcap,91,SELECT,2635869849,28,2635869877,21,28|21,49,1,1,1,0
e2_def.pcap,92,SELECT,2635869898,28,2635869926,21,28|21,49,1,1,1,0
e2_def.pcap,93,SELECT,2635869947,28,2635869975,21,28|21,49,1,1,1,0
e2_def.pcap,94,SELECT,2635869996,28,2635870024,21,28|21,49,1,1,1,0
e2_def.pcap,95,SELECT,2635870045,28,2635870073,21,28|21,49,1,1,1,0
e2_def.pcap,96,SELECT,2635870094,28,2635870122,21,28|21,49,1,1,1,0
e2_def.pcap,97,SELECT,2635870143,28,2635870171,21,28|21,49,1,1,1,0
e2_def.pcap,98,SELECT,2635870192,28,2635870220,21,28|21,49,1,1,1,0
e2_def.pcap,99,SELECT,2635870241,28,2635870269,21,28|21,49,1,1,1,0
e2_def.pcap,100,SELECT,2635870290,28,2635870318,21,28|21,49,1,1,1,0
e2_def.pcap,101,SELECT,2635870339,28,2635870367,21,28|21,49,1,1,1,0
e2_def.pcap,102,SELECT,2635870388,28,2635870416,21,28|21,49,1,1,1,0
e2_def.pcap,103,SELECT,2635870437,28,2635870465,21,28|21,49,1,1,1,0
e2_def.pcap,104,SELECT,2635870486,28,2635870514,21,28|21,49,1,1,1,0
e2_def.pcap,105,SELECT,2635870535,28,2635870563,21,28|21,49,1,1,1,0
e2_def.pcap,106,SELECT,2635870584,28,2635870612,21,28|21,49,1,1,1,0
e2_def.pcap,107,SELECT,2635870633,28,2635870661,21,28|21,49,1,1,1,0
e2_def.pcap,108,SELECT,2635870682,28,2635870710,21,28|21,49,1,1,1,0
e2_def.pcap,109,SELECT,2635870731,28,2635870759,21,28|21,49,1,1,1,0
e2_def.pcap,110,SELECT,2635870780,28,2635870808,21,28|21,49,1,1,1,0
e2_def.pcap,111,SELECT,2635870829,28,2635870857,21,28|21,49,1,1,1,0
e2_def.pcap,112,SELECT,2635870878,28,2635870906,21,28|21,49,1,1,1,0
e2_def.pcap,113,SELECT,2635870927,28,2635870955,21,28|21,49,1,1,1,0
e2_def.pcap,114,SELECT,2635870976,28,2635871004,21,28|21,49,1,1,1,0
e2_def.pcap,115,SELECT,2635871025,28,2635871053,21,28|21,49,1,1,1,0
e2_def.pcap,116,SELECT,2635871074,28,2635871102,21,28|21,49,1,1,1,0
e2_def.pcap,117,SELECT,2635871123,28,2635871151,21,28|21,49,1,1,1,0
e2_def.pcap,118,SELECT,2635871172,28,2635871200,21,28|21,49,1,1,1,0
e2_def.pcap,119,SELECT,2635871221,28,2635871249,21,28|21,49,1,1,1,0
e2_def.pcap,120,SELECT,2635871270,28,2635871298,21,28|21,49,1,1,1,0
e2_def.pcap,121,SELECT,2635871319,28,2635871347,21,28|21,49,1,1,1,0
e2_def.pcap,122,SELECT,2635871368,28,2635871396,21,28|21,49,1,1,1,0
e2_def.pcap,123,SELECT,2635871417,28,2635871445,21,28|21,49,1,1,1,0
e2_def.pcap,124,SELECT,2635871466,28,2635871494,21,28|21,49,1,1,1,0
e2_def.pcap,125,SELECT,2635871515,28,2635871543,21,28|21,49,1,1,1,0
e2_def.pcap,126,SELECT,2635871564,28,2635871592,21,28|21,49,1,1,1,0
e2_def.pcap,127,SELECT,2635871613,28,2635871641,21,28|21,49,1,1,1,0
e2_def.pcap,128,SELECT,2635871662,28,2635871690,21,28|21,49,1,1,1,0
e2_def.pcap,129,SELECT,2635871711,28,2635871739,21,28|21,49,1,1,1,0
e2_def.pcap,130,SELECT,2635871760,28,2635871788,21,28|21,49,1,1,1,0
e2_def.pcap,131,SELECT,2635871809,28,2635871837,21,28|21,49,1,1,1,0
e2_def.pcap,132,SELECT,2635871858,28,2635871886,21,28|21,49,1,1,1,0
e2_def.pcap,133,SELECT,2635871907,28,2635871935,21,28|21,49,1,1,1,0
e2_def.pcap,134,SELECT,2635871956,28,2635871984,21,28|21,49,1,1,1,0
e2_def.pcap,135,SELECT,2635872005,28,2635872033,21,28|21,49,1,1,1,0
e2_def.pcap,136,SELECT,2635872054,28,2635872082,21,28|21,49,1,1,1,0
e2_def.pcap,137,SELECT,2635872103,28,2635872131,21,28|21,49,1,1,1,0
e2_def.pcap,138,SELECT,2635872152,28,2635872180,21,28|21,49,1,1,1,0
e2_def.pcap,139,SELECT,2635872201,28,2635872229,21,28|21,49,1,1,1,0
e2_def.pcap,140,SELECT,2635872250,28,2635872278,21,28|21,49,1,1,1,0
e2_def.pcap,141,SELECT,2635872299,28,2635872327,21,28|21,49,1,1,1,0
e2_def.pcap,142,SELECT,2635872348,28,2635872376,21,28|21,49,1,1,1,0
e2_def.pcap,143,SELECT,2635872397,28,2635872425,21,28|21,49,1,1,1,0
e2_def.pcap,144,SELECT,2635872446,28,2635872474,21,28|21,49,1,1,1,0
e2_def.pcap,145,SELECT,2635872495,28,2635872523,21,28|21,49,1,1,1,0
e2_def.pcap,146,SELECT,2635872544,28,2635872572,21,28|21,49,1,1,1,0
e2_def.pcap,147,SELECT,2635872593,28,2635872621,21,28|21,49,1,1,1,0
e2_def.pcap,148,SELECT,2635872642,28,2635872670,21,28|21,49,1,1,1,0
e2_def.pcap,149,SELECT,2635872691,28,2635872719,21,28|21,49,1,1,1,0
e2_def.pcap,150,SELECT,2635872740,28,2635872768,21,28|21,49,1,1,1,0
e2_def.pcap,151,SELECT,2635872789,28,2635872817,21,28|21,49,1,1,1,0
e2_def.pcap,152,SELECT,2635872838,28,2635872866,21,28|21,49,1,1,1,0
e2_def.pcap,153,SELECT,2635872887,28,2635872915,21,28|21,49,1,1,1,0
e2_def.pcap,154,SELECT,2635872936,28,2635872964,21,28|21,49,1,1,1,0
e2_def.pcap,155,SELECT,2635872985,28,2635873013,21,28|21,49,1,1,1,0
e2_def.pcap,156,SELECT,2635873034,28,2635873062,21,28|21,49,1,1,1,0
e2_def.pcap,157,SELECT,2635873083,28,2635873111,21,28|21,49,1,1,1,0
e2_def.pcap,158,SELECT,2635873132,28,2635873160,21,28|21,49,1,1,1,0
e2_def.pcap,159,SELECT,2635873181,28,2635873209,21,28|21,49,1,1,1,0
e2_def.pcap,160,SELECT,2635873230,28,2635873258,21,28|21,49,1,1,1,0
e2_def.pcap,161,SELECT,2635873279,28,2635873307,21,28|21,49,1,1,1,0
e2_def.pcap,162,SELECT,2635873328,28,2635873356,21,28|21,49,1,1,1,0
e2_def.pcap,163,SELECT,2635873377,28,2635873405,21,28|21,49,1,1,1,0
e2_def.pcap,164,SELECT,2635873426,28,2635873454,21,28|21,49,1,1,1,0
e2_def.pcap,165,SELECT,2635873475,28,2635873503,21,28|21,49,1,1,1,0
e2_def.pcap,166,SELECT,2635873524,28,2635873552,21,28|21,49,1,1,1,0
e2_def.pcap,167,SELECT,2635873573,28,2635873601,21,28|21,49,1,1,1,0
e2_def.pcap,168,SELECT,2635873622,28,2635873650,21,28|21,49,1,1,1,0
e2_def.pcap,169,SELECT,2635873671,28,2635873699,21,28|21,49,1,1,1,0
e2_def.pcap,170,SELECT,2635873720,28,2635873748,21,28|21,49,1,1,1,0
e2_def.pcap,171,SELECT,2635873769,28,2635873797,21,28|21,49,1,1,1,0
e2_def.pcap,172,SELECT,2635873818,28,2635873846,21,28|21,49,1,1,1,0
e2_def.pcap,173,SELECT,2635873867,28,2635873895,21,28|21,49,1,1,1,0
e2_def.pcap,174,SELECT,2635873916,28,2635873944,21,28|21,49,1,1,1,0
e2_def.pcap,175,SELECT,2635873965,28,2635873993,21,28|21,49,1,1,1,0
e2_def.pcap,176,SELECT,2635874014,28,2635874042,21,28|21,49,1,1,1,0
e2_def.pcap,177,SELECT,2635874063,28,2635874091,21,28|21,49,1,1,1,0
e2_def.pcap,178,SELECT,2635874112,28,2635874140,21,28|21,49,1,1,1,0
e2_def.pcap,179,SELECT,2635874161,28,2635874189,21,28|21,49,1,1,1,0
e2_def.pcap,180,SELECT,2635874210,28,2635874238,21,28|21,49,1,1,1,0
e2_def.pcap,181,SELECT,2635874259,28,2635874287,21,28|21,49,1,1,1,0
e2_def.pcap,182,SELECT,2635874308,28,2635874336,21,28|21,49,1,1,1,0
e2_def.pcap,183,SELECT,2635874357,28,2635874385,21,28|21,49,1,1,1,0
e2_def.pcap,184,SELECT,2635874406,28,2635874434,21,28|21,49,1,1,1,0
e2_def.pcap,185,SELECT,2635874455,28,2635874483,21,28|21,49,1,1,1,0
e2_def.pcap,186,SELECT,2635874504,28,2635874532,21,28|21,49,1,1,1,0
e2_def.pcap,187,SELECT,2635874553,28,2635874581,21,28|21,49,1,1,1,0
e2_def.pcap,188,SELECT,2635874602,28,2635874630,21,28|21,49,1,1,1,0
e2_def.pcap,189,SELECT,2635874651,28,2635874679,21,28|21,49,1,1,1,0
e2_def.pcap,190,SELECT,2635874700,28,2635874728,21,28|21,49,1,1,1,0
e2_def.pcap,191,SELECT,2635874749,28,2635874777,21,28|21,49,1,1,1,0
e2_def.pcap,192,SELECT,2635874798,28,2635874826,21,28|21,49,1,1,1,0
e2_def.pcap,193,SELECT,2635874847,28,2635874875,21,28|21,49,1,1,1,0
e2_def.pcap,194,SELECT,2635874896,28,2635874924,21,28|21,49,1,1,1,0
e2_def.pcap,195,SELECT,2635874945,28,2635874973,21,28|21,49,1,1,1,0
e2_def.pcap,196,SELECT,2635874994,28,2635875022,21,28|21,49,1,1,1,0
e2_def.pcap,197,SELECT,2635875043,28,2635875071,21,28|21,49,1,1,1,0
e2_def.pcap,198,SELECT,2635875092,28,2635875120,21,28|21,49,1,1,1,0
e2_def.pcap,199,SELECT,2635875141,28,2635875169,21,28|21,49,1,1,1,0
e2_def.pcap,200,SELECT,2635875190,28,2635875218,21,28|21,49,1,1,1,0
e2_def.pcap,201,SELECT,2635875239,28,2635875267,21,28|21,49,1,1,1,0
e2_def.pcap,202,SELECT,2635875288,28,2635875316,21,28|21,49,1,1,1,0
e2_def.pcap,203,SELECT,2635875337,28,2635875365,21,28|21,49,1,1,1,0
e2_def.pcap,204,SELECT,2635875386,28,2635875414,21,28|21,49,1,1,1,0
e2_def.pcap,205,SELECT,2635875435,28,2635875463,21,28|21,49,1,1,1,0
e2_def.pcap,206,SELECT,2635875484,28,2635875512,21,28|21,49,1,1,1,0
e2_def.pcap,207,SELECT,2635875533,28,2635875561,21,28|21,49,1,1,1,0
e2_def.pcap,208,SELECT,2635875582,28,2635875610,21,28|21,49,1,1,1,0
e2_def.pcap,209,SELECT,2635875631,28,2635875659,21,28|21,49,1,1,1,0
e2_def.pcap,210,SELECT,2635875680,28,2635875708,21,28|21,49,1,1,1,0
e2_def.pcap,211,SELECT,2635875729,28,2635875757,21,28|21,49,1,1,1,0
e2_def.pcap,212,SELECT,2635875778,28,2635875806,21,28|21,49,1,1,1,0
e2_def.pcap,213,SELECT,2635875827,28,2635875855,21,28|21,49,1,1,1,0
e2_def.pcap,214,SELECT,2635875876,28,2635875904,21,28|21,49,1,1,1,0
e2_def.pcap,215,SELECT,2635875925,28,2635875953,21,28|21,49,1,1,1,0
e2_def.pcap,216,SELECT,2635875974,28,2635876002,21,28|21,49,1,1,1,0
e2_def.pcap,217,SELECT,2635876023,28,2635876051,21,28|21,49,1,1,1,0
e2_def.pcap,218,SELECT,2635876072,28,2635876100,21,28|21,49,1,1,1,0
e2_def.pcap,219,SELECT,2635876121,28,2635876149,21,28|21,49,1,1,1,0
e2_def.pcap,220,SELECT,2635876170,28,2635876198,21,28|21,49,1,1,1,0
e2_def.pcap,221,SELECT,2635876219,28,2635876247,21,28|21,49,1,1,1,0
e2_def.pcap,222,SELECT,2635876268,28,2635876296,21,28|21,49,1,1,1,0
e2_def.pcap,223,SELECT,2635876317,28,2635876345,21,28|21,49,1,1,1,0
e2_def.pcap,224,SELECT,2635876366,28,2635876394,21,28|21,49,1,1,1,0
e2_def.pcap,225,SELECT,2635876415,28,2635876443,21,28|21,49,1,1,1,0
e2_def.pcap,226,SELECT,2635876464,28,2635876492,21,28|21,49,1,1,1,0
e2_def.pcap,227,SELECT,2635876513,28,2635876541,21,28|21,49,1,1,1,0
e2_def.pcap,228,SELECT,2635876562,28,2635876590,21,28|21,49,1,1,1,0
e2_def.pcap,229,SELECT,2635876611,28,2635876639,21,28|21,49,1,1,1,0
e2_def.pcap,230,SELECT,2635876660,28,2635876688,21,28|21,49,1,1,1,0
e2_def.pcap,231,SELECT,2635876709,28,2635876737,21,28|21,49,1,1,1,0
e2_def.pcap,232,SELECT,2635876758,28,2635876786,21,28|21,49,1,1,1,0
e2_def.pcap,233,SELECT,2635876807,28,2635876835,21,28|21,49,1,1,1,0
e2_def.pcap,234,SELECT,2635876856,28,2635876884,21,28|21,49,1,1,1,0
e2_def.pcap,235,SELECT,2635876905,28,2635876933,21,28|21,49,1,1,1,0
e2_def.pcap,236,SELECT,2635876954,28,2635876982,21,28|21,49,1,1,1,0
e2_def.pcap,237,SELECT,2635877003,28,2635877031,21,28|21,49,1,1,1,0
e2_def.pcap,238,SELECT,2635877052,28,2635877080,21,28|21,49,1,1,1,0
e2_def.pcap,239,SELECT,2635877101,28,2635877129,21,28|21,49,1,1,1,0
e2_def.pcap,240,SELECT,2635877150,28,2635877178,21,28|21,49,1,1,1,0
e2_def.pcap,241,SELECT,2635877199,28,2635877227,21,28|21,49,1,1,1,0
e2_def.pcap,242,SELECT,2635877248,28,2635877276,21,28|21,49,1,1,1,0
e2_def.pcap,243,SELECT,2635877297,28,2635877325,21,28|21,49,1,1,1,0
e2_def.pcap,244,SELECT,2635877346,28,2635877374,21,28|21,49,1,1,1,0
e2_def.pcap,245,SELECT,2635877395,28,2635877423,21,28|21,49,1,1,1,0
e2_def.pcap,246,SELECT,2635877444,28,2635877472,21,28|21,49,1,1,1,0
e2_def.pcap,247,SELECT,2635877493,28,2635877521,21,28|21,49,1,1,1,0
e2_def.pcap,248,SELECT,2635877542,28,2635877570,21,28|21,49,1,1,1,0
e2_def.pcap,249,SELECT,2635877591,28,2635877619,21,28|21,49,1,1,1,0
e2_def.pcap,250,SELECT,2635877640,28,2635877668,21,28|21,49,1,1,1,0
e2_def.pcap,251,SELECT,2635877689,28,2635877717,21,28|21,49,1,1,1,0
e2_def.pcap,252,SELECT,2635877738,28,2635877766,21,28|21,49,1,1,1,0
e2_def.pcap,253,SELECT,2635877787,28,2635877815,21,28|21,49,1,1,1,0
e2_def.pcap,254,SELECT,2635877836,28,2635877864,21,28|21,49,1,1,1,0
e2_def.pcap,255,SELECT,2635877885,28,2635877913,21,28|21,49,1,1,1,0
e2_def.pcap,256,SELECT,2635877934,28,2635877962,21,28|21,49,1,1,1,0
e2_def.pcap,257,SELECT,2635877983,28,2635878011,21,28|21,49,1,1,1,0
e2_def.pcap,258,SELECT,2635878032,28,2635878060,21,28|21,49,1,1,1,0
e2_def.pcap,259,SELECT,2635878081,28,2635878109,21,28|21,49,1,1,1,0
e2_def.pcap,260,SELECT,2635878130,28,2635878158,21,28|21,49,1,1,1,0
e2_def.pcap,261,SELECT,2635878179,28,2635878207,21,28|21,49,1,1,1,0
e2_def.pcap,262,SELECT,2635878228,28,2635878256,21,28|21,49,1,1,1,0
e2_def.pcap,263,SELECT,2635878277,28,2635878305,21,28|21,49,1,1,1,0
e2_def.pcap,264,SELECT,2635878326,28,2635878354,21,28|21,49,1,1,1,0
e2_def.pcap,265,SELECT,2635878375,28,2635878403,21,28|21,49,1,1,1,0
e2_def.pcap,266,SELECT,2635878424,28,2635878452,21,28|21,49,1,1,1,0
e2_def.pcap,267,SELECT,2635878473,28,2635878501,21,28|21,49,1,1,1,0
e2_def.pcap,268,SELECT,2635878522,28,2635878550,21,28|21,49,1,1,1,0
e2_def.pcap,269,SELECT,2635878571,28,2635878599,21,28|21,49,1,1,1,0
e2_def.pcap,270,SELECT,2635878620,28,2635878648,21,28|21,49,1,1,1,0
e2_def.pcap,271,SELECT,2635878669,28,2635878697,21,28|21,49,1,1,1,0
e2_def.pcap,272,SELECT,2635878718,28,2635878746,21,28|21,49,1,1,1,0
e2_def.pcap,273,SELECT,2635878767,28,2635878795,21,28|21,49,1,1,1,0
e2_def.pcap,274,SELECT,2635878816,28,2635878844,21,28|21,49,1,1,1,0
e2_def.pcap,275,SELECT,2635878865,28,2635878893,21,28|21,49,1,1,1,0
e2_def.pcap,276,SELECT,2635878914,28,2635878942,21,28|21,49,1,1,1,0
e2_def.pcap,277,SELECT,2635878963,28,2635878991,21,28|21,49,1,1,1,0
e2_def.pcap,278,SELECT,2635879012,28,2635879040,21,28|21,49,1,1,1,0
e2_def.pcap,279,SELECT,2635879061,28,2635879089,21,28|21,49,1,1,1,0
e2_def.pcap,280,SELECT,2635879110,28,2635879138,21,28|21,49,1,1,1,0
e2_def.pcap,281,SELECT,2635879159,28,2635879187,21,28|21,49,1,1,1,0
e2_def.pcap,282,SELECT,2635879208,28,2635879236,21,28|21,49,1,1,1,0
e2_def.pcap,283,SELECT,2635879257,28,2635879285,21,28|21,49,1,1,1,0
e2_def.pcap,284,SELECT,2635879306,28,2635879334,21,28|21,49,1,1,1,0
e2_def.pcap,285,SELECT,2635879355,28,2635879383,21,28|21,49,1,1,1,0
e2_def.pcap,286,SELECT,2635879404,28,2635879432,21,28|21,49,1,1,1,0
e2_def.pcap,287,SELECT,2635879453,28,2635879481,21,28|21,49,1,1,1,0
e2_def.pcap,288,SELECT,2635879502,28,2635879530,21,28|21,49,1,1,1,0
e2_def.pcap,289,SELECT,2635879551,28,2635879579,21,28|21,49,1,1,1,0
e2_def.pcap,290,SELECT,2635879600,28,2635879628,21,28|21,49,1,1,1,0
e2_def.pcap,291,SELECT,2635879649,28,2635879677,21,28|21,49,1,1,1,0
e2_def.pcap,292,SELECT,2635879698,28,2635879726,21,28|21,49,1,1,1,0
e2_def.pcap,293,SELECT,2635879747,28,2635879775,21,28|21,49,1,1,1,0
e2_def.pcap,294,SELECT,2635879796,28,2635879824,21,28|21,49,1,1,1,0
e2_def.pcap,295,SELECT,2635879845,28,2635879873,21,28|21,49,1,1,1,0
e2_def.pcap,296,SELECT,2635879894,28,2635879922,21,28|21,49,1,1,1,0
e2_def.pcap,297,SELECT,2635879943,28,2635879971,21,28|21,49,1,1,1,0
e2_def.pcap,298,SELECT,2635879992,28,2635880020,21,28|21,49,1,1,1,0
e2_def.pcap,299,SELECT,2635880041,28,2635880069,21,28|21,49,1,1,1,0
e2_def.pcap,300,SELECT,2635880090,28,2635880118,21,28|21,49,1,1,1,0
e2_def.pcap,301,SELECT,2635880139,28,2635880167,21,28|21,49,1,1,1,0
e2_def.pcap,302,SELECT,2635880188,28,2635880216,21,28|21,49,1,1,1,0
e2_def.pcap,303,SELECT,2635880237,28,2635880265,21,28|21,49,1,1,1,0
e2_def.pcap,304,SELECT,2635880286,28,2635880314,21,28|21,49,1,1,1,0
e2_def.pcap,305,SELECT,2635880335,28,2635880363,21,28|21,49,1,1,1,0
e2_def.pcap,306,SELECT,2635880384,28,2635880412,21,28|21,49,1,1,1,0
e2_def.pcap,307,SELECT,2635880433,28,2635880461,21,28|21,49,1,1,1,0
e2_def.pcap,308,SELECT,2635880482,28,2635880510,21,28|21,49,1,1,1,0
e2_def.pcap,309,SELECT,2635880531,28,2635880559,21,28|21,49,1,1,1,0
e2_def.pcap,310,SELECT,2635880580,28,2635880608,21,28|21,49,1,1,1,0
e2_def.pcap,311,SELECT,2635880629,28,2635880657,21,28|21,49,1,1,1,0
e2_def.pcap,312,SELECT,2635880678,28,2635880706,21,28|21,49,1,1,1,0
e2_def.pcap,313,SELECT,2635880727,28,2635880755,21,28|21,49,1,1,1,0
e2_def.pcap,314,SELECT,2635880776,28,2635880804,21,28|21,49,1,1,1,0
e2_def.pcap,315,SELECT,2635880825,28,2635880853,21,28|21,49,1,1,1,0
e2_def.pcap,316,SELECT,2635880874,28,2635880902,21,28|21,49,1,1,1,0
e2_def.pcap,317,SELECT,2635880923,28,2635880951,21,28|21,49,1,1,1,0
e2_def.pcap,318,SELECT,2635880972,28,2635881000,21,28|21,49,1,1,1,0
e2_def.pcap,319,SELECT,2635881021,28,2635881049,21,28|21,49,1,1,1,0
e2_def.pcap,320,SELECT,2635881070,28,2635881098,21,28|21,49,1,1,1,0
e2_def.pcap,321,SELECT,2635881119,28,2635881147,21,28|21,49,1,1,1,0
e2_def.pcap,322,SELECT,2635881168,28,2635881196,21,28|21,49,1,1,1,0
e2_def.pcap,323,SELECT,2635881217,28,2635881245,21,28|21,49,1,1,1,0
e2_def.pcap,324,SELECT,2635881266,28,2635881294,21,28|21,49,1,1,1,0
e2_def.pcap,325,SELECT,2635881315,28,2635881343,21,28|21,49,1,1,1,0
e2_def.pcap,326,SELECT,2635881364,28,2635881392,21,28|21,49,1,1,1,0
e2_def.pcap,327,SELECT,2635881413,28,2635881441,21,28|21,49,1,1,1,0
e2_def.pcap,328,SELECT,2635881462,28,2635881490,21,28|21,49,1,1,1,0
e2_def.pcap,329,SELECT,2635881511,28,2635881539,21,28|21,49,1,1,1,0
e2_def.pcap,330,SELECT,2635881560,28,2635881588,21,28|21,49,1,1,1,0
e2_def.pcap,331,SELECT,2635881609,28,2635881637,21,28|21,49,1,1,1,0
e2_def.pcap,332,SELECT,2635881658,28,2635881686,21,28|21,49,1,1,1,0
e2_def.pcap,333,SELECT,2635881707,28,2635881735,21,28|21,49,1,1,1,0
e2_def.pcap,334,SELECT,2635881756,28,2635881784,21,28|21,49,1,1,1,0
e2_def.pcap,335,SELECT,2635881805,28,2635881833,21,28|21,49,1,1,1,0
e2_def.pcap,336,SELECT,2635881854,28,2635881882,21,28|21,49,1,1,1,0
e2_def.pcap,337,SELECT,2635881903,28,2635881931,21,28|21,49,1,1,1,0
e2_def.pcap,338,SELECT,2635881952,28,2635881980,21,28|21,49,1,1,1,0
e2_def.pcap,339,SELECT,2635882001,28,2635882029,21,28|21,49,1,1,1,0
e2_def.pcap,340,SELECT,2635882050,28,2635882078,21,28|21,49,1,1,1,0
e2_def.pcap,341,SELECT,2635882099,28,2635882127,21,28|21,49,1,1,1,0
e2_def.pcap,342,SELECT,2635882148,28,2635882176,21,28|21,49,1,1,1,0
e2_def.pcap,343,SELECT,2635882197,28,2635882225,21,28|21,49,1,1,1,0
e2_def.pcap,344,SELECT,2635882246,28,2635882274,21,28|21,49,1,1,1,0
e2_def.pcap,345,SELECT,2635882295,28,2635882323,21,28|21,49,1,1,1,0
e2_def.pcap,346,SELECT,2635882344,28,2635882372,21,28|21,49,1,1,1,0
e2_def.pcap,347,SELECT,2635882393,28,2635882421,21,28|21,49,1,1,1,0
e2_def.pcap,348,SELECT,2635882442,28,2635882470,21,28|21,49,1,1,1,0
e2_def.pcap,349,SELECT,2635882491,28,2635882519,21,28|21,49,1,1,1,0
e2_def.pcap,350,SELECT,2635882540,28,2635882568,21,28|21,49,1,1,1,0
e2_def.pcap,351,SELECT,2635882589,28,2635882617,21,28|21,49,1,1,1,0
e2_def.pcap,352,SELECT,2635882638,28,2635882666,21,28|21,49,1,1,1,0
e2_def.pcap,353,SELECT,2635882687,28,2635882715,21,28|21,49,1,1,1,0
e2_def.pcap,354,SELECT,2635882736,28,2635882764,21,28|21,49,1,1,1,0
e2_def.pcap,355,SELECT,2635882785,28,2635882813,21,28|21,49,1,1,1,0
e2_def.pcap,356,SELECT,2635882834,28,2635882862,21,28|21,49,1,1,1,0
e2_def.pcap,357,SELECT,2635882883,28,2635882911,21,28|21,49,1,1,1,0
e2_def.pcap,358,SELECT,2635882932,28,2635882960,21,28|21,49,1,1,1,0
e2_def.pcap,359,SELECT,2635882981,28,2635883009,21,28|21,49,1,1,1,0
e2_def.pcap,360,SELECT,2635883030,28,2635883058,21,28|21,49,1,1,1,0
e2_def.pcap,361,SELECT,2635883079,28,2635883107,21,28|21,49,1,1,1,0
e2_def.pcap,362,SELECT,2635883128,28,2635883156,21,28|21,49,1,1,1,0
e2_def.pcap,363,SELECT,2635883177,28,2635883205,21,28|21,49,1,1,1,0
e2_def.pcap,364,SELECT,2635883226,28,2635883254,21,28|21,49,1,1,1,0
e2_def.pcap,365,SELECT,2635883275,28,2635883303,21,28|21,49,1,1,1,0
e2_def.pcap,366,SELECT,2635883324,28,2635883352,21,28|21,49,1,1,1,0
e2_def.pcap,367,SELECT,2635883373,28,2635883401,21,28|21,49,1,1,1,0
e2_def.pcap,368,SELECT,2635883422,28,2635883450,21,28|21,49,1,1,1,0
e2_def.pcap,369,SELECT,2635883471,28,2635883499,21,28|21,49,1,1,1,0
e2_def.pcap,370,SELECT,2635883520,28,2635883548,21,28|21,49,1,1,1,0
e2_def.pcap,371,SELECT,2635883569,28,2635883597,21,28|21,49,1,1,1,0
e2_def.pcap,372,SELECT,2635883618,28,2635883646,21,28|21,49,1,1,1,0
e2_def.pcap,373,SELECT,2635883667,28,2635883695,21,28|21,49,1,1,1,0
e2_def.pcap,374,SELECT,2635883716,28,2635883744,21,28|21,49,1,1,1,0
e2_def.pcap,375,SELECT,2635883765,28,2635883793,21,28|21,49,1,1,1,0
e2_def.pcap,376,SELECT,2635883814,28,2635883842,21,28|21,49,1,1,1,0
e2_def.pcap,377,SELECT,2635883863,28,2635883891,21,28|21,49,1,1,1,0
e2_def.pcap,378,SELECT,2635883912,28,2635883940,21,28|21,49,1,1,1,0
e2_def.pcap,379,SELECT,2635883961,28,2635883989,21,28|21,49,1,1,1,0
e2_def.pcap,380,SELECT,2635884010,28,2635884038,21,28|21,49,1,1,1,0
e2_def.pcap,381,SELECT,2635884059,28,2635884087,21,28|21,49,1,1,1,0
e2_def.pcap,382,SELECT,2635884108,28,2635884136,21,28|21,49,1,1,1,0
e2_def.pcap,383,SELECT,2635884157,28,2635884185,21,28|21,49,1,1,1,0
e2_def.pcap,384,SELECT,2635884206,28,2635884234,21,28|21,49,1,1,1,0
e2_def.pcap,385,SELECT,2635884255,28,2635884283,21,28|21,49,1,1,1,0
e2_def.pcap,386,SELECT,2635884304,28,2635884332,21,28|21,49,1,1,1,0
e2_def.pcap,387,SELECT,2635884353,28,2635884381,21,28|21,49,1,1,1,0
e2_def.pcap,388,SELECT,2635884402,28,2635884430,21,28|21,49,1,1,1,0
e2_def.pcap,389,SELECT,2635884451,28,2635884479,21,28|21,49,1,1,1,0
e2_def.pcap,390,SELECT,2635884500,28,2635884528,21,28|21,49,1,1,1,0
e2_def.pcap,391,SELECT,2635884549,28,2635884577,21,28|21,49,1,1,1,0
e2_def.pcap,392,SELECT,2635884598,28,2635884626,21,28|21,49,1,1,1,0
e2_def.pcap,393,SELECT,2635884647,28,2635884675,21,28|21,49,1,1,1,0
e2_def.pcap,394,SELECT,2635884696,28,2635884724,21,28|21,49,1,1,1,0
e2_def.pcap,395,SELECT,2635884745,28,2635884773,21,28|21,49,1,1,1,0
e2_def.pcap,396,SELECT,2635884794,28,2635884822,21,28|21,49,1,1,1,0
e2_def.pcap,397,SELECT,2635884843,28,2635884871,21,28|21,49,1,1,1,0
e2_def.pcap,398,SELECT,2635884892,28,2635884920,21,28|21,49,1,1,1,0
e2_def.pcap,399,SELECT,2635884941,28,2635884969,21,28|21,49,1,1,1,0
e2_def.pcap,400,SELECT,2635884990,28,2635885018,21,28|21,49,1,1,1,0
e2_def.pcap,401,SELECT,2635885039,28,2635885067,21,28|21,49,1,1,1,0
e2_def.pcap,402,SELECT,2635885088,28,2635885116,21,28|21,49,1,1,1,0
e2_def.pcap,403,SELECT,2635885137,28,2635885165,21,28|21,49,1,1,1,0
e2_def.pcap,404,SELECT,2635885186,28,2635885214,21,28|21,49,1,1,1,0
e2_def.pcap,405,SELECT,2635885235,28,2635885263,21,28|21,49,1,1,1,0
e2_def.pcap,406,SELECT,2635885284,28,2635885312,21,28|21,49,1,1,1,0
e2_def.pcap,407,SELECT,2635885333,28,2635885361,21,28|21,49,1,1,1,0
e2_def.pcap,408,SELECT,2635885382,28,2635885410,21,28|21,49,1,1,1,0
e2_def.pcap,409,SELECT,2635885431,28,2635885459,21,28|21,49,1,1,1,0
e2_def.pcap,410,SELECT,2635885480,28,2635885508,21,28|21,49,1,1,1,0
e2_def.pcap,411,SELECT,2635885529,28,2635885557,21,28|21,49,1,1,1,0
e2_def.pcap,412,SELECT,2635885578,28,2635885606,21,28|21,49,1,1,1,0
e2_def.pcap,413,SELECT,2635885627,28,2635885655,21,28|21,49,1,1,1,0
e2_def.pcap,414,SELECT,2635885676,28,2635885704,21,28|21,49,1,1,1,0
e2_def.pcap,415,SELECT,2635885725,28,2635885753,21,28|21,49,1,1,1,0
e2_def.pcap,416,SELECT,2635885774,28,2635885802,21,28|21,49,1,1,1,0
e2_def.pcap,417,SELECT,2635885823,28,2635885851,21,28|21,49,1,1,1,0
e2_def.pcap,418,SELECT,2635885872,28,2635885900,21,28|21,49,1,1,1,0
e2_def.pcap,419,SELECT,2635885921,28,2635885949,21,28|21,49,1,1,1,0
e2_def.pcap,420,SELECT,2635885970,28,2635885998,21,28|21,49,1,1,1,0
e2_def.pcap,421,SELECT,2635886019,28,2635886047,21,28|21,49,1,1,1,0
e2_def.pcap,422,SELECT,2635886068,28,2635886096,21,28|21,49,1,1,1,0
e2_def.pcap,423,SELECT,2635886117,28,2635886145,21,28|21,49,1,1,1,0
e2_def.pcap,424,SELECT,2635886166,28,2635886194,21,28|21,49,1,1,1,0
e2_def.pcap,425,SELECT,2635886215,28,2635886243,21,28|21,49,1,1,1,0
e2_def.pcap,426,SELECT,2635886264,28,2635886292,21,28|21,49,1,1,1,0
e2_def.pcap,427,SELECT,2635886313,28,2635886341,21,28|21,49,1,1,1,0
e2_def.pcap,428,SELECT,2635886362,28,2635886390,21,28|21,49,1,1,1,0
e2_def.pcap,429,SELECT,2635886411,28,2635886439,21,28|21,49,1,1,1,0
e2_def.pcap,430,SELECT,2635886460,28,2635886488,21,28|21,49,1,1,1,0
e2_def.pcap,431,SELECT,2635886509,28,2635886537,21,28|21,49,1,1,1,0
e2_def.pcap,432,SELECT,2635886558,28,2635886586,21,28|21,49,1,1,1,0
e2_def.pcap,433,SELECT,2635886607,28,2635886635,21,28|21,49,1,1,1,0
e2_def.pcap,434,SELECT,2635886656,28,2635886684,21,28|21,49,1,1,1,0
e2_def.pcap,435,SELECT,2635886705,28,2635886733,21,28|21,49,1,1,1,0
e2_def.pcap,436,SELECT,2635886754,28,2635886782,21,28|21,49,1,1,1,0
e2_def.pcap,437,SELECT,2635886803,28,2635886831,21,28|21,49,1,1,1,0
e2_def.pcap,438,SELECT,2635886852,28,2635886880,21,28|21,49,1,1,1,0
e2_def.pcap,439,SELECT,2635886901,28,2635886929,21,28|21,49,1,1,1,0
e2_def.pcap,440,SELECT,2635886950,28,2635886978,21,28|21,49,1,1,1,0
e2_def.pcap,441,SELECT,2635886999,28,2635887027,21,28|21,49,1,1,1,0
e2_def.pcap,442,SELECT,2635887048,28,2635887076,21,28|21,49,1,1,1,0
e2_def.pcap,443,SELECT,2635887097,28,2635887125,21,28|21,49,1,1,1,0
e2_def.pcap,444,SELECT,2635887146,28,2635887174,21,28|21,49,1,1,1,0
e2_def.pcap,445,SELECT,2635887195,28,2635887223,21,28|21,49,1,1,1,0
e2_def.pcap,446,SELECT,2635887244,28,2635887272,21,28|21,49,1,1,1,0
e2_def.pcap,447,SELECT,2635887293,28,2635887321,21,28|21,49,1,1,1,0
e2_def.pcap,448,SELECT,2635887342,28,2635887370,21,28|21,49,1,1,1,0
e2_def.pcap,449,SELECT,2635887391,28,2635887419,21,28|21,49,1,1,1,0
e2_def.pcap,450,SELECT,2635887440,28,2635887468,21,28|21,49,1,1,1,0
e2_def.pcap,451,SELECT,2635887489,28,2635887517,21,28|21,49,1,1,1,0
e2_def.pcap,452,SELECT,2635887538,28,2635887566,21,28|21,49,1,1,1,0
e2_def.pcap,453,SELECT,2635887587,28,2635887615,21,28|21,49,1,1,1,0
e2_def.pcap,454,SELECT,2635887636,28,2635887664,21,28|21,49,1,1,1,0
e2_def.pcap,455,SELECT,2635887685,28,2635887713,21,28|21,49,1,1,1,0
e2_def.pcap,456,SELECT,2635887734,28,2635887762,21,28|21,49,1,1,1,0
e2_def.pcap,457,SELECT,2635887783,28,2635887811,21,28|21,49,1,1,1,0
e2_def.pcap,458,SELECT,2635887832,28,2635887860,21,28|21,49,1,1,1,0
e2_def.pcap,459,SELECT,2635887881,28,2635887909,21,28|21,49,1,1,1,0
e2_def.pcap,460,SELECT,2635887930,28,2635887958,21,28|21,49,1,1,1,0
e2_def.pcap,461,SELECT,2635887979,28,2635888007,21,28|21,49,1,1,1,0
e2_def.pcap,462,SELECT,2635888028,28,2635888056,21,28|21,49,1,1,1,0
e2_def.pcap,463,SELECT,2635888077,28,2635888105,21,28|21,49,1,1,1,0
e2_def.pcap,464,SELECT,2635888126,28,2635888154,21,28|21,49,1,1,1,0
e2_def.pcap,465,SELECT,2635888175,28,2635888203,21,28|21,49,1,1,1,0
e2_def.pcap,466,SELECT,2635888224,28,2635888252,21,28|21,49,1,1,1,0
e2_def.pcap,467,SELECT,2635888273,28,2635888301,21,28|21,49,1,1,1,0
e2_def.pcap,468,SELECT,2635888322,28,2635888350,21,28|21,49,1,1,1,0
e2_def.pcap,469,SELECT,2635888371,28,2635888399,21,28|21,49,1,1,1,0
e2_def.pcap,470,SELECT,2635888420,28,2635888448,21,28|21,49,1,1,1,0
e2_def.pcap,471,SELECT,2635888469,28,2635888497,21,28|21,49,1,1,1,0
e2_def.pcap,472,SELECT,2635888518,28,2635888546,21,28|21,49,1,1,1,0
e2_def.pcap,473,SELECT,2635888567,28,2635888595,21,28|21,49,1,1,1,0
e2_def.pcap,474,SELECT,2635888616,28,2635888644,21,28|21,49,1,1,1,0
e2_def.pcap,475,SELECT,2635888665,28,2635888693,21,28|21,49,1,1,1,0
e2_def.pcap,476,SELECT,2635888714,28,2635888742,21,28|21,49,1,1,1,0
e2_def.pcap,477,SELECT,2635888763,28,2635888791,21,28|21,49,1,1,1,0
e2_def.pcap,478,SELECT,2635888812,28,2635888840,21,28|21,49,1,1,1,0
e2_def.pcap,479,SELECT,2635888861,28,2635888889,21,28|21,49,1,1,1,0
e2_def.pcap,480,SELECT,2635888910,28,2635888938,21,28|21,49,1,1,1,0
e2_def.pcap,481,SELECT,2635888959,28,2635888987,21,28|21,49,1,1,1,0
e2_def.pcap,482,SELECT,2635889008,28,2635889036,21,28|21,49,1,1,1,0
e2_def.pcap,483,SELECT,2635889057,28,2635889085,21,28|21,49,1,1,1,0
e2_def.pcap,484,SELECT,2635889106,28,2635889134,21,28|21,49,1,1,1,0
e2_def.pcap,485,SELECT,2635889155,28,2635889183,21,28|21,49,1,1,1,0
e2_def.pcap,486,SELECT,2635889204,28,2635889232,21,28|21,49,1,1,1,0
e2_def.pcap,487,SELECT,2635889253,28,2635889281,21,28|21,49,1,1,1,0
e2_def.pcap,488,SELECT,2635889302,28,2635889330,21,28|21,49,1,1,1,0
e2_def.pcap,489,SELECT,2635889351,28,2635889379,21,28|21,49,1,1,1,0
e2_def.pcap,490,SELECT,2635889400,28,2635889428,21,28|21,49,1,1,1,0
e2_def.pcap,491,SELECT,2635889449,28,2635889477,21,28|21,49,1,1,1,0
e2_def.pcap,492,SELECT,2635889498,28,2635889526,21,28|21,49,1,1,1,0
e2_def.pcap,493,SELECT,2635889547,28,2635889575,21,28|21,49,1,1,1,0
e2_def.pcap,494,SELECT,2635889596,28,2635889624,21,28|21,49,1,1,1,0
e2_def.pcap,495,SELECT,2635889645,28,2635889673,21,28|21,49,1,1,1,0
e2_def.pcap,496,SELECT,2635889694,28,2635889722,21,28|21,49,1,1,1,0
e2_def.pcap,497,SELECT,2635889743,28,2635889771,21,28|21,49,1,1,1,0
e2_def.pcap,498,SELECT,2635889792,28,2635889820,21,28|21,49,1,1,1,0
e2_def.pcap,499,SELECT,2635889841,28,2635889869,21,28|21,49,1,1,1,0
e2_def.pcap,500,SELECT,2635889890,28,2635889918,21,28|21,49,1,1,1,0
sbo_j2.pcap,1,OPERATE,4124441227,28,4124441255,21,28|21,49,1,1,1,0
sbo_j2.pcap,2,OPERATE,4124441276,28,4124441304,21,28|21,49,1,1,1,0
sbo_j2.pcap,3,OPERATE,4124441325,28,4124441353,21,28|21,49,1,1,1,0
sbo_j2.pcap,4,OPERATE,4124441374,28,4124441402,21,28|21,49,1,1,1,0
sbo_j2.pcap,5,OPERATE,4124441423,28,4124441451,21,28|21,49,1,1,1,0
sbo_j2.pcap,6,OPERATE,4124441472,28,4124441500,21,28|21,49,1,1,1,0
sbo_j2.pcap,7,OPERATE,4124441521,28,4124441549,21,28|21,49,1,1,1,0
sbo_j2.pcap,8,OPERATE,4124441570,28,4124441598,21,28|21,49,1,1,1,0
sbo_j2.pcap,9,OPERATE,4124441619,28,4124441647,21,28|21,49,1,1,1,0
sbo_j2.pcap,10,OPERATE,4124441668,28,4124441696,21,28|21,49,1,1,1,0
sbo_j2.pcap,11,OPERATE,4124441717,28,4124441745,21,28|21,49,1,1,1,0
sbo_j2.pcap,12,OPERATE,4124441766,28,4124441794,21,28|21,49,1,1,1,0
sbo_j2.pcap,13,OPERATE,4124441815,28,4124441843,21,28|21,49,1,1,1,0
sbo_j2.pcap,14,OPERATE,4124441864,28,4124441892,21,28|21,49,1,1,1,0
sbo_j2.pcap,15,OPERATE,4124441913,28,4124441941,21,28|21,49,1,1,1,0
sbo_j2.pcap,16,OPERATE,4124441962,28,4124441990,21,28|21,49,1,1,1,0
sbo_j2.pcap,17,OPERATE,4124442011,28,4124442039,21,28|21,49,1,1,1,0
sbo_j2.pcap,18,OPERATE,4124442060,28,4124442088,21,28|21,49,1,1,1,0
sbo_j2.pcap,19,OPERATE,4124442109,28,4124442137,21,28|21,49,1,1,1,0
sbo_j2.pcap,20,OPERATE,4124442158,28,4124442186,21,28|21,49,1,1,1,0
sbo_j2.pcap,21,OPERATE,4124442207,28,4124442235,21,28|21,49,1,1,1,0
sbo_j2.pcap,22,OPERATE,4124442256,28,4124442284,21,28|21,49,1,1,1,0
sbo_j2.pcap,23,OPERATE,4124442305,28,4124442333,21,28|21,49,1,1,1,0
sbo_j2.pcap,24,OPERATE,4124442354,28,4124442382,21,28|21,49,1,1,1,0
sbo_j2.pcap,25,OPERATE,4124442403,28,4124442431,21,28|21,49,1,1,1,0
sbo_j2.pcap,26,OPERATE,4124442452,28,4124442480,21,28|21,49,1,1,1,0
sbo_j2.pcap,27,OPERATE,4124442501,28,4124442529,21,28|21,49,1,1,1,0
sbo_j2.pcap,28,OPERATE,4124442550,28,4124442578,21,28|21,49,1,1,1,0
sbo_j2.pcap,29,OPERATE,4124442599,28,4124442627,21,28|21,49,1,1,1,0
sbo_j2.pcap,30,OPERATE,4124442648,28,4124442676,21,28|21,49,1,1,1,0
sbo_j2.pcap,31,OPERATE,4124442697,28,4124442725,21,28|21,49,1,1,1,0
sbo_j2.pcap,32,OPERATE,4124442746,28,4124442774,21,28|21,49,1,1,1,0
sbo_j2.pcap,33,OPERATE,4124442795,28,4124442823,21,28|21,49,1,1,1,0
sbo_j2.pcap,34,OPERATE,4124442844,28,4124442872,21,28|21,49,1,1,1,0
sbo_j2.pcap,35,OPERATE,4124442893,28,4124442921,21,28|21,49,1,1,1,0
sbo_j2.pcap,36,OPERATE,4124442942,28,4124442970,21,28|21,49,1,1,1,0
sbo_j2.pcap,37,OPERATE,4124442991,28,4124443019,21,28|21,49,1,1,1,0
sbo_j2.pcap,38,OPERATE,4124443040,28,4124443068,21,28|21,49,1,1,1,0
sbo_j2.pcap,39,OPERATE,4124443089,28,4124443117,21,28|21,49,1,1,1,0
sbo_j2.pcap,40,OPERATE,4124443138,28,4124443166,21,28|21,49,1,1,1,0
sbo_j2.pcap,41,OPERATE,4124443187,28,4124443215,21,28|21,49,1,1,1,0
sbo_j2.pcap,42,OPERATE,4124443236,28,4124443264,21,28|21,49,1,1,1,0
sbo_j2.pcap,43,OPERATE,4124443285,28,4124443313,21,28|21,49,1,1,1,0
sbo_j2.pcap,44,OPERATE,4124443334,28,4124443362,21,28|21,49,1,1,1,0
sbo_j2.pcap,45,OPERATE,4124443383,28,4124443411,21,28|21,49,1,1,1,0
sbo_j2.pcap,46,OPERATE,4124443432,28,4124443460,21,28|21,49,1,1,1,0
sbo_j2.pcap,47,OPERATE,4124443481,28,4124443509,21,28|21,49,1,1,1,0
sbo_j2.pcap,48,OPERATE,4124443530,28,4124443558,21,28|21,49,1,1,1,0
sbo_j2.pcap,49,OPERATE,4124443579,28,4124443607,21,28|21,49,1,1,1,0
sbo_j2.pcap,50,OPERATE,4124443628,28,4124443656,21,28|21,49,1,1,1,0
sbo_j2.pcap,51,OPERATE,4124443677,28,4124443705,21,28|21,49,1,1,1,0
sbo_j2.pcap,52,OPERATE,4124443726,28,4124443754,21,28|21,49,1,1,1,0
sbo_j2.pcap,53,OPERATE,4124443775,28,4124443803,21,28|21,49,1,1,1,0
sbo_j2.pcap,54,OPERATE,4124443824,28,4124443852,21,28|21,49,1,1,1,0
sbo_j2.pcap,55,OPERATE,4124443873,28,4124443901,21,28|21,49,1,1,1,0
sbo_j2.pcap,56,OPERATE,4124443922,28,4124443950,21,28|21,49,1,1,1,0
sbo_j2.pcap,57,OPERATE,4124443971,28,4124443999,21,28|21,49,1,1,1,0
sbo_j2.pcap,58,OPERATE,4124444020,28,4124444048,21,28|21,49,1,1,1,0
sbo_j2.pcap,59,OPERATE,4124444069,28,4124444097,21,28|21,49,1,1,1,0
sbo_j2.pcap,60,OPERATE,4124444118,28,4124444146,21,28|21,49,1,1,1,0
sbo_j6.pcap,1,OPERATE,1180241855,28,1180241883,21,28|21,49,1,1,1,0
sbo_j6.pcap,2,OPERATE,1180241904,28,1180241932,21,28|21,49,1,1,1,0
sbo_j6.pcap,3,OPERATE,1180241953,28,1180241981,21,28|21,49,1,1,1,0
sbo_j6.pcap,4,OPERATE,1180242002,28,1180242030,21,28|21,49,1,1,1,0
sbo_j6.pcap,5,OPERATE,1180242051,28,1180242079,21,28|21,49,1,1,1,0
sbo_j6.pcap,6,OPERATE,1180242100,28,1180242128,21,28|21,49,1,1,1,0
sbo_j6.pcap,7,OPERATE,1180242149,28,1180242177,21,28|21,49,1,1,1,0
sbo_j6.pcap,8,OPERATE,1180242198,28,1180242226,21,28|21,49,1,1,1,0
sbo_j6.pcap,9,OPERATE,1180242247,28,1180242275,21,28|21,49,1,1,1,0
sbo_j6.pcap,10,OPERATE,1180242296,28,1180242324,21,28|21,49,1,1,1,0
sbo_j6.pcap,11,OPERATE,1180242345,28,1180242373,21,28|21,49,1,1,1,0
sbo_j6.pcap,12,OPERATE,1180242394,28,1180242422,21,28|21,49,1,1,1,0
sbo_j6.pcap,13,OPERATE,1180242443,28,1180242471,21,28|21,49,1,1,1,0
sbo_j6.pcap,14,OPERATE,1180242492,28,1180242520,21,28|21,49,1,1,1,0
sbo_j6.pcap,15,OPERATE,1180242541,28,1180242569,21,28|21,49,1,1,1,0
sbo_j6.pcap,16,OPERATE,1180242590,28,1180242618,21,28|21,49,1,1,1,0
sbo_j6.pcap,17,OPERATE,1180242639,28,1180242667,21,28|21,49,1,1,1,0
sbo_j6.pcap,18,OPERATE,1180242688,28,1180242716,21,28|21,49,1,1,1,0
sbo_j6.pcap,19,OPERATE,1180242737,28,1180242765,21,28|21,49,1,1,1,0
sbo_j6.pcap,20,OPERATE,1180242786,28,1180242814,21,28|21,49,1,1,1,0
sbo_j6.pcap,21,OPERATE,1180242835,28,1180242863,21,28|21,49,1,1,1,0
sbo_j6.pcap,22,OPERATE,1180242884,28,1180242912,21,28|21,49,1,1,1,0
sbo_j6.pcap,23,OPERATE,1180242933,28,1180242961,21,28|21,49,1,1,1,0
sbo_j6.pcap,24,OPERATE,1180242982,28,1180243010,21,28|21,49,1,1,1,0
sbo_j6.pcap,25,OPERATE,1180243031,28,1180243059,21,28|21,49,1,1,1,0
sbo_j6.pcap,26,OPERATE,1180243080,28,1180243108,21,28|21,49,1,1,1,0
sbo_j6.pcap,27,OPERATE,1180243129,28,1180243157,21,28|21,49,1,1,1,0
sbo_j6.pcap,28,OPERATE,1180243178,28,1180243206,21,28|21,49,1,1,1,0
sbo_j6.pcap,29,OPERATE,1180243227,28,1180243255,21,28|21,49,1,1,1,0
sbo_j6.pcap,30,OPERATE,1180243276,28,1180243304,21,28|21,49,1,1,1,0
sbo_j6.pcap,31,OPERATE,1180243325,28,1180243353,21,28|21,49,1,1,1,0
sbo_j6.pcap,32,OPERATE,1180243374,28,1180243402,21,28|21,49,1,1,1,0
sbo_j6.pcap,33,OPERATE,1180243423,28,1180243451,21,28|21,49,1,1,1,0
sbo_j6.pcap,34,OPERATE,1180243472,28,1180243500,21,28|21,49,1,1,1,0
sbo_j6.pcap,35,OPERATE,1180243521,28,1180243549,21,28|21,49,1,1,1,0
sbo_j6.pcap,36,OPERATE,1180243570,28,1180243598,21,28|21,49,1,1,1,0
sbo_j6.pcap,37,OPERATE,1180243619,28,1180243647,21,28|21,49,1,1,1,0
sbo_j6.pcap,38,OPERATE,1180243668,28,1180243696,21,28|21,49,1,1,1,0
sbo_j6.pcap,39,OPERATE,1180243717,28,1180243745,21,28|21,49,1,1,1,0
sbo_j6.pcap,40,OPERATE,1180243766,28,1180243794,21,28|21,49,1,1,1,0
sbo_j6.pcap,41,OPERATE,1180243815,28,1180243843,21,28|21,49,1,1,1,0
sbo_j6.pcap,42,OPERATE,1180243864,28,1180243892,21,28|21,49,1,1,1,0
sbo_j6.pcap,43,OPERATE,1180243913,28,1180243941,21,28|21,49,1,1,1,0
sbo_j6.pcap,44,OPERATE,1180243962,28,1180243990,21,28|21,49,1,1,1,0
sbo_j6.pcap,45,OPERATE,1180244011,28,1180244039,21,28|21,49,1,1,1,0
sbo_j6.pcap,46,OPERATE,1180244060,28,1180244088,21,28|21,49,1,1,1,0
sbo_j6.pcap,47,OPERATE,1180244109,28,1180244137,21,28|21,49,1,1,1,0
sbo_j6.pcap,48,OPERATE,1180244158,28,1180244186,21,28|21,49,1,1,1,0
sbo_j6.pcap,49,OPERATE,1180244207,28,1180244235,21,28|21,49,1,1,1,0
sbo_j6.pcap,50,OPERATE,1180244256,28,1180244284,21,28|21,49,1,1,1,0
sbo_j6.pcap,51,OPERATE,1180244305,28,1180244333,21,28|21,49,1,1,1,0
sbo_j6.pcap,52,OPERATE,1180244354,28,1180244382,21,28|21,49,1,1,1,0
sbo_j6.pcap,53,OPERATE,1180244403,28,1180244431,21,28|21,49,1,1,1,0
sbo_j6.pcap,54,OPERATE,1180244452,28,1180244480,21,28|21,49,1,1,1,0
sbo_j6.pcap,55,OPERATE,1180244501,28,1180244529,21,28|21,49,1,1,1,0
sbo_j6.pcap,56,OPERATE,1180244550,28,1180244578,21,28|21,49,1,1,1,0
sbo_j6.pcap,57,OPERATE,1180244599,28,1180244627,21,28|21,49,1,1,1,0
sbo_j6.pcap,58,OPERATE,1180244648,28,1180244676,21,28|21,49,1,1,1,0
sbo_j6.pcap,59,OPERATE,1180244697,28,1180244725,21,28|21,49,1,1,1,0
sbo_j6.pcap,60,OPERATE,1180244746,28,1180244774,21,28|21,49,1,1,1,0
sbo_j12.pcap,1,OPERATE,1845599956,28,1845599984,21,28|21,49,1,1,1,0
sbo_j12.pcap,2,OPERATE,1845600005,28,1845600033,21,28|21,49,1,1,1,0
sbo_j12.pcap,3,OPERATE,1845600054,28,1845600082,21,28|21,49,1,1,1,0
sbo_j12.pcap,4,OPERATE,1845600103,28,1845600131,21,28|21,49,1,1,1,0
sbo_j12.pcap,5,OPERATE,1845600152,28,1845600180,21,28|21,49,1,1,1,0
sbo_j12.pcap,6,OPERATE,1845600201,28,1845600229,21,28|21,49,1,1,1,0
sbo_j12.pcap,7,OPERATE,1845600250,28,1845600278,21,28|21,49,1,1,1,0
sbo_j12.pcap,8,OPERATE,1845600299,28,1845600327,21,28|21,49,1,1,1,0
sbo_j12.pcap,9,OPERATE,1845600348,28,1845600376,21,28|21,49,1,1,1,0
sbo_j12.pcap,10,OPERATE,1845600397,28,1845600425,21,28|21,49,1,1,1,0
sbo_j12.pcap,11,OPERATE,1845600446,28,1845600474,21,28|21,49,1,1,1,0
sbo_j12.pcap,12,OPERATE,1845600495,28,1845600523,21,28|21,49,1,1,1,0
sbo_j12.pcap,13,OPERATE,1845600544,28,1845600572,21,28|21,49,1,1,1,0
sbo_j12.pcap,14,OPERATE,1845600593,28,1845600621,21,28|21,49,1,1,1,0
sbo_j12.pcap,15,OPERATE,1845600642,28,1845600670,21,28|21,49,1,1,1,0
sbo_j12.pcap,16,OPERATE,1845600691,28,1845600719,21,28|21,49,1,1,1,0
sbo_j12.pcap,17,OPERATE,1845600740,28,1845600768,21,28|21,49,1,1,1,0
sbo_j12.pcap,18,OPERATE,1845600789,28,1845600817,21,28|21,49,1,1,1,0
sbo_j12.pcap,19,OPERATE,1845600838,28,1845600866,21,28|21,49,1,1,1,0
sbo_j12.pcap,20,OPERATE,1845600887,28,1845600915,21,28|21,49,1,1,1,0
sbo_j12.pcap,21,OPERATE,1845600936,28,1845600964,21,28|21,49,1,1,1,0
sbo_j12.pcap,22,OPERATE,1845600985,28,1845601013,21,28|21,49,1,1,1,0
sbo_j12.pcap,23,OPERATE,1845601034,28,1845601062,21,28|21,49,1,1,1,0
sbo_j12.pcap,24,OPERATE,1845601083,28,1845601111,21,28|21,49,1,1,1,0
sbo_j12.pcap,25,OPERATE,1845601132,28,1845601160,21,28|21,49,1,1,1,0
sbo_j12.pcap,26,OPERATE,1845601181,28,1845601209,21,28|21,49,1,1,1,0
sbo_j12.pcap,27,OPERATE,1845601230,28,1845601258,21,28|21,49,1,1,1,0
sbo_j12.pcap,28,OPERATE,1845601279,28,1845601307,21,28|21,49,1,1,1,0
sbo_j12.pcap,29,OPERATE,1845601328,28,1845601356,21,28|21,49,1,1,1,0
sbo_j12.pcap,30,OPERATE,1845601377,28,1845601405,21,28|21,49,1,1,1,0
sbo_j12.pcap,31,OPERATE,1845601426,28,1845601454,21,28|21,49,1,1,1,0
sbo_j12.pcap,32,OPERATE,1845601475,28,1845601503,21,28|21,49,1,1,1,0
sbo_j12.pcap,33,OPERATE,1845601524,28,1845601552,21,28|21,49,1,1,1,0
sbo_j12.pcap,34,OPERATE,1845601573,28,1845601601,21,28|21,49,1,1,1,0
sbo_j12.pcap,35,OPERATE,1845601622,28,1845601650,21,28|21,49,1,1,1,0
sbo_j12.pcap,36,OPERATE,1845601671,28,1845601699,21,28|21,49,1,1,1,0
sbo_j12.pcap,37,OPERATE,1845601720,28,1845601748,21,28|21,49,1,1,1,0
sbo_j12.pcap,38,OPERATE,1845601769,28,1845601797,21,28|21,49,1,1,1,0
sbo_j12.pcap,39,OPERATE,1845601818,28,1845601846,21,28|21,49,1,1,1,0
sbo_j12.pcap,40,OPERATE,1845601867,28,1845601895,21,28|21,49,1,1,1,0
sbo_j12.pcap,41,OPERATE,1845601916,28,1845601944,21,28|21,49,1,1,1,0
sbo_j12.pcap,42,OPERATE,1845601965,28,1845601993,21,28|21,49,1,1,1,0
sbo_j12.pcap,43,OPERATE,1845602014,28,1845602042,21,28|21,49,1,1,1,0
sbo_j12.pcap,44,OPERATE,1845602063,28,1845602091,21,28|21,49,1,1,1,0
sbo_j12.pcap,45,OPERATE,1845602112,28,1845602140,21,28|21,49,1,1,1,0
sbo_j12.pcap,46,OPERATE,1845602161,28,1845602189,21,28|21,49,1,1,1,0
sbo_j12.pcap,47,OPERATE,1845602210,28,1845602238,21,28|21,49,1,1,1,0
sbo_j12.pcap,48,OPERATE,1845602259,28,1845602287,21,28|21,49,1,1,1,0
sbo_j12.pcap,49,OPERATE,1845602308,28,1845602336,21,28|21,49,1,1,1,0
sbo_j12.pcap,50,OPERATE,1845602357,28,1845602385,21,28|21,49,1,1,1,0
sbo_j12.pcap,51,OPERATE,1845602406,28,1845602434,21,28|21,49,1,1,1,0
sbo_j12.pcap,52,OPERATE,1845602455,28,1845602483,21,28|21,49,1,1,1,0
sbo_j12.pcap,53,OPERATE,1845602504,28,1845602532,21,28|21,49,1,1,1,0
sbo_j12.pcap,54,OPERATE,1845602553,28,1845602581,21,28|21,49,1,1,1,0
sbo_j12.pcap,55,OPERATE,1845602602,28,1845602630,21,28|21,49,1,1,1,0
sbo_j12.pcap,56,OPERATE,1845602651,28,1845602679,21,28|21,49,1,1,1,0
sbo_j12.pcap,57,OPERATE,1845602700,28,1845602728,21,28|21,49,1,1,1,0
sbo_j12.pcap,58,OPERATE,1845602749,28,1845602777,21,28|21,49,1,1,1,0
sbo_j12.pcap,59,OPERATE,1845602798,28,1845602826,21,28|21,49,1,1,1,0
sbo_j12.pcap,60,OPERATE,1845602847,28,1845602875,21,28|21,49,1,1,1,0
