pcap,stream,req_frame,resp_frame,req_segments,resp_segments,first_segment_len,reconstructed_len,used,source_logical_sha256,replayed_sha256
SEL751.pcap,0,1,3,1,1,54,54,first_segment_only,ab626e1a73380973,ab626e1a73380973
SEL751.pcap,0,5,7,1,1,54,54,first_segment_only,6dae5bb28b3974d6,6dae5bb28b3974d6
SEL751.pcap,0,9,11,1,1,54,54,first_segment_only,a0bcbc80a61f57b7,a0bcbc80a61f57b7
SEL751.pcap,0,13,15,1,1,54,54,first_segment_only,291565438c1c0e8c,291565438c1c0e8c
SEL751.pcap,0,17,19,1,1,54,54,first_segment_only,ce4e146272c73963,ce4e146272c73963
SEL751.pcap,0,21,23,1,1,54,54,first_segment_only,36990637cc34ec08,36990637cc34ec08
SEL751.pcap,0,25,27,1,1,54,54,first_segment_only,205b1dca1c0d4b0b,205b1dca1c0d4b0b
SEL751.pcap,0,29,31,1,1,54,54,first_segment_only,d3e42c8a9d778367,d3e42c8a9d778367
SEL751.pcap,0,33,35,1,1,54,54,first_segment_only,d8e5a6cc3884a62c,d8e5a6cc3884a62c
SEL751.pcap,0,37,39,1,1,54,54,first_segment_only,7bc0c17303424a71,7bc0c17303424a71
SEL751.pcap,0,41,43,1,1,54,54,first_segment_only,4ec00f0598c57ea2,4ec00f0598c57ea2
SEL751.pcap,0,45,47,1,1,54,54,first_segment_only,925417cd067b1d18,925417cd067b1d18
SEL751.pcap,0,49,51,1,1,54,54,first_segment_only,d39037761f75e651,d39037761f75e651
SEL751.pcap,0,53,55,1,1,54,54,first_segment_only,da5881d1d491fd08,da5881d1d491fd08
SEL751.pcap,0,57,59,1,1,54,54,first_segment_only,e5ff55865da280fe,e5ff55865da280fe
SEL751.pcap,0,61,63,1,1,54,54,first_segment_only,eee3dce849d8fb1b,eee3dce849d8fb1b
SEL751.pcap,0,65,67,1,1,54,54,first_segment_only,30ff08572cf0fb34,30ff08572cf0fb34
SEL751.pcap,0,69,71,1,1,54,54,first_segment_only,f20b5a0e56fbc7ba,f20b5a0e56fbc7ba
SEL751.pcap,0,73,75,1,1,54,54,first_segment_only,f6a69aa5c2ecc237,f6a69aa5c2ecc237
SEL751.pcap,0,77,79,1,1,54,54,first_segment_only,d2202f1a559ecf76,d2202f1a559ecf76
SEL751.pcap,0,81,83,1,1,54,54,first_segment_only,d59e0c042c911512,d59e0c042c911512
SEL751.pcap,0,85,87,1,1,54,54,first_segment_only,31efb8a015106105,31efb8a015106105
SEL751.pcap,0,89,91,1,1,54,54,first_segment_only,d5d379cc9a9ecb97,d5d379cc9a9ecb97
SEL751.pcap,0,93,95,1,1,54,54,first_segment_only,f5b0cd2d824800df,f5b0cd2d824800df
SEL751.pcap,0,97,99,1,1,54,54,first_segment_only,8f506720d52f30ec,8f506720d52f30ec
SEL751.pcap,0,101,103,1,1,54,54,first_segment_only,1647422397ae4d68,1647422397ae4d68
SEL751.pcap,0,105,107,1,1,54,54,first_segment_only,3ae854d850737609,3ae854d850737609
SEL751.pcap,0,109,111,1,1,54,54,first_segment_only,e064c1faca689eff,e064c1faca689eff
SEL751.pcap,0,113,115,1,1,54,54,first_segment_only,9ba2c7dcafc37086,9ba2c7dcafc37086
SEL751.pcap,0,117,119,1,1,54,54,first_segment_only,a53758a9aaa3e318,a53758a9aaa3e318
SEL751.pcap,0,121,123,1,1,54,54,first_segment_only,0e142596d88b0ad7,0e142596d88b0ad7
SEL751.pcap,0,125,127,1,1,54,54,first_segment_only,10f117166fb10776,10f117166fb10776
SEL751.pcap,0,129,131,1,1,54,54,first_segment_only,c31ecf968c1ad07c,c31ecf968c1ad07c
SEL751.pcap,0,133,135,1,1,54,54,first_segment_only,9e53ace7a301ae1b,9e53ace7a301ae1b
SEL751.pcap,0,137,139,1,1,54,54,first_segment_only,61100d678af9e683,61100d678af9e683
SEL751.pcap,0,141,143,1,1,54,54,first_segment_only,807c6c9d09ded5ac,807c6c9d09ded5ac
SEL751.pcap,0,145,147,1,1,54,54,first_segment_only,89cbb5cbd4a86cc9,89cbb5cbd4a86cc9
SEL751.pcap,0,149,151,1,1,54,54,first_segment_only,5a322518c0424f00,5a322518c0424f00
SEL751.pcap,0,153,155,1,1,54,54,first_segment_only,7af90abb22bf3f8e,7af90abb22bf3f8e
SEL751.pcap,0,157,159,1,1,54,54,first_segment_only,4dea727e8f8f1f9c,4dea727e8f8f1f9c
SEL751.pcap,0,161,163,1,1,54,54,first_segment_only,1032726bb7a8cb77,1032726bb7a8cb77
SEL751.pcap,0,165,167,1,1,54,54,first_segment_only,2bbfe00ed05281d9,2bbfe00ed05281d9
SEL751.pcap,0,169,171,1,1,54,54,first_segment_only,717722a90a81506d,717722a90a81506d
SEL751.pcap,0,173,175,1,1,54,54,first_segment_only,5b8699440a7ec1a1,5b8699440a7ec1a1
SEL751.pcap,0,177,179,1,1,54,54,first_segment_only,43c2078cd7fc6ae0,43c2078cd7fc6ae0
SEL751.pcap,0,181,183,1,1,54,54,first_segment_only,878501b8f612994b,878501b8f612994b
SEL751.pcap,0,185,187,1,1,54,54,first_segment_only,2edacd4e79e69e09,2edacd4e79e69e09
SEL751.pcap,0,189,191,1,1,54,54,first_segment_only,04f51c123cf8f09f,04f51c123cf8f09f
SEL751.pcap,0,193,195,1,1,54,54,first_segment_only,6d05645a7fa07d02,6d05645a7fa07d02
SEL751.pcap,0,197,199,1,1,54,54,first_segment_only,e75e3f1d7dba80c0,e75e3f1d7dba80c0
SEL751.pcap,0,201,203,1,1,54,54,first_segment_only,c792c24cdab9b39e,c792c24cdab9b39e
SEL751.pcap,0,205,207,1,1,54,54,first_segment_only,ac4a1c32148565f4,ac4a1c32148565f4
SEL751.pcap,0,209,211,1,1,54,54,first_segment_only,8ad34070578ef307,8ad34070578ef307
SEL751.pcap,0,213,215,1,1,54,54,first_segment_only,846845e182158ce9,846845e182158ce9
SEL751.pcap,0,217,219,1,1,54,54,first_segment_only,1bf548ff94796fee,1bf548ff94796fee
SEL751.pcap,0,221,223,1,1,54,54,first_segment_only,c012015a291329bb,c012015a291329bb
SEL751.pcap,0,225,227,1,1,54,54,first_segment_only,a30b0e757ebce329,a30b0e757ebce329
SEL751.pcap,0,229,231,1,1,54,54,first_segment_only,d5b3d1f7e26d1e2a,d5b3d1f7e26d1e2a
SEL751.pcap,0,233,235,1,1,54,54,first_segment_only,e5fb1687ffe8e0e1,e5fb1687ffe8e0e1
SEL751.pcap,0,237,239,1,1,54,54,first_segment_only,5808ead41abcd9ad,5808ead41abcd9ad
SEL751.pcap,0,241,243,1,1,54,54,first_segment_only,7ab0eb71b4be6a9d,7ab0eb71b4be6a9d
SEL751.pcap,0,245,247,1,1,54,54,first_segment_only,2862b7a07471f79e,2862b7a07471f79e
SEL751.pcap,0,249,251,1,1,54,54,first_segment_only,b5b6a2d07b2bb086,b5b6a2d07b2bb086
SEL751.pcap,0,253,255,1,1,54,54,first_segment_only,52f092077854c3c0,52f092077854c3c0
SEL751.pcap,0,257,259,1,1,54,54,first_segment_only,3f4cbd01b4430731,3f4cbd01b4430731
SEL751.pcap,0,261,263,1,1,54,54,first_segment_only,6694f8f6d1476a65,6694f8f6d1476a65
SEL751.pcap,0,265,267,1,1,54,54,first_segment_only,7c5ae3ac0060762d,7c5ae3ac0060762d
SEL751.pcap,0,269,271,1,1,54,54,first_segment_only,a4863c30673bdf06,a4863c30673bdf06
SEL751.pcap,0,273,275,1,1,54,54,first_segment_only,958a0731b6125e71,958a0731b6125e71
SEL751.pcap,0,277,279,1,1,54,54,first_segment_only,356d2d68f339351f,356d2d68f339351f
SEL751.pcap,0,281,283,1,1,54,54,first_segment_only,073c769b50285456,073c769b50285456
SEL751.pcap,0,285,287,1,1,54,54,first_segment_only,bcd0d1ebcc369016,bcd0d1ebcc369016
SEL751.pcap,0,289,291,1,1,54,54,first_segment_only,a593a27bed7ad6e4,a593a27bed7ad6e4
SEL751.pcap,0,293,295,1,1,54,54,first_segment_only,5faea13b421abe12,5faea13b421abe12
SEL751.pcap,0,297,299,1,1,54,54,first_segment_only,3b991c1d5cbd9d8c,3b991c1d5cbd9d8c
SEL751.pcap,0,301,303,1,1,54,54,first_segment_only,d15b9721ae0811b8,d15b9721ae0811b8
SEL751.pcap,0,305,307,1,1,54,54,first_segment_only,8180da721ab7fca5,8180da721ab7fca5
SEL751.pcap,0,309,311,1,1,54,54,first_segment_only,39770008b331c781,39770008b331c781
SEL751.pcap,0,313,315,1,1,54,54,first_segment_only,cf13d0d3346d9108,cf13d0d3346d9108
SEL751.pcap,0,317,319,1,1,54,54,first_segment_only,871c9e66d2781ab8,871c9e66d2781ab8
SEL751.pcap,0,321,323,1,1,54,54,first_segment_only,a49d39e6aaca370b,a49d39e6aaca370b
SEL751.pcap,0,325,327,1,1,54,54,first_segment_only,78b384bd9e95a42c,78b384bd9e95a42c
SEL751.pcap,0,329,331,1,1,54,54,first_segment_only,be0ff0b5d3f22889,be0ff0b5d3f22889
SEL751.pcap,0,333,335,1,1,54,54,first_segment_only,ec1771a29723cc36,ec1771a29723cc36
SEL751.pcap,0,337,339,1,1,54,54,first_segment_only,143d456f87eb514d,143d456f87eb514d
SEL751.pcap,0,341,343,1,1,54,54,first_segment_only,a3581055db967c84,a3581055db967c84
SEL751.pcap,0,345,347,1,1,54,54,first_segment_only,82b2f48b034ac158,82b2f48b034ac158
SEL751.pcap,0,349,351,1,1,54,54,first_segment_only,18cd510da6e16297,18cd510da6e16297
SEL751.pcap,0,353,355,1,1,54,54,first_segment_only,5c4689ed17ae3e5c,5c4689ed17ae3e5c
SEL751.pcap,0,357,359,1,1,54,54,first_segment_only,34d3f2a36175c160,34d3f2a36175c160
SEL751.pcap,0,361,363,1,1,54,54,first_segment_only,4b1d83535648d393,4b1d83535648d393
SEL751.pcap,0,365,367,1,1,54,54,first_segment_only,8e9e345689023781,8e9e345689023781
SEL751.pcap,0,369,371,1,1,54,54,first_segment_only,1e6619a039866303,1e6619a039866303
SEL751.pcap,0,373,375,1,1,54,54,first_segment_only,64a615ff7a8761bc,64a615ff7a8761bc
SEL751.pcap,0,377,379,1,1,54,54,first_segment_only,3959359db13746a1,3959359db13746a1
SEL751.pcap,0,381,383,1,1,54,54,first_segment_only,cbf83e487b503e85,cbf83e487b503e85
SEL751.pcap,0,385,387,1,1,54,54,first_segment_only,17972b847125116f,17972b847125116f
SEL751.pcap,0,389,391,1,1,54,54,first_segment_only,8237c5b85be4765a,8237c5b85be4765a
SEL751.pcap,0,393,395,1,1,54,54,first_segment_only,b9f9f96442551181,b9f9f96442551181
SEL751.pcap,0,397,399,1,1,37,37,first_segment_only,9000176ee0c2a16c,9000176ee0c2a16c
SEL751.pcap,0,401,403,1,1,37,37,first_segment_only,d7f5c14fa03859e7,d7f5c14fa03859e7
SEL751.pcap,0,405,407,1,1,37,37,first_segment_only,d0276fdda8995a55,d0276fdda8995a55
SEL751.pcap,0,409,411,1,1,37,37,first_segment_only,9f3379a2c99a70f0,9f3379a2c99a70f0
SEL751.pcap,0,413,415,1,1,37,37,first_segment_only,6ff2d58ee16b5f98,6ff2d58ee16b5f98
SEL751.pcap,0,417,419,1,1,37,37,first_segment_only,bb65828610e476c2,bb65828610e476c2
SEL751.pcap,0,421,423,1,1,37,37,first_segment_only,57088f2b347d4931,57088f2b347d4931
SEL751.pcap,0,425,427,1,1,37,37,first_segment_only,cbdaa6da2a1eb839,cbdaa6da2a1eb839
SEL751.pcap,0,429,431,1,1,37,37,first_segment_only,df91c05a677580e0,df91c05a677580e0
SEL751.pcap,0,433,435,1,1,37,37,first_segment_only,fb3c783d2a8f2d01,fb3c783d2a8f2d01
SEL751.pcap,0,437,439,1,1,37,37,first_segment_only,b527ce24cf106bd5,b527ce24cf106bd5
SEL751.pcap,0,441,443,1,1,37,37,first_segment_only,cc9b649923f2efc4,cc9b649923f2efc4
SEL751.pcap,0,445,447,1,1,37,37,first_segment_only,a09cfa6f92193a59,a09cfa6f92193a59
SEL751.pcap,0,449,451,1,1,37,37,first_segment_only,7054154bf379d73d,7054154bf379d73d
SEL751.pcap,0,453,455,1,1,37,37,first_segment_only,d00af4a75c8ba32e,d00af4a75c8ba32e
SEL751.pcap,0,457,459,1,1,37,37,first_segment_only,fd81b34e86538112,fd81b34e86538112
SEL751.pcap,0,461,463,1,1,37,37,first_segment_only,dc5abd6dcb60cc9d,dc5abd6dcb60cc9d
SEL751.pcap,0,465,467,1,1,37,37,first_segment_only,838316bd986482fd,838316bd986482fd
SEL751.pcap,0,469,471,1,1,37,37,first_segment_only,a105c1f76ea68890,a105c1f76ea68890
SEL751.pcap,0,473,475,1,1,37,37,first_segment_only,2d38d2b0d5c6c95d,2d38d2b0d5c6c95d
SEL751.pcap,0,477,479,1,1,37,37,first_segment_only,99fe6d6f92a33148,99fe6d6f92a33148
SEL751L.pcap,0,4,6,1,1,54,54,first_segment_only,dba42f8a6f724753,dba42f8a6f724753
SEL751L.pcap,0,8,10,1,1,54,54,first_segment_only,598f5bdb8f420376,598f5bdb8f420376
SEL751L.pcap,0,12,14,1,1,54,54,first_segment_only,41dbccafa560faec,41dbccafa560faec
SEL751L.pcap,0,16,18,1,1,54,54,first_segment_only,5f96b41781c11880,5f96b41781c11880
SEL751L.pcap,0,20,22,1,1,54,54,first_segment_only,d12c85666849bb78,d12c85666849bb78
SEL751L.pcap,0,24,26,1,1,54,54,first_segment_only,954679d0650fb46d,954679d0650fb46d
SEL751L.pcap,0,28,30,1,1,54,54,first_segment_only,b4ff74434bcf8331,b4ff74434bcf8331
SEL751L.pcap,0,32,34,1,1,54,54,first_segment_only,0f9088fd8be02cfc,0f9088fd8be02cfc
SEL751L.pcap,0,36,38,1,1,54,54,first_segment_only,f3a5580677105191,f3a5580677105191
SEL751L.pcap,0,40,42,1,1,54,54,first_segment_only,cdcf92002c101c09,cdcf92002c101c09
SEL751L.pcap,0,44,46,1,1,54,54,first_segment_only,f2aa3405f976920b,f2aa3405f976920b
SEL751L.pcap,0,48,50,1,1,54,54,first_segment_only,4b69646558f2a58b,4b69646558f2a58b
SEL751L.pcap,0,52,54,1,1,54,54,first_segment_only,295d55330c9b4be9,295d55330c9b4be9
SEL751L.pcap,0,56,58,1,1,54,54,first_segment_only,dcdf51d96e66e8e1,dcdf51d96e66e8e1
SEL751L.pcap,0,60,62,1,1,54,54,first_segment_only,e9dfb3cdff1e0243,e9dfb3cdff1e0243
SEL751L.pcap,0,64,66,1,1,54,54,first_segment_only,7e71271a2d02503e,7e71271a2d02503e
SEL751L.pcap,0,68,70,1,1,54,54,first_segment_only,b992d43ec6e4ef49,b992d43ec6e4ef49
SEL751L.pcap,0,72,74,1,1,54,54,first_segment_only,36fa56ebcd0b5cd2,36fa56ebcd0b5cd2
SEL751L.pcap,0,76,78,1,1,54,54,first_segment_only,be7f92131ed594d5,be7f92131ed594d5
SEL751L.pcap,0,80,82,1,1,54,54,first_segment_only,ec0f04d6479fe1cf,ec0f04d6479fe1cf
SEL751L.pcap,0,84,86,1,1,54,54,first_segment_only,dabcfda4cebf5c6b,dabcfda4cebf5c6b
SEL751L.pcap,0,88,90,1,1,54,54,first_segment_only,ae3272338d946e9b,ae3272338d946e9b
SEL751L.pcap,0,92,94,1,1,54,54,first_segment_only,7c6bddb69dfb46b4,7c6bddb69dfb46b4
SEL751L.pcap,0,96,98,1,1,54,54,first_segment_only,dfd46fbc756c24c6,dfd46fbc756c24c6
SEL751L.pcap,0,100,102,1,1,54,54,first_segment_only,ec6bbaa66eb53a07,ec6bbaa66eb53a07
SEL751L.pcap,0,104,106,1,1,54,54,first_segment_only,a51827f8976a382c,a51827f8976a382c
SEL751L.pcap,0,108,110,1,1,54,54,first_segment_only,f9cb2ea0811ce089,f9cb2ea0811ce089
SEL751L.pcap,0,112,114,1,1,54,54,first_segment_only,334b94baac5a2397,334b94baac5a2397
SEL751L.pcap,0,116,118,1,1,54,54,first_segment_only,14c189f29b886b9c,14c189f29b886b9c
SEL751L.pcap,0,120,122,1,1,54,54,first_segment_only,6f440b3fa8b50df2,6f440b3fa8b50df2
SEL751L.pcap,0,124,126,1,1,54,54,first_segment_only,e139a3c4b6611b7c,e139a3c4b6611b7c
SEL751L.pcap,0,128,130,1,1,54,54,first_segment_only,95f0f32be0b794b7,95f0f32be0b794b7
SEL751L.pcap,0,132,134,1,1,54,54,first_segment_only,93f73d2e04a6c4b0,93f73d2e04a6c4b0
SEL751L.pcap,0,136,138,1,1,54,54,first_segment_only,d790be7971edb5c4,d790be7971edb5c4
SEL751L.pcap,0,140,142,1,1,54,54,first_segment_only,3e5b0d3472f9ed0f,3e5b0d3472f9ed0f
SEL751L.pcap,0,144,146,1,1,54,54,first_segment_only,c4e296f178f6a4bb,c4e296f178f6a4bb
SEL751L.pcap,0,148,150,1,1,54,54,first_segment_only,5687854e7764a46c,5687854e7764a46c
SEL751L.pcap,0,152,154,1,1,54,54,first_segment_only,6ce01fcc190788e3,6ce01fcc190788e3
SEL751L.pcap,0,156,158,1,1,54,54,first_segment_only,ab840eb35647949d,ab840eb35647949d
SEL751L.pcap,0,160,162,1,1,54,54,first_segment_only,e0d726a1cb72a96a,e0d726a1cb72a96a
SEL751L.pcap,0,164,166,1,1,54,54,first_segment_only,96a15cb23280f6d5,96a15cb23280f6d5
SEL751L.pcap,0,168,170,1,1,54,54,first_segment_only,23283eb80911cdf2,23283eb80911cdf2
SEL751L.pcap,0,172,174,1,1,54,54,first_segment_only,4f67f3e80e5c9a0e,4f67f3e80e5c9a0e
SEL751L.pcap,0,176,178,1,1,54,54,first_segment_only,e53a8065e857761a,e53a8065e857761a
SEL751L.pcap,0,180,182,1,1,54,54,first_segment_only,7646a0a62beb00b3,7646a0a62beb00b3
SEL751L.pcap,0,184,186,1,1,54,54,first_segment_only,7c15ed0d1c333214,7c15ed0d1c333214
SEL751L.pcap,0,188,190,1,1,54,54,first_segment_only,cdf55c05c6f45b00,cdf55c05c6f45b00
SEL751L.pcap,0,192,194,1,1,54,54,first_segment_only,8947b13bf5117ea3,8947b13bf5117ea3
SEL751L.pcap,0,196,198,1,1,54,54,first_segment_only,e3904f916fac81fa,e3904f916fac81fa
SEL751L.pcap,0,200,202,1,1,54,54,first_segment_only,0a269c5054a991fa,0a269c5054a991fa
SEL751L.pcap,0,204,206,1,1,54,54,first_segment_only,19256d66988cbbff,19256d66988cbbff
SEL751L.pcap,0,208,210,1,1,54,54,first_segment_only,f1ccfb25ac0d7ea9,f1ccfb25ac0d7ea9
SEL751L.pcap,0,212,214,1,1,54,54,first_segment_only,4d259dae298bda2a,4d259dae298bda2a
SEL751L.pcap,0,216,218,1,1,54,54,first_segment_only,ddc82524585d49df,ddc82524585d49df
SEL751L.pcap,0,220,222,1,1,54,54,first_segment_only,76792c3bf77a2c84,76792c3bf77a2c84
SEL751L.pcap,0,224,226,1,1,54,54,first_segment_only,1b9a0eec958229c1,1b9a0eec958229c1
SEL751L.pcap,0,228,230,1,1,54,54,first_segment_only,d1c9b529840a0396,d1c9b529840a0396
SEL751L.pcap,0,232,234,1,1,54,54,first_segment_only,2f97b6c522b1cc80,2f97b6c522b1cc80
SEL751L.pcap,0,236,238,1,1,54,54,first_segment_only,fdf2fe87c8c1fd5c,fdf2fe87c8c1fd5c
SEL751L.pcap,0,240,242,1,1,54,54,first_segment_only,cc9abe269067d696,cc9abe269067d696
SEL751L.pcap,0,244,246,1,1,54,54,first_segment_only,319057b9e8ffb0df,319057b9e8ffb0df
SEL751L.pcap,0,248,250,1,1,54,54,first_segment_only,f8484de55bb63450,f8484de55bb63450
SEL751L.pcap,0,252,254,1,1,54,54,first_segment_only,6e8de4464e25867b,6e8de4464e25867b
SEL751L.pcap,0,256,258,1,1,54,54,first_segment_only,00e0231be92ca596,00e0231be92ca596
SEL751L.pcap,0,260,262,1,1,54,54,first_segment_only,51ce8cc713abc30b,51ce8cc713abc30b
SEL751L.pcap,0,264,266,1,1,54,54,first_segment_only,2a43ba76ddddf81a,2a43ba76ddddf81a
SEL751L.pcap,0,268,270,1,1,54,54,first_segment_only,8d09a587ceecc41f,8d09a587ceecc41f
SEL751L.pcap,0,272,274,1,1,54,54,first_segment_only,62baaef2782e8fb7,62baaef2782e8fb7
SEL751L.pcap,0,276,278,1,1,54,54,first_segment_only,3759e483a4b734d4,3759e483a4b734d4
SEL751L.pcap,0,280,282,1,1,54,54,first_segment_only,ace0f3b192bfcd03,ace0f3b192bfcd03
SEL751L.pcap,0,284,286,1,1,54,54,first_segment_only,ea7c9d2af5fb2567,ea7c9d2af5fb2567
SEL751L.pcap,0,288,290,1,1,54,54,first_segment_only,5199f1a29e637d05,5199f1a29e637d05
SEL751L.pcap,0,292,294,1,1,54,54,first_segment_only,2e820ea0e925589c,2e820ea0e925589c
SEL751L.pcap,0,296,298,1,1,54,54,first_segment_only,663a39b77588c122,663a39b77588c122
SEL751L.pcap,0,300,302,1,1,54,54,first_segment_only,9d0f7ffc449659e1,9d0f7ffc449659e1
SEL751L.pcap,0,304,306,1,1,54,54,first_segment_only,8e8a26d3affacd1e,8e8a26d3affacd1e
SEL751L.pcap,0,308,310,1,1,54,54,first_segment_only,d2c3bc5437d44484,d2c3bc5437d44484
SEL751L.pcap,0,312,314,1,1,54,54,first_segment_only,931113a34080b85b,931113a34080b85b
SEL751L.pcap,0,316,318,1,1,54,54,first_segment_only,b8938ac656087638,b8938ac656087638
SEL751L.pcap,0,320,322,1,1,54,54,first_segment_only,57694546e43ac8b2,57694546e43ac8b2
SEL751L.pcap,0,324,326,1,1,54,54,first_segment_only,4719a71a8f906bb4,4719a71a8f906bb4
SEL751L.pcap,0,328,330,1,1,54,54,first_segment_only,fc192a0aa308ec1f,fc192a0aa308ec1f
SEL751L.pcap,0,332,334,1,1,54,54,first_segment_only,3ee30bcfd6dff15d,3ee30bcfd6dff15d
SEL751L.pcap,0,336,338,1,1,54,54,first_segment_only,8143f3cfe924e2ec,8143f3cfe924e2ec
SEL751L.pcap,0,340,342,1,1,54,54,first_segment_only,ebe9d4c1633c9c05,ebe9d4c1633c9c05
SEL751L.pcap,0,344,346,1,1,54,54,first_segment_only,fbd8c6aa5fcc3419,fbd8c6aa5fcc3419
SEL751L.pcap,0,348,350,1,1,54,54,first_segment_only,383471297c17d0be,383471297c17d0be
SEL751L.pcap,0,352,354,1,1,54,54,first_segment_only,52871f0b63539794,52871f0b63539794
SEL751L.pcap,0,356,358,1,1,54,54,first_segment_only,73d868a9e982f231,73d868a9e982f231
SEL751L.pcap,0,360,362,1,1,54,54,first_segment_only,ec97836d2c653cae,ec97836d2c653cae
SEL751L.pcap,0,364,366,1,1,54,54,first_segment_only,0db935fb1dd19131,0db935fb1dd19131
SEL751L.pcap,0,368,370,1,1,54,54,first_segment_only,9b0c53297229cbb7,9b0c53297229cbb7
SEL751L.pcap,0,372,374,1,1,54,54,first_segment_only,e5f8d4758ed5c70c,e5f8d4758ed5c70c
SEL751L.pcap,0,376,378,1,1,54,54,first_segment_only,b3509f3a2507bb04,b3509f3a2507bb04
SEL751L.pcap,0,380,382,1,1,54,54,first_segment_only,b4b430686ae0db02,b4b430686ae0db02
SEL751L.pcap,0,384,386,1,1,54,54,first_segment_only,3da64b2066a589c4,3da64b2066a589c4
SEL751L.pcap,0,388,390,1,1,54,54,first_segment_only,655b347ba36dd5a4,655b347ba36dd5a4
SEL751L.pcap,0,392,394,1,1,54,54,first_segment_only,23633c14551f2849,23633c14551f2849
SEL751L.pcap,0,396,398,1,1,54,54,first_segment_only,3fdceee8ae7b6799,3fdceee8ae7b6799
SEL751L.pcap,0,400,402,1,1,54,54,first_segment_only,8667d567eefbe6fb,8667d567eefbe6fb
SEL751L.pcap,0,404,406,1,1,54,54,first_segment_only,72b13d1ebe195f84,72b13d1ebe195f84
SEL751L.pcap,0,408,410,1,1,54,54,first_segment_only,69cf17ec667f6ebe,69cf17ec667f6ebe
SEL751L.pcap,0,412,414,1,1,54,54,first_segment_only,8e1956cac176c9a0,8e1956cac176c9a0
SEL751L.pcap,0,416,418,1,1,54,54,first_segment_only,81099b668ea57280,81099b668ea57280
SEL751L.pcap,0,420,422,1,1,54,54,first_segment_only,7534a124d1c0fd93,7534a124d1c0fd93
SEL751L.pcap,0,424,426,1,1,54,54,first_segment_only,ba8fad868c41466a,ba8fad868c41466a
SEL751L.pcap,0,428,430,1,1,54,54,first_segment_only,d198a8cace58ffb5,d198a8cace58ffb5
SEL751L.pcap,0,432,434,1,1,54,54,first_segment_only,06af3cbd4756e3a2,06af3cbd4756e3a2
SEL751L.pcap,0,436,438,1,1,54,54,first_segment_only,0ffc264799251d8d,0ffc264799251d8d
SEL751L.pcap,0,440,442,1,1,54,54,first_segment_only,685db3230b17dda0,685db3230b17dda0
SEL751L.pcap,0,444,446,1,1,54,54,first_segment_only,afe23b4b76b5e518,afe23b4b76b5e518
SEL751L.pcap,0,448,450,1,1,54,54,first_segment_only,f32fa9ede1393ac7,f32fa9ede1393ac7
SEL751L.pcap,0,452,454,1,1,54,54,first_segment_only,59f0dfb9c64a9316,59f0dfb9c64a9316
SEL751L.pcap,0,456,458,1,1,54,54,first_segment_only,20e34c2b2cbd8df6,20e34c2b2cbd8df6
SEL751L.pcap,0,460,462,1,1,54,54,first_segment_only,e2c0b900d51f822b,e2c0b900d51f822b
SEL751L.pcap,0,464,466,1,1,54,54,first_segment_only,a9bb4702386fbac2,a9bb4702386fbac2
SEL751L.pcap,0,468,470,1,1,54,54,first_segment_only,d2cd708be96bc7cb,d2cd708be96bc7cb
SEL751L.pcap,0,472,474,1,1,54,54,first_segment_only,11b0e424d3535240,11b0e424d3535240
SEL751L.pcap,0,476,478,1,1,54,54,first_segment_only,b2c2a159fa0d9c3b,b2c2a159fa0d9c3b
SEL751L.pcap,0,480,482,1,1,54,54,first_segment_only,0635a773416eae6a,0635a773416eae6a
AB1400.pcap,0,4,5,1,1,54,54,first_segment_only,967e17aa6e0a17b8,967e17aa6e0a17b8
AB1400.pcap,0,7,8,1,1,54,54,first_segment_only,5705fba6f0a02608,5705fba6f0a02608
AB1400.pcap,0,10,11,1,1,54,54,first_segment_only,fcd726d853ca202c,fcd726d853ca202c
AB1400.pcap,0,13,14,1,1,54,54,first_segment_only,9399d3ff5581a22e,9399d3ff5581a22e
AB1400.pcap,0,16,17,1,1,54,54,first_segment_only,829141a8806e954f,829141a8806e954f
AB1400.pcap,0,19,20,1,1,54,54,first_segment_only,d40c37e87ff9c866,d40c37e87ff9c866
AB1400.pcap,0,22,23,1,1,54,54,first_segment_only,deb7db25e353838f,deb7db25e353838f
AB1400.pcap,0,25,26,1,1,54,54,first_segment_only,ec7e047b98ad7a19,ec7e047b98ad7a19
AB1400.pcap,0,28,29,1,1,54,54,first_segment_only,eb9768743d90ca5e,eb9768743d90ca5e
AB1400.pcap,0,31,32,1,1,54,54,first_segment_only,836b0aac596b58d4,836b0aac596b58d4
AB1400.pcap,0,34,35,1,1,54,54,first_segment_only,71e17528e93882cd,71e17528e93882cd
AB1400.pcap,0,37,38,1,1,54,54,first_segment_only,5b7e1cedc73c9e5b,5b7e1cedc73c9e5b
AB1400.pcap,0,40,41,1,1,54,54,first_segment_only,8a8314f85d87b09b,8a8314f85d87b09b
AB1400.pcap,0,43,44,1,1,54,54,first_segment_only,1a149641e9798514,1a149641e9798514
AB1400.pcap,0,46,47,1,1,54,54,first_segment_only,b065aadec6de781f,b065aadec6de781f
AB1400.pcap,0,49,50,1,1,54,54,first_segment_only,78888919d08566c1,78888919d08566c1
AB1400.pcap,0,52,53,1,1,54,54,first_segment_only,4fb4c67784fa60d3,4fb4c67784fa60d3
AB1400.pcap,0,55,56,1,1,54,54,first_segment_only,69a2af4a455844b7,69a2af4a455844b7
AB1400.pcap,0,58,59,1,1,54,54,first_segment_only,03fd7149da34ea56,03fd7149da34ea56
AB1400.pcap,0,61,62,1,1,54,54,first_segment_only,6df32da7f980ab5f,6df32da7f980ab5f
AB1400.pcap,0,64,65,1,1,54,54,first_segment_only,28f1b2a48393c754,28f1b2a48393c754
AB1400.pcap,0,67,68,1,1,54,54,first_segment_only,71e0eafafea74cc7,71e0eafafea74cc7
AB1400.pcap,0,70,71,1,1,54,54,first_segment_only,fe615309beaa1e02,fe615309beaa1e02
AB1400.pcap,0,73,74,1,1,54,54,first_segment_only,c668fd0e4cb1eb87,c668fd0e4cb1eb87
AB1400.pcap,0,76,77,1,1,54,54,first_segment_only,099248812540cbbe,099248812540cbbe
AB1400.pcap,0,79,80,1,1,54,54,first_segment_only,d9d38a6188837ee0,d9d38a6188837ee0
AB1400.pcap,0,82,83,1,1,54,54,first_segment_only,6da0a717d64f354d,6da0a717d64f354d
AB1400.pcap,0,85,86,1,1,54,54,first_segment_only,683e59569087af89,683e59569087af89
AB1400.pcap,0,88,89,1,1,54,54,first_segment_only,564297de75dbe6dc,564297de75dbe6dc
AB1400.pcap,0,91,92,1,1,54,54,first_segment_only,962b044df590ee49,962b044df590ee49
AB1400.pcap,0,94,95,1,1,54,54,first_segment_only,1d10afb98d1a5bc8,1d10afb98d1a5bc8
AB1400.pcap,0,97,98,1,1,54,54,first_segment_only,9b4395c8ab059572,9b4395c8ab059572
AB1400.pcap,0,100,101,1,1,54,54,first_segment_only,f7960d19e64a917a,f7960d19e64a917a
AB1400.pcap,0,103,104,1,1,54,54,first_segment_only,08e88030c6a6065b,08e88030c6a6065b
AB1400.pcap,0,106,107,1,1,54,54,first_segment_only,02b94e062be2016e,02b94e062be2016e
AB1400.pcap,0,109,110,1,1,54,54,first_segment_only,460881e8d113d204,460881e8d113d204
AB1400.pcap,0,112,113,1,1,54,54,first_segment_only,38a037c445e512dc,38a037c445e512dc
AB1400.pcap,0,115,116,1,1,54,54,first_segment_only,a24752dd166bf7c0,a24752dd166bf7c0
AB1400.pcap,0,118,119,1,1,54,54,first_segment_only,0d98302b274a3d89,0d98302b274a3d89
AB1400.pcap,0,121,122,1,1,54,54,first_segment_only,e4c9149a3cc3ae33,e4c9149a3cc3ae33
AB1400.pcap,0,124,125,1,1,54,54,first_segment_only,d531bef08f4d60c7,d531bef08f4d60c7
AB1400.pcap,0,127,128,1,1,54,54,first_segment_only,69dd03bc855173ba,69dd03bc855173ba
AB1400.pcap,0,130,131,1,1,54,54,first_segment_only,aa086f196c8c8245,aa086f196c8c8245
AB1400.pcap,0,133,134,1,1,54,54,first_segment_only,2d46d645130f9f8a,2d46d645130f9f8a
AB1400.pcap,0,136,137,1,1,54,54,first_segment_only,cdc1e2c55d6e4688,cdc1e2c55d6e4688
AB1400.pcap,0,139,140,1,1,54,54,first_segment_only,cc917fc954d54ce0,cc917fc954d54ce0
AB1400.pcap,0,142,143,1,1,54,54,first_segment_only,2ee942005068ef38,2ee942005068ef38
AB1400.pcap,0,145,146,1,1,54,54,first_segment_only,711d55f073e9de29,711d55f073e9de29
AB1400.pcap,0,148,149,1,1,54,54,first_segment_only,329c8176dacb8344,329c8176dacb8344
AB1400.pcap,0,151,152,1,1,54,54,first_segment_only,394183b92687d57c,394183b92687d57c
AB1400.pcap,0,154,155,1,1,54,54,first_segment_only,130632d83a1875c5,130632d83a1875c5
AB1400.pcap,0,157,158,1,1,54,54,first_segment_only,932af980e094d9f6,932af980e094d9f6
AB1400.pcap,0,160,161,1,1,54,54,first_segment_only,bccb29dcc23a3f90,bccb29dcc23a3f90
AB1400.pcap,0,163,164,1,1,54,54,first_segment_only,dac76d6e210c11c4,dac76d6e210c11c4
AB1400.pcap,0,166,167,1,1,54,54,first_segment_only,626be3bd51508219,626be3bd51508219
AB1400.pcap,0,169,170,1,1,54,54,first_segment_only,1fe32e78c0430d7b,1fe32e78c0430d7b
AB1400.pcap,0,172,173,1,1,54,54,first_segment_only,c9775dc4415e5eae,c9775dc4415e5eae
AB1400.pcap,0,175,176,1,1,54,54,first_segment_only,7e41419d276aff49,7e41419d276aff49
AB1400.pcap,0,178,179,1,1,54,54,first_segment_only,58561be55d83fdb1,58561be55d83fdb1
AB1400.pcap,0,181,182,1,1,54,54,first_segment_only,48830ddf0d754b19,48830ddf0d754b19
AB1400.pcap,0,184,185,1,1,54,54,first_segment_only,2dafcd03d33a8dae,2dafcd03d33a8dae
AB1400.pcap,0,187,188,1,1,54,54,first_segment_only,9082d0e825e1c53c,9082d0e825e1c53c
AB1400.pcap,0,190,191,1,1,54,54,first_segment_only,ed76c7eb267d5194,ed76c7eb267d5194
AB1400.pcap,0,193,194,1,1,54,54,first_segment_only,aa610a2c34746af1,aa610a2c34746af1
AB1400.pcap,0,196,197,1,1,54,54,first_segment_only,967e17aa6e0a17b8,967e17aa6e0a17b8
AB1400.pcap,0,199,200,1,1,54,54,first_segment_only,5705fba6f0a02608,5705fba6f0a02608
AB1400.pcap,0,202,203,1,1,54,54,first_segment_only,fcd726d853ca202c,fcd726d853ca202c
AB1400.pcap,0,205,206,1,1,54,54,first_segment_only,9399d3ff5581a22e,9399d3ff5581a22e
AB1400.pcap,0,208,209,1,1,54,54,first_segment_only,829141a8806e954f,829141a8806e954f
AB1400.pcap,0,211,212,1,1,54,54,first_segment_only,d40c37e87ff9c866,d40c37e87ff9c866
AB1400.pcap,0,214,215,1,1,54,54,first_segment_only,deb7db25e353838f,deb7db25e353838f
AB1400.pcap,0,217,218,1,1,54,54,first_segment_only,ec7e047b98ad7a19,ec7e047b98ad7a19
AB1400.pcap,0,220,221,1,1,54,54,first_segment_only,eb9768743d90ca5e,eb9768743d90ca5e
AB1400.pcap,0,223,224,1,1,54,54,first_segment_only,836b0aac596b58d4,836b0aac596b58d4
AB1400.pcap,0,226,227,1,1,54,54,first_segment_only,71e17528e93882cd,71e17528e93882cd
AB1400.pcap,0,229,230,1,1,54,54,first_segment_only,5b7e1cedc73c9e5b,5b7e1cedc73c9e5b
AB1400.pcap,0,232,233,1,1,54,54,first_segment_only,8a8314f85d87b09b,8a8314f85d87b09b
AB1400.pcap,0,235,236,1,1,54,54,first_segment_only,1a149641e9798514,1a149641e9798514
AB1400.pcap,0,238,239,1,1,54,54,first_segment_only,b065aadec6de781f,b065aadec6de781f
AB1400.pcap,0,241,242,1,1,54,54,first_segment_only,78888919d08566c1,78888919d08566c1
AB1400.pcap,0,244,245,1,1,54,54,first_segment_only,4fb4c67784fa60d3,4fb4c67784fa60d3
AB1400.pcap,0,247,248,1,1,54,54,first_segment_only,69a2af4a455844b7,69a2af4a455844b7
AB1400.pcap,0,250,251,1,1,54,54,first_segment_only,03fd7149da34ea56,03fd7149da34ea56
AB1400.pcap,0,253,254,1,1,54,54,first_segment_only,6df32da7f980ab5f,6df32da7f980ab5f
AB1400.pcap,0,256,257,1,1,54,54,first_segment_only,28f1b2a48393c754,28f1b2a48393c754
AB1400.pcap,0,259,260,1,1,54,54,first_segment_only,71e0eafafea74cc7,71e0eafafea74cc7
AB1400.pcap,0,262,263,1,1,54,54,first_segment_only,fe615309beaa1e02,fe615309beaa1e02
AB1400.pcap,0,265,266,1,1,54,54,first_segment_only,c668fd0e4cb1eb87,c668fd0e4cb1eb87
AB1400.pcap,0,268,269,1,1,54,54,first_segment_only,099248812540cbbe,099248812540cbbe
AB1400.pcap,0,271,272,1,1,54,54,first_segment_only,d9d38a6188837ee0,d9d38a6188837ee0
AB1400.pcap,0,274,275,1,1,54,54,first_segment_only,6da0a717d64f354d,6da0a717d64f354d
AB1400.pcap,0,277,278,1,1,54,54,first_segment_only,683e59569087af89,683e59569087af89
AB1400.pcap,0,280,281,1,1,54,54,first_segment_only,564297de75dbe6dc,564297de75dbe6dc
AB1400.pcap,0,283,284,1,1,54,54,first_segment_only,962b044df590ee49,962b044df590ee49
AB1400.pcap,0,286,287,1,1,54,54,first_segment_only,1d10afb98d1a5bc8,1d10afb98d1a5bc8
AB1400.pcap,0,289,290,1,1,54,54,first_segment_only,9b4395c8ab059572,9b4395c8ab059572
AB1400.pcap,0,292,293,1,1,54,54,first_segment_only,f7960d19e64a917a,f7960d19e64a917a
AB1400.pcap,0,295,296,1,1,54,54,first_segment_only,08e88030c6a6065b,08e88030c6a6065b
AB1400.pcap,0,298,299,1,1,54,54,first_segment_only,02b94e062be2016e,02b94e062be2016e
AB1400.pcap,0,301,302,1,1,54,54,first_segment_only,460881e8d113d204,460881e8d113d204
AB1400.pcap,0,304,305,1,1,54,54,first_segment_only,38a037c445e512dc,38a037c445e512dc
AB1400.pcap,0,307,308,1,1,54,54,first_segment_only,a24752dd166bf7c0,a24752dd166bf7c0
AB1400.pcap,0,310,311,1,1,54,54,first_segment_only,0d98302b274a3d89,0d98302b274a3d89
AB1400.pcap,0,313,314,1,1,54,54,first_segment_only,e4c9149a3cc3ae33,e4c9149a3cc3ae33
AB1400.pcap,0,316,317,1,1,54,54,first_segment_only,d531bef08f4d60c7,d531bef08f4d60c7
AB1400.pcap,0,319,320,1,1,54,54,first_segment_only,69dd03bc855173ba,69dd03bc855173ba
AB1400.pcap,0,322,323,1,1,54,54,first_segment_only,aa086f196c8c8245,aa086f196c8c8245
AB1400.pcap,0,325,326,1,1,54,54,first_segment_only,2d46d645130f9f8a,2d46d645130f9f8a
AB1400.pcap,0,328,329,1,1,54,54,first_segment_only,cdc1e2c55d6e4688,cdc1e2c55d6e4688
AB1400.pcap,0,331,332,1,1,54,54,first_segment_only,cc917fc954d54ce0,cc917fc954d54ce0
AB1400.pcap,0,334,335,1,1,54,54,first_segment_only,2ee942005068ef38,2ee942005068ef38
AB1400.pcap,0,337,338,1,1,54,54,first_segment_only,711d55f073e9de29,711d55f073e9de29
AB1400.pcap,0,340,341,1,1,54,54,first_segment_only,329c8176dacb8344,329c8176dacb8344
AB1400.pcap,0,343,344,1,1,54,54,first_segment_only,394183b92687d57c,394183b92687d57c
AB1400.pcap,0,346,347,1,1,54,54,first_segment_only,130632d83a1875c5,130632d83a1875c5
AB1400.pcap,0,349,350,1,1,54,54,first_segment_only,932af980e094d9f6,932af980e094d9f6
AB1400.pcap,0,352,353,1,1,54,54,first_segment_only,bccb29dcc23a3f90,bccb29dcc23a3f90
AB1400.pcap,0,355,356,1,1,54,54,first_segment_only,dac76d6e210c11c4,dac76d6e210c11c4
AB1400.pcap,0,358,359,1,1,54,54,first_segment_only,626be3bd51508219,626be3bd51508219
AB1400.pcap,0,361,362,1,1,54,54,first_segment_only,1fe32e78c0430d7b,1fe32e78c0430d7b
AB1400L.pcap,0,4,5,1,1,54,54,first_segment_only,0f3693327e1900a0,0f3693327e1900a0
AB1400L.pcap,0,7,8,1,1,54,54,first_segment_only,b9ec1a2a554637e8,b9ec1a2a554637e8
AB1400L.pcap,0,10,11,1,1,54,54,first_segment_only,406c6fe69bc5e801,406c6fe69bc5e801
AB1400L.pcap,0,13,14,1,1,54,54,first_segment_only,30b3a756bdcb31f3,30b3a756bdcb31f3
AB1400L.pcap,0,16,17,1,1,54,54,first_segment_only,b6fd0c3ddd8de7ee,b6fd0c3ddd8de7ee
AB1400L.pcap,0,19,20,1,1,54,54,first_segment_only,51094445a848679b,51094445a848679b
AB1400L.pcap,0,22,23,1,1,54,54,first_segment_only,5affcccff7a16ebe,5affcccff7a16ebe
AB1400L.pcap,0,25,26,1,1,54,54,first_segment_only,1b89ee99aff5d997,1b89ee99aff5d997
AB1400L.pcap,0,28,29,1,1,54,54,first_segment_only,0bd4ff934182b206,0bd4ff934182b206
AB1400L.pcap,0,31,32,1,1,54,54,first_segment_only,6453b595d8b8ea7a,6453b595d8b8ea7a
AB1400L.pcap,0,34,35,1,1,54,54,first_segment_only,a0b31c66c1959272,a0b31c66c1959272
AB1400L.pcap,0,37,38,1,1,54,54,first_segment_only,0c08fc70c7068978,0c08fc70c7068978
AB1400L.pcap,0,40,41,1,1,54,54,first_segment_only,2c93935ecb5e834e,2c93935ecb5e834e
AB1400L.pcap,0,43,44,1,1,54,54,first_segment_only,c26b6f92d68fb706,c26b6f92d68fb706
AB1400L.pcap,0,46,47,1,1,54,54,first_segment_only,6afaef8da5b4d1a8,6afaef8da5b4d1a8
AB1400L.pcap,0,49,50,1,1,54,54,first_segment_only,24cebcbb276adad5,24cebcbb276adad5
AB1400L.pcap,0,52,53,1,1,54,54,first_segment_only,afaf416edfcf1035,afaf416edfcf1035
AB1400L.pcap,0,55,56,1,1,54,54,first_segment_only,328818c56e2b2f51,328818c56e2b2f51
AB1400L.pcap,0,58,59,1,1,54,54,first_segment_only,03c255d9f9802836,03c255d9f9802836
AB1400L.pcap,0,61,62,1,1,54,54,first_segment_only,d8ff40b174f594d4,d8ff40b174f594d4
AB1400L.pcap,0,64,65,1,1,54,54,first_segment_only,33d2569ac7ca2c59,33d2569ac7ca2c59
AB1400L.pcap,0,67,68,1,1,54,54,first_segment_only,4cdf9370fa53c5c7,4cdf9370fa53c5c7
AB1400L.pcap,0,70,71,1,1,54,54,first_segment_only,47df0df94eb58d56,47df0df94eb58d56
AB1400L.pcap,0,73,74,1,1,54,54,first_segment_only,afc367f167da719e,afc367f167da719e
AB1400L.pcap,0,76,77,1,1,54,54,first_segment_only,c28770ad1ed4ffa5,c28770ad1ed4ffa5
AB1400L.pcap,0,79,80,1,1,54,54,first_segment_only,ae7e0e46f2bfdb7b,ae7e0e46f2bfdb7b
AB1400L.pcap,0,82,83,1,1,54,54,first_segment_only,0d68289168d5c5d9,0d68289168d5c5d9
AB1400L.pcap,0,85,86,1,1,54,54,first_segment_only,864b73a39c1b29bb,864b73a39c1b29bb
AB1400L.pcap,0,88,89,1,1,54,54,first_segment_only,bfb52ab9d1001b18,bfb52ab9d1001b18
AB1400L.pcap,0,91,92,1,1,54,54,first_segment_only,98c9d2cb98ec899f,98c9d2cb98ec899f
AB1400L.pcap,0,94,95,1,1,54,54,first_segment_only,a8c686da54b3a87b,a8c686da54b3a87b
AB1400L.pcap,0,97,98,1,1,54,54,first_segment_only,9836ff0c1427e8f8,9836ff0c1427e8f8
AB1400L.pcap,0,100,101,1,1,54,54,first_segment_only,6f0806aeb73a8e89,6f0806aeb73a8e89
AB1400L.pcap,0,103,104,1,1,54,54,first_segment_only,7c951169fdf77107,7c951169fdf77107
AB1400L.pcap,0,106,107,1,1,54,54,first_segment_only,a138ff0662c4405d,a138ff0662c4405d
AB1400L.pcap,0,109,110,1,1,54,54,first_segment_only,60b65db2773516e6,60b65db2773516e6
AB1400L.pcap,0,112,113,1,1,54,54,first_segment_only,d3df44864378e177,d3df44864378e177
AB1400L.pcap,0,115,116,1,1,54,54,first_segment_only,c66f42cb04dd7c1c,c66f42cb04dd7c1c
AB1400L.pcap,0,118,119,1,1,54,54,first_segment_only,6ee2dff1879e1b0b,6ee2dff1879e1b0b
AB1400L.pcap,0,121,122,1,1,54,54,first_segment_only,ae32f1ae8bec2252,ae32f1ae8bec2252
AB1400L.pcap,0,124,125,1,1,54,54,first_segment_only,4726f1e77d6a327f,4726f1e77d6a327f
AB1400L.pcap,0,127,128,1,1,54,54,first_segment_only,dc4409f281fdd4db,dc4409f281fdd4db
AB1400L.pcap,0,130,131,1,1,54,54,first_segment_only,7d0b7d7f04683e27,7d0b7d7f04683e27
AB1400L.pcap,0,133,134,1,1,54,54,first_segment_only,4e23689b35640c28,4e23689b35640c28
AB1400L.pcap,0,136,137,1,1,54,54,first_segment_only,b9a0fe9c92c81865,b9a0fe9c92c81865
AB1400L.pcap,0,139,140,1,1,54,54,first_segment_only,b2c59dfd606fd189,b2c59dfd606fd189
AB1400L.pcap,0,142,143,1,1,54,54,first_segment_only,48d68efa58c6b536,48d68efa58c6b536
AB1400L.pcap,0,145,146,1,1,54,54,first_segment_only,dba8fc186241f8b3,dba8fc186241f8b3
AB1400L.pcap,0,148,149,1,1,54,54,first_segment_only,f67a32862d74f0e1,f67a32862d74f0e1
AB1400L.pcap,0,151,152,1,1,54,54,first_segment_only,80446748d48cfb0f,80446748d48cfb0f
AB1400L.pcap,0,154,155,1,1,54,54,first_segment_only,193b7e323eb3a5a6,193b7e323eb3a5a6
AB1400L.pcap,0,157,158,1,1,54,54,first_segment_only,a31bcc1b4b39e97c,a31bcc1b4b39e97c
AB1400L.pcap,0,160,161,1,1,54,54,first_segment_only,3e885a1f6b56b8c1,3e885a1f6b56b8c1
AB1400L.pcap,0,163,164,1,1,54,54,first_segment_only,b79fbdad15febf6f,b79fbdad15febf6f
AB1400L.pcap,0,166,167,1,1,54,54,first_segment_only,df3defc3b31d0b6a,df3defc3b31d0b6a
AB1400L.pcap,0,169,170,1,1,54,54,first_segment_only,cfbe9e1c4734f882,cfbe9e1c4734f882
AB1400L.pcap,0,172,173,1,1,54,54,first_segment_only,c4f6b1bd87a2fa1a,c4f6b1bd87a2fa1a
AB1400L.pcap,0,175,176,1,1,54,54,first_segment_only,3f2b6d4940dcfe8e,3f2b6d4940dcfe8e
AB1400L.pcap,0,178,179,1,1,54,54,first_segment_only,826077442b50cb9f,826077442b50cb9f
AB1400L.pcap,0,181,182,1,1,54,54,first_segment_only,cf8e0d9c5ced7fc6,cf8e0d9c5ced7fc6
AB1400L.pcap,0,184,185,1,1,54,54,first_segment_only,3447e2e7b3008728,3447e2e7b3008728
AB1400L.pcap,0,187,188,1,1,54,54,first_segment_only,0507cff6b901b0cc,0507cff6b901b0cc
AB1400L.pcap,0,190,191,1,1,54,54,first_segment_only,9095ed011d5a4b77,9095ed011d5a4b77
AB1400L.pcap,0,193,194,1,1,54,54,first_segment_only,d884b14294fee1ad,d884b14294fee1ad
AB1400L.pcap,0,196,197,1,1,54,54,first_segment_only,0f3693327e1900a0,0f3693327e1900a0
AB1400L.pcap,0,199,200,1,1,54,54,first_segment_only,b9ec1a2a554637e8,b9ec1a2a554637e8
AB1400L.pcap,0,202,203,1,1,54,54,first_segment_only,406c6fe69bc5e801,406c6fe69bc5e801
AB1400L.pcap,0,205,206,1,1,54,54,first_segment_only,30b3a756bdcb31f3,30b3a756bdcb31f3
AB1400L.pcap,0,208,209,1,1,54,54,first_segment_only,b6fd0c3ddd8de7ee,b6fd0c3ddd8de7ee
AB1400L.pcap,0,211,212,1,1,54,54,first_segment_only,51094445a848679b,51094445a848679b
AB1400L.pcap,0,214,215,1,1,54,54,first_segment_only,5affcccff7a16ebe,5affcccff7a16ebe
AB1400L.pcap,0,217,218,1,1,54,54,first_segment_only,1b89ee99aff5d997,1b89ee99aff5d997
AB1400L.pcap,0,220,221,1,1,54,54,first_segment_only,0bd4ff934182b206,0bd4ff934182b206
AB1400L.pcap,0,223,224,1,1,54,54,first_segment_only,6453b595d8b8ea7a,6453b595d8b8ea7a
AB1400L.pcap,0,226,227,1,1,54,54,first_segment_only,a0b31c66c1959272,a0b31c66c1959272
AB1400L.pcap,0,229,230,1,1,54,54,first_segment_only,0c08fc70c7068978,0c08fc70c7068978
AB1400L.pcap,0,232,233,1,1,54,54,first_segment_only,2c93935ecb5e834e,2c93935ecb5e834e
AB1400L.pcap,0,235,236,1,1,54,54,first_segment_only,c26b6f92d68fb706,c26b6f92d68fb706
AB1400L.pcap,0,238,239,1,1,54,54,first_segment_only,6afaef8da5b4d1a8,6afaef8da5b4d1a8
AB1400L.pcap,0,241,242,1,1,54,54,first_segment_only,24cebcbb276adad5,24cebcbb276adad5
AB1400L.pcap,0,244,245,1,1,54,54,first_segment_only,afaf416edfcf1035,afaf416edfcf1035
AB1400L.pcap,0,247,248,1,1,54,54,first_segment_only,328818c56e2b2f51,328818c56e2b2f51
AB1400L.pcap,0,250,251,1,1,54,54,first_segment_only,03c255d9f9802836,03c255d9f9802836
AB1400L.pcap,0,253,254,1,1,54,54,first_segment_only,d8ff40b174f594d4,d8ff40b174f594d4
AB1400L.pcap,0,256,257,1,1,54,54,first_segment_only,33d2569ac7ca2c59,33d2569ac7ca2c59
AB1400L.pcap,0,259,260,1,1,54,54,first_segment_only,4cdf9370fa53c5c7,4cdf9370fa53c5c7
AB1400L.pcap,0,262,263,1,1,54,54,first_segment_only,47df0df94eb58d56,47df0df94eb58d56
AB1400L.pcap,0,265,266,1,1,54,54,first_segment_only,afc367f167da719e,afc367f167da719e
AB1400L.pcap,0,268,269,1,1,54,54,first_segment_only,c28770ad1ed4ffa5,c28770ad1ed4ffa5
AB1400L.pcap,0,271,272,1,1,54,54,first_segment_only,ae7e0e46f2bfdb7b,ae7e0e46f2bfdb7b
AB1400L.pcap,0,274,275,1,1,54,54,first_segment_only,0d68289168d5c5d9,0d68289168d5c5d9
AB1400L.pcap,0,277,278,1,1,54,54,first_segment_only,864b73a39c1b29bb,864b73a39c1b29bb
AB1400L.pcap,0,280,281,1,1,54,54,first_segment_only,bfb52ab9d1001b18,bfb52ab9d1001b18
AB1400L.pcap,0,283,284,1,1,54,54,first_segment_only,98c9d2cb98ec899f,98c9d2cb98ec899f
AB1400L.pcap,0,286,287,1,1,54,54,first_segment_only,a8c686da54b3a87b,a8c686da54b3a87b
AB1400L.pcap,0,289,290,1,1,54,54,first_segment_only,9836ff0c1427e8f8,9836ff0c1427e8f8
AB1400L.pcap,0,292,293,1,1,54,54,first_segment_only,6f0806aeb73a8e89,6f0806aeb73a8e89
AB1400L.pcap,0,295,296,1,1,54,54,first_segment_only,7c951169fdf77107,7c951169fdf77107
AB1400L.pcap,0,298,299,1,1,54,54,first_segment_only,a138ff0662c4405d,a138ff0662c4405d
AB1400L.pcap,0,301,302,1,1,54,54,first_segment_only,60b65db2773516e6,60b65db2773516e6
AB1400L.pcap,0,304,305,1,1,54,54,first_segment_only,d3df44864378e177,d3df44864378e177
AB1400L.pcap,0,307,308,1,1,54,54,first_segment_only,c66f42cb04dd7c1c,c66f42cb04dd7c1c
AB1400L.pcap,0,310,311,1,1,54,54,first_segment_only,6ee2dff1879e1b0b,6ee2dff1879e1b0b
AB1400L.pcap,0,313,314,1,1,54,54,first_segment_only,ae32f1ae8bec2252,ae32f1ae8bec2252
AB1400L.pcap,0,316,317,1,1,54,54,first_segment_only,4726f1e77d6a327f,4726f1e77d6a327f
AB1400L.pcap,0,319,320,1,1,54,54,first_segment_only,dc4409f281fdd4db,dc4409f281fdd4db
AB1400L.pcap,0,322,323,1,1,54,54,first_segment_only,7d0b7d7f04683e27,7d0b7d7f04683e27
AB1400L.pcap,0,325,326,1,1,54,54,first_segment_only,4e23689b35640c28,4e23689b35640c28
AB1400L.pcap,0,328,329,1,1,54,54,first_segment_only,b9a0fe9c92c81865,b9a0fe9c92c81865
AB1400L.pcap,0,331,332,1,1,54,54,first_segment_only,b2c59dfd606fd189,b2c59dfd606fd189
AB1400L.pcap,0,334,335,1,1,54,54,first_segment_only,48d68efa58c6b536,48d68efa58c6b536
AB1400L.pcap,0,337,338,1,1,54,54,first_segment_only,dba8fc186241f8b3,dba8fc186241f8b3
AB1400L.pcap,0,340,341,1,1,54,54,first_segment_only,f67a32862d74f0e1,f67a32862d74f0e1
AB1400L.pcap,0,343,344,1,1,54,54,first_segment_only,80446748d48cfb0f,80446748d48cfb0f
AB1400L.pcap,0,346,347,1,1,54,54,first_segment_only,193b7e323eb3a5a6,193b7e323eb3a5a6
AB1400L.pcap,0,349,350,1,1,54,54,first_segment_only,a31bcc1b4b39e97c,a31bcc1b4b39e97c
AB1400L.pcap,0,352,353,1,1,54,54,first_segment_only,3e885a1f6b56b8c1,3e885a1f6b56b8c1
AB1400L.pcap,0,355,356,1,1,54,54,first_segment_only,b79fbdad15febf6f,b79fbdad15febf6f
AB1400L.pcap,0,358,359,1,1,54,54,first_segment_only,df3defc3b31d0b6a,df3defc3b31d0b6a
AB1400L.pcap,0,361,362,1,1,54,54,first_segment_only,cfbe9e1c4734f882,cfbe9e1c4734f882
ION7550.pcap,0,4,5,1,1,61,61,first_segment_only,58eef04667689a86,58eef04667689a86
ION7550.pcap,0,7,8,1,1,61,61,first_segment_only,c01edaf40f7c6ff7,c01edaf40f7c6ff7
ION7550.pcap,0,10,11,1,1,61,61,first_segment_only,cd0f1d8fb1928a11,cd0f1d8fb1928a11
ION7550.pcap,0,13,14,1,1,61,61,first_segment_only,21fc51f71bcea37a,21fc51f71bcea37a
ION7550.pcap,0,16,17,1,1,61,61,first_segment_only,677dcbe0603ba0f2,677dcbe0603ba0f2
ION7550.pcap,0,19,20,1,1,61,61,first_segment_only,59563119d2a27fa3,59563119d2a27fa3
ION7550.pcap,0,22,23,1,1,61,61,first_segment_only,6dc9537b78b6613d,6dc9537b78b6613d
ION7550.pcap,0,25,26,1,1,61,61,first_segment_only,5c3f6e450192152a,5c3f6e450192152a
ION7550.pcap,0,28,29,1,1,61,61,first_segment_only,24210d322a28aaea,24210d322a28aaea
ION7550.pcap,0,31,32,1,1,61,61,first_segment_only,7acd96b5a0f7c4df,7acd96b5a0f7c4df
ION7550.pcap,0,34,35,1,1,61,61,first_segment_only,162dea237866a6b7,162dea237866a6b7
ION7550.pcap,0,37,38,1,1,61,61,first_segment_only,3df726070d604052,3df726070d604052
ION7550.pcap,0,40,41,1,1,61,61,first_segment_only,a141c00d9896c17b,a141c00d9896c17b
ION7550.pcap,0,43,44,1,1,61,61,first_segment_only,9a43bd5a84a99a3a,9a43bd5a84a99a3a
ION7550.pcap,0,46,47,1,1,61,61,first_segment_only,322516eaae76c001,322516eaae76c001
ION7550.pcap,0,49,50,1,1,61,61,first_segment_only,e0f3e3695fb808d1,e0f3e3695fb808d1
ION7550.pcap,0,52,53,1,1,61,61,first_segment_only,746db4387fb29e8e,746db4387fb29e8e
ION7550.pcap,0,55,56,1,1,61,61,first_segment_only,e6c2f134f76e9284,e6c2f134f76e9284
ION7550.pcap,0,58,59,1,1,61,61,first_segment_only,b9b21af94efab51f,b9b21af94efab51f
ION7550.pcap,0,61,62,1,1,61,61,first_segment_only,c0b16ec7dd503d78,c0b16ec7dd503d78
ION7550.pcap,0,64,65,1,1,61,61,first_segment_only,7fa39c1ec348c75d,7fa39c1ec348c75d
ION7550.pcap,0,67,68,1,1,61,61,first_segment_only,1fd8d45935f9ab24,1fd8d45935f9ab24
ION7550.pcap,0,70,71,1,1,61,61,first_segment_only,a40a3548d4e55200,a40a3548d4e55200
ION7550.pcap,0,73,74,1,1,61,61,first_segment_only,fb214c13c255572b,fb214c13c255572b
ION7550.pcap,0,76,77,1,1,61,61,first_segment_only,f0d553e026ea4923,f0d553e026ea4923
ION7550.pcap,0,79,80,1,1,61,61,first_segment_only,fd9254b147429094,fd9254b147429094
ION7550.pcap,0,82,83,1,1,61,61,first_segment_only,0f5a8c09e0853b4e,0f5a8c09e0853b4e
ION7550.pcap,0,85,86,1,1,61,61,first_segment_only,b2966ea0707c85f0,b2966ea0707c85f0
ION7550.pcap,0,88,89,1,1,61,61,first_segment_only,6e013d3fca059185,6e013d3fca059185
ION7550.pcap,0,91,92,1,1,61,61,first_segment_only,82bca931693033be,82bca931693033be
ION7550.pcap,0,94,95,1,1,61,61,first_segment_only,694a40ad8000527d,694a40ad8000527d
ION7550.pcap,0,97,98,1,1,61,61,first_segment_only,c507cb9b42b42edd,c507cb9b42b42edd
ION7550.pcap,0,100,101,1,1,61,61,first_segment_only,53b3898a85598f1c,53b3898a85598f1c
ION7550.pcap,0,105,106,1,1,61,61,first_segment_only,e227866bd1ddd0b0,e227866bd1ddd0b0
ION7550.pcap,0,108,109,1,1,61,61,first_segment_only,27e8d9cae895f47c,27e8d9cae895f47c
ION7550.pcap,0,111,112,1,1,61,61,first_segment_only,2366168edeeb22a2,2366168edeeb22a2
ION7550.pcap,0,116,117,1,1,61,61,first_segment_only,c27c1468aac7a4f3,c27c1468aac7a4f3
ION7550.pcap,0,119,120,1,1,61,61,first_segment_only,a52d51574a14e14d,a52d51574a14e14d
ION7550.pcap,0,122,123,1,1,61,61,first_segment_only,055febf0a3b2084b,055febf0a3b2084b
ION7550.pcap,0,125,126,1,1,61,61,first_segment_only,068f057cf7c2d9e9,068f057cf7c2d9e9
ION7550.pcap,0,128,129,1,1,61,61,first_segment_only,10e56600af191f42,10e56600af191f42
ION7550.pcap,0,131,132,1,1,61,61,first_segment_only,1dffeb66a5f2d86e,1dffeb66a5f2d86e
ION7550.pcap,0,134,135,1,1,61,61,first_segment_only,6d049000d60c2263,6d049000d60c2263
ION7550.pcap,0,137,138,1,1,61,61,first_segment_only,4a7ffa7745af3127,4a7ffa7745af3127
ION7550.pcap,0,140,141,1,1,61,61,first_segment_only,17ceadc29869deb1,17ceadc29869deb1
ION7550.pcap,0,143,144,1,1,61,61,first_segment_only,c0d0eff80c9b7fd4,c0d0eff80c9b7fd4
ION7550.pcap,0,146,147,1,1,61,61,first_segment_only,45ec773348642b27,45ec773348642b27
ION7550.pcap,0,149,150,1,1,61,61,first_segment_only,597a5a92c2ce19ab,597a5a92c2ce19ab
ION7550.pcap,0,152,153,1,1,61,61,first_segment_only,bfc4e8b3dde6dba4,bfc4e8b3dde6dba4
ION7550.pcap,0,155,156,1,1,61,61,first_segment_only,a25cc2baf6e59abb,a25cc2baf6e59abb
ION7550.pcap,0,158,159,1,1,61,61,first_segment_only,0735c0b06e8e9efc,0735c0b06e8e9efc
ION7550.pcap,0,161,162,1,1,61,61,first_segment_only,82f3eb5c649e9df9,82f3eb5c649e9df9
ION7550.pcap,0,164,165,1,1,61,61,first_segment_only,f9aa5acf5158acc2,f9aa5acf5158acc2
ION7550.pcap,0,167,168,1,1,61,61,first_segment_only,6b5678bdd86f52a0,6b5678bdd86f52a0
ION7550.pcap,0,170,171,1,1,61,61,first_segment_only,316cf7696928c923,316cf7696928c923
ION7550.pcap,0,173,174,1,1,61,61,first_segment_only,40c556dcaa0ff302,40c556dcaa0ff302
ION7550.pcap,0,176,177,1,1,61,61,first_segment_only,82933b582a55b6ed,82933b582a55b6ed
ION7550.pcap,0,179,180,1,1,61,61,first_segment_only,fa7dd6120481795f,fa7dd6120481795f
ION7550.pcap,0,182,183,1,1,61,61,first_segment_only,e5b024576e1f20a6,e5b024576e1f20a6
ION7550.pcap,0,187,188,1,1,61,61,first_segment_only,0e50f0fb2f034909,0e50f0fb2f034909
ION7550.pcap,0,190,191,1,1,61,61,first_segment_only,b2c743f7f886970c,b2c743f7f886970c
ION7550.pcap,0,193,194,1,1,61,61,first_segment_only,02422d45beecea53,02422d45beecea53
ION7550.pcap,0,196,197,1,1,61,61,first_segment_only,bc626bdd0caecda2,bc626bdd0caecda2
ION7550.pcap,0,199,200,1,1,61,61,first_segment_only,9d11febc35ab69cd,9d11febc35ab69cd
ION7550.pcap,0,202,203,1,1,61,61,first_segment_only,58eef04667689a86,58eef04667689a86
ION7550.pcap,0,205,206,1,1,61,61,first_segment_only,c01edaf40f7c6ff7,c01edaf40f7c6ff7
ION7550.pcap,0,208,209,1,1,61,61,first_segment_only,cd0f1d8fb1928a11,cd0f1d8fb1928a11
ION7550.pcap,0,211,212,1,1,61,61,first_segment_only,21fc51f71bcea37a,21fc51f71bcea37a
ION7550.pcap,0,214,215,1,1,61,61,first_segment_only,677dcbe0603ba0f2,677dcbe0603ba0f2
ION7550.pcap,0,217,218,1,1,61,61,first_segment_only,59563119d2a27fa3,59563119d2a27fa3
ION7550.pcap,0,220,221,1,1,61,61,first_segment_only,6dc9537b78b6613d,6dc9537b78b6613d
ION7550.pcap,0,223,224,1,1,61,61,first_segment_only,5c3f6e450192152a,5c3f6e450192152a
ION7550.pcap,0,226,227,1,1,61,61,first_segment_only,24210d322a28aaea,24210d322a28aaea
ION7550.pcap,0,229,230,1,1,61,61,first_segment_only,7acd96b5a0f7c4df,7acd96b5a0f7c4df
ION7550.pcap,0,232,233,1,1,61,61,first_segment_only,162dea237866a6b7,162dea237866a6b7
ION7550.pcap,0,235,236,1,1,61,61,first_segment_only,3df726070d604052,3df726070d604052
ION7550.pcap,0,238,239,1,1,61,61,first_segment_only,a141c00d9896c17b,a141c00d9896c17b
ION7550.pcap,0,241,242,1,1,61,61,first_segment_only,9a43bd5a84a99a3a,9a43bd5a84a99a3a
ION7550.pcap,0,244,245,1,1,61,61,first_segment_only,322516eaae76c001,322516eaae76c001
ION7550.pcap,0,247,248,1,1,61,61,first_segment_only,e0f3e3695fb808d1,e0f3e3695fb808d1
ION7550.pcap,0,250,251,1,1,61,61,first_segment_only,746db4387fb29e8e,746db4387fb29e8e
ION7550.pcap,0,253,254,1,1,61,61,first_segment_only,e6c2f134f76e9284,e6c2f134f76e9284
ION7550.pcap,0,256,257,1,1,61,61,first_segment_only,b9b21af94efab51f,b9b21af94efab51f
ION7550.pcap,0,259,260,1,1,61,61,first_segment_only,c0b16ec7dd503d78,c0b16ec7dd503d78
ION7550.pcap,0,262,263,1,1,61,61,first_segment_only,7fa39c1ec348c75d,7fa39c1ec348c75d
ION7550.pcap,0,265,266,1,1,61,61,first_segment_only,1fd8d45935f9ab24,1fd8d45935f9ab24
ION7550.pcap,0,268,269,1,1,61,61,first_segment_only,a40a3548d4e55200,a40a3548d4e55200
ION7550.pcap,0,271,272,1,1,61,61,first_segment_only,fb214c13c255572b,fb214c13c255572b
ION7550.pcap,0,274,275,1,1,61,61,first_segment_only,f0d553e026ea4923,f0d553e026ea4923
ION7550.pcap,0,277,278,1,1,61,61,first_segment_only,fd9254b147429094,fd9254b147429094
ION7550.pcap,0,280,281,1,1,61,61,first_segment_only,0f5a8c09e0853b4e,0f5a8c09e0853b4e
ION7550.pcap,0,283,284,1,1,61,61,first_segment_only,b2966ea0707c85f0,b2966ea0707c85f0
ION7550.pcap,0,286,287,1,1,61,61,first_segment_only,6e013d3fca059185,6e013d3fca059185
ION7550.pcap,0,289,290,1,1,61,61,first_segment_only,82bca931693033be,82bca931693033be
ION7550.pcap,0,292,293,1,1,61,61,first_segment_only,694a40ad8000527d,694a40ad8000527d
ION7550.pcap,0,295,296,1,1,61,61,first_segment_only,c507cb9b42b42edd,c507cb9b42b42edd
ION7550.pcap,0,298,299,1,1,61,61,first_segment_only,53b3898a85598f1c,53b3898a85598f1c
ION7550.pcap,0,301,302,1,1,61,61,first_segment_only,e227866bd1ddd0b0,e227866bd1ddd0b0
ION7550.pcap,0,304,305,1,1,61,61,first_segment_only,27e8d9cae895f47c,27e8d9cae895f47c
ION7550.pcap,0,307,308,1,1,61,61,first_segment_only,2366168edeeb22a2,2366168edeeb22a2
ION7550.pcap,0,310,311,1,1,61,61,first_segment_only,c27c1468aac7a4f3,c27c1468aac7a4f3
ION7550.pcap,0,313,314,1,1,61,61,first_segment_only,a52d51574a14e14d,a52d51574a14e14d
ION7550.pcap,0,316,317,1,1,61,61,first_segment_only,055febf0a3b2084b,055febf0a3b2084b
ION7550.pcap,0,319,320,1,1,61,61,first_segment_only,068f057cf7c2d9e9,068f057cf7c2d9e9
ION7550.pcap,0,322,323,1,1,61,61,first_segment_only,10e56600af191f42,10e56600af191f42
ION7550.pcap,0,325,326,1,1,61,61,first_segment_only,1dffeb66a5f2d86e,1dffeb66a5f2d86e
ION7550.pcap,0,328,329,1,1,61,61,first_segment_only,6d049000d60c2263,6d049000d60c2263
ION7550.pcap,0,331,332,1,1,61,61,first_segment_only,4a7ffa7745af3127,4a7ffa7745af3127
ION7550.pcap,0,334,335,1,1,61,61,first_segment_only,17ceadc29869deb1,17ceadc29869deb1
ION7550.pcap,0,339,340,1,1,61,61,first_segment_only,c0d0eff80c9b7fd4,c0d0eff80c9b7fd4
ION7550.pcap,0,342,343,1,1,61,61,first_segment_only,45ec773348642b27,45ec773348642b27
ION7550.pcap,0,345,346,1,1,61,61,first_segment_only,597a5a92c2ce19ab,597a5a92c2ce19ab
ION7550.pcap,0,348,349,1,1,61,61,first_segment_only,bfc4e8b3dde6dba4,bfc4e8b3dde6dba4
ION7550.pcap,0,351,352,1,1,61,61,first_segment_only,a25cc2baf6e59abb,a25cc2baf6e59abb
ION7550.pcap,0,354,355,1,1,61,61,first_segment_only,0735c0b06e8e9efc,0735c0b06e8e9efc
ION7550.pcap,0,357,358,1,1,61,61,first_segment_only,82f3eb5c649e9df9,82f3eb5c649e9df9
ION7550.pcap,0,360,361,1,1,61,61,first_segment_only,f9aa5acf5158acc2,f9aa5acf5158acc2
ION7550.pcap,0,363,364,1,1,61,61,first_segment_only,6b5678bdd86f52a0,6b5678bdd86f52a0
ION7550.pcap,0,366,367,1,1,61,61,first_segment_only,316cf7696928c923,316cf7696928c923
ION7550.pcap,0,369,370,1,1,61,61,first_segment_only,40c556dcaa0ff302,40c556dcaa0ff302
ION7550L.pcap,0,4,5,1,1,61,61,first_segment_only,d27ce37f996f46ee,d27ce37f996f46ee
ION7550L.pcap,0,7,8,1,1,61,61,first_segment_only,aa0608c9296802b4,aa0608c9296802b4
ION7550L.pcap,0,10,11,1,1,61,61,first_segment_only,765c6dd9ac7df56c,765c6dd9ac7df56c
ION7550L.pcap,0,13,14,1,1,61,61,first_segment_only,52cadd3d2d210c2d,52cadd3d2d210c2d
ION7550L.pcap,0,16,17,1,1,61,61,first_segment_only,67080b76f80bffdd,67080b76f80bffdd
ION7550L.pcap,0,19,20,1,1,61,61,first_segment_only,c84f48a7be259438,c84f48a7be259438
ION7550L.pcap,0,22,23,1,1,61,61,first_segment_only,92b141642116b143,92b141642116b143
ION7550L.pcap,0,25,26,1,1,61,61,first_segment_only,89d2b10ffe592f5c,89d2b10ffe592f5c
ION7550L.pcap,0,28,29,1,1,61,61,first_segment_only,23dc060bb8c5209a,23dc060bb8c5209a
ION7550L.pcap,0,31,32,1,1,61,61,first_segment_only,b92487ef1bc5e1a1,b92487ef1bc5e1a1
ION7550L.pcap,0,34,35,1,1,61,61,first_segment_only,eadcfe6b0215c379,eadcfe6b0215c379
ION7550L.pcap,0,37,38,1,1,61,61,first_segment_only,39880c305b5185aa,39880c305b5185aa
ION7550L.pcap,0,40,41,1,1,61,61,first_segment_only,64769032e42244ec,64769032e42244ec
ION7550L.pcap,0,43,44,1,1,61,61,first_segment_only,bc17c9bd2d57fa52,bc17c9bd2d57fa52
ION7550L.pcap,0,46,47,1,1,61,61,first_segment_only,eada5f88d2903bb2,eada5f88d2903bb2
ION7550L.pcap,0,49,50,1,1,61,61,first_segment_only,2b1ce9f3e6e214a4,2b1ce9f3e6e214a4
ION7550L.pcap,0,52,53,1,1,61,61,first_segment_only,582cbe8c431ea2fc,582cbe8c431ea2fc
ION7550L.pcap,0,55,56,1,1,61,61,first_segment_only,c5ade3a2f7d3ecff,c5ade3a2f7d3ecff
ION7550L.pcap,0,58,59,1,1,61,61,first_segment_only,07d7f85806c58d94,07d7f85806c58d94
ION7550L.pcap,0,61,62,1,1,61,61,first_segment_only,e1b1c3ffb18a4009,e1b1c3ffb18a4009
ION7550L.pcap,0,64,65,1,1,61,61,first_segment_only,103229dc1d1f50ff,103229dc1d1f50ff
ION7550L.pcap,0,67,68,1,1,61,61,first_segment_only,d90db8beae78c3c0,d90db8beae78c3c0
ION7550L.pcap,0,70,71,1,1,61,61,first_segment_only,5140cccc16ac0424,5140cccc16ac0424
ION7550L.pcap,0,73,74,1,1,61,61,first_segment_only,1c5f69b5fe293b12,1c5f69b5fe293b12
ION7550L.pcap,0,76,77,1,1,61,61,first_segment_only,ef87d7849cf5916e,ef87d7849cf5916e
ION7550L.pcap,0,79,80,1,1,61,61,first_segment_only,b89c302e5dae7054,b89c302e5dae7054
ION7550L.pcap,0,82,83,1,1,61,61,first_segment_only,c941e27a95fb2f05,c941e27a95fb2f05
ION7550L.pcap,0,85,86,1,1,61,61,first_segment_only,437be4e72e86f556,437be4e72e86f556
ION7550L.pcap,0,88,89,1,1,61,61,first_segment_only,fc74d98f045e8a07,fc74d98f045e8a07
ION7550L.pcap,0,91,92,1,1,61,61,first_segment_only,4e1de4033cd58dbe,4e1de4033cd58dbe
ION7550L.pcap,0,94,95,1,1,61,61,first_segment_only,d23b0d47d28bc201,d23b0d47d28bc201
ION7550L.pcap,0,97,98,1,1,61,61,first_segment_only,28f53653f013c67f,28f53653f013c67f
ION7550L.pcap,0,100,101,1,1,61,61,first_segment_only,39b7da6f3a6aecd9,39b7da6f3a6aecd9
ION7550L.pcap,0,103,104,1,1,61,61,first_segment_only,3ac46d3da6742462,3ac46d3da6742462
ION7550L.pcap,0,106,107,1,1,61,61,first_segment_only,a1b0d5027e0f9f1e,a1b0d5027e0f9f1e
ION7550L.pcap,0,109,110,1,1,61,61,first_segment_only,a868892374ed2a9f,a868892374ed2a9f
ION7550L.pcap,0,112,113,1,1,61,61,first_segment_only,59c1b689a4b02192,59c1b689a4b02192
ION7550L.pcap,0,115,116,1,1,61,61,first_segment_only,b4e4fb40266caa77,b4e4fb40266caa77
ION7550L.pcap,0,118,119,1,1,61,61,first_segment_only,497378ea963ed5b9,497378ea963ed5b9
ION7550L.pcap,0,121,122,1,1,61,61,first_segment_only,f057202379ac184f,f057202379ac184f
ION7550L.pcap,0,124,125,1,1,61,61,first_segment_only,35e6bcafd819e88c,35e6bcafd819e88c
ION7550L.pcap,0,127,128,1,1,61,61,first_segment_only,94a89a3f163e5b56,94a89a3f163e5b56
ION7550L.pcap,0,130,131,1,1,61,61,first_segment_only,9c0ff986ee7441b6,9c0ff986ee7441b6
ION7550L.pcap,0,133,134,1,1,61,61,first_segment_only,d019fdb849f82bfd,d019fdb849f82bfd
ION7550L.pcap,0,136,137,1,1,61,61,first_segment_only,570e3aadc75d4448,570e3aadc75d4448
ION7550L.pcap,0,139,140,1,1,61,61,first_segment_only,5eba685b86147e28,5eba685b86147e28
ION7550L.pcap,0,142,143,1,1,61,61,first_segment_only,e832258c7ccf68d6,e832258c7ccf68d6
ION7550L.pcap,0,145,146,1,1,61,61,first_segment_only,71a93aa2492611ac,71a93aa2492611ac
ION7550L.pcap,0,148,149,1,1,61,61,first_segment_only,d4fb5bf36c7c2c9f,d4fb5bf36c7c2c9f
ION7550L.pcap,0,151,152,1,1,61,61,first_segment_only,7eaad9c2171c42c5,7eaad9c2171c42c5
ION7550L.pcap,0,154,155,1,1,61,61,first_segment_only,96bb6bea8a688099,96bb6bea8a688099
ION7550L.pcap,0,157,158,1,1,61,61,first_segment_only,9815ed617b1b788f,9815ed617b1b788f
ION7550L.pcap,0,160,161,1,1,61,61,first_segment_only,463930c3ad0a35ee,463930c3ad0a35ee
ION7550L.pcap,0,163,164,1,1,61,61,first_segment_only,2e75505b1d9bef64,2e75505b1d9bef64
ION7550L.pcap,0,166,167,1,1,61,61,first_segment_only,a85b972072fa4352,a85b972072fa4352
ION7550L.pcap,0,169,170,1,1,61,61,first_segment_only,6d721d53f396d78f,6d721d53f396d78f
ION7550L.pcap,0,172,173,1,1,61,61,first_segment_only,e8f029ac4fb9e1b8,e8f029ac4fb9e1b8
ION7550L.pcap,0,175,176,1,1,61,61,first_segment_only,14aa62ff333860de,14aa62ff333860de
ION7550L.pcap,0,178,179,1,1,61,61,first_segment_only,648582df5beefcbd,648582df5beefcbd
ION7550L.pcap,0,181,182,1,1,61,61,first_segment_only,1b76f528c441c12f,1b76f528c441c12f
ION7550L.pcap,0,184,185,1,1,61,61,first_segment_only,dbc5a6f674226659,dbc5a6f674226659
ION7550L.pcap,0,187,188,1,1,61,61,first_segment_only,a913d2b75040dfe7,a913d2b75040dfe7
ION7550L.pcap,0,190,191,1,1,61,61,first_segment_only,199e6f3a6524d9af,199e6f3a6524d9af
ION7550L.pcap,0,193,194,1,1,61,61,first_segment_only,ea816a2054fbb6b0,ea816a2054fbb6b0
ION7550L.pcap,0,196,197,1,1,61,61,first_segment_only,d27ce37f996f46ee,d27ce37f996f46ee
ION7550L.pcap,0,199,200,1,1,61,61,first_segment_only,aa0608c9296802b4,aa0608c9296802b4
ION7550L.pcap,0,202,203,1,1,61,61,first_segment_only,765c6dd9ac7df56c,765c6dd9ac7df56c
ION7550L.pcap,0,205,206,1,1,61,61,first_segment_only,52cadd3d2d210c2d,52cadd3d2d210c2d
ION7550L.pcap,0,208,209,1,1,61,61,first_segment_only,67080b76f80bffdd,67080b76f80bffdd
ION7550L.pcap,0,211,212,1,1,61,61,first_segment_only,c84f48a7be259438,c84f48a7be259438
ION7550L.pcap,0,214,215,1,1,61,61,first_segment_only,92b141642116b143,92b141642116b143
ION7550L.pcap,0,217,218,1,1,61,61,first_segment_only,89d2b10ffe592f5c,89d2b10ffe592f5c
ION7550L.pcap,0,220,221,1,1,61,61,first_segment_only,23dc060bb8c5209a,23dc060bb8c5209a
ION7550L.pcap,0,223,224,1,1,61,61,first_segment_only,b92487ef1bc5e1a1,b92487ef1bc5e1a1
ION7550L.pcap,0,226,227,1,1,61,61,first_segment_only,eadcfe6b0215c379,eadcfe6b0215c379
ION7550L.pcap,0,229,230,1,1,61,61,first_segment_only,39880c305b5185aa,39880c305b5185aa
ION7550L.pcap,0,232,233,1,1,61,61,first_segment_only,64769032e42244ec,64769032e42244ec
ION7550L.pcap,0,235,236,1,1,61,61,first_segment_only,bc17c9bd2d57fa52,bc17c9bd2d57fa52
ION7550L.pcap,0,238,239,1,1,61,61,first_segment_only,eada5f88d2903bb2,eada5f88d2903bb2
ION7550L.pcap,0,241,242,1,1,61,61,first_segment_only,2b1ce9f3e6e214a4,2b1ce9f3e6e214a4
ION7550L.pcap,0,244,245,1,1,61,61,first_segment_only,582cbe8c431ea2fc,582cbe8c431ea2fc
ION7550L.pcap,0,247,248,1,1,61,61,first_segment_only,c5ade3a2f7d3ecff,c5ade3a2f7d3ecff
ION7550L.pcap,0,250,251,1,1,61,61,first_segment_only,07d7f85806c58d94,07d7f85806c58d94
ION7550L.pcap,0,253,254,1,1,61,61,first_segment_only,e1b1c3ffb18a4009,e1b1c3ffb18a4009
ION7550L.pcap,0,256,257,1,1,61,61,first_segment_only,103229dc1d1f50ff,103229dc1d1f50ff
ION7550L.pcap,0,259,260,1,1,61,61,first_segment_only,d90db8beae78c3c0,d90db8beae78c3c0
ION7550L.pcap,0,262,263,1,1,61,61,first_segment_only,5140cccc16ac0424,5140cccc16ac0424
ION7550L.pcap,0,265,266,1,1,61,61,first_segment_only,1c5f69b5fe293b12,1c5f69b5fe293b12
ION7550L.pcap,0,268,269,1,1,61,61,first_segment_only,ef87d7849cf5916e,ef87d7849cf5916e
ION7550L.pcap,0,271,272,1,1,61,61,first_segment_only,b89c302e5dae7054,b89c302e5dae7054
ION7550L.pcap,0,274,275,1,1,61,61,first_segment_only,c941e27a95fb2f05,c941e27a95fb2f05
ION7550L.pcap,0,277,278,1,1,61,61,first_segment_only,437be4e72e86f556,437be4e72e86f556
ION7550L.pcap,0,280,281,1,1,61,61,first_segment_only,fc74d98f045e8a07,fc74d98f045e8a07
ION7550L.pcap,0,283,284,1,1,61,61,first_segment_only,4e1de4033cd58dbe,4e1de4033cd58dbe
ION7550L.pcap,0,286,287,1,1,61,61,first_segment_only,d23b0d47d28bc201,d23b0d47d28bc201
ION7550L.pcap,0,289,290,1,1,61,61,first_segment_only,28f53653f013c67f,28f53653f013c67f
ION7550L.pcap,0,292,293,1,1,61,61,first_segment_only,39b7da6f3a6aecd9,39b7da6f3a6aecd9
ION7550L.pcap,0,295,296,1,1,61,61,first_segment_only,3ac46d3da6742462,3ac46d3da6742462
ION7550L.pcap,0,298,299,1,1,61,61,first_segment_only,a1b0d5027e0f9f1e,a1b0d5027e0f9f1e
ION7550L.pcap,0,301,302,1,1,61,61,first_segment_only,a868892374ed2a9f,a868892374ed2a9f
ION7550L.pcap,0,304,305,1,1,61,61,first_segment_only,59c1b689a4b02192,59c1b689a4b02192
ION7550L.pcap,0,307,308,1,1,61,61,first_segment_only,b4e4fb40266caa77,b4e4fb40266caa77
ION7550L.pcap,0,310,311,1,1,61,61,first_segment_only,497378ea963ed5b9,497378ea963ed5b9
ION7550L.pcap,0,313,314,1,1,61,61,first_segment_only,f057202379ac184f,f057202379ac184f
ION7550L.pcap,0,316,317,1,1,61,61,first_segment_only,35e6bcafd819e88c,35e6bcafd819e88c
ION7550L.pcap,0,319,320,1,1,61,61,first_segment_only,94a89a3f163e5b56,94a89a3f163e5b56
ION7550L.pcap,0,322,323,1,1,61,61,first_segment_only,9c0ff986ee7441b6,9c0ff986ee7441b6
ION7550L.pcap,0,325,326,1,1,61,61,first_segment_only,d019fdb849f82bfd,d019fdb849f82bfd
ION7550L.pcap,0,328,329,1,1,61,61,first_segment_only,570e3aadc75d4448,570e3aadc75d4448
ION7550L.pcap,0,331,332,1,1,61,61,first_segment_only,5eba685b86147e28,5eba685b86147e28
ION7550L.pcap,0,334,335,1,1,61,61,first_segment_only,e832258c7ccf68d6,e832258c7ccf68d6
ION7550L.pcap,0,337,338,1,1,61,61,first_segment_only,71a93aa2492611ac,71a93aa2492611ac
ION7550L.pcap,0,340,341,1,1,61,61,first_segment_only,d4fb5bf36c7c2c9f,d4fb5bf36c7c2c9f
ION7550L.pcap,0,343,344,1,1,61,61,first_segment_only,7eaad9c2171c42c5,7eaad9c2171c42c5
ION7550L.pcap,0,346,347,1,1,61,61,first_segment_only,96bb6bea8a688099,96bb6bea8a688099
ION7550L.pcap,0,349,350,1,1,61,61,first_segment_only,9815ed617b1b788f,9815ed617b1b788f
ION7550L.pcap,0,352,353,1,1,61,61,first_segment_only,463930c3ad0a35ee,463930c3ad0a35ee
ION7550L.pcap,0,355,356,1,1,61,61,first_segment_only,2e75505b1d9bef64,2e75505b1d9bef64
ION7550L.pcap,0,358,359,1,1,61,61,first_segment_only,a85b972072fa4352,a85b972072fa4352
ION7550L.pcap,0,361,362,1,1,61,61,first_segment_only,6d721d53f396d78f,6d721d53f396d78f
