path,class,size_bytes,note
.pytest_cache/.gitignore,generated-result,37,bytecode/cache (gitignored/derived)
.pytest_cache/CACHEDIR.TAG,generated-result,191,bytecode/cache (gitignored/derived)
.pytest_cache/README.md,generated-result,302,bytecode/cache (gitignored/derived)
.pytest_cache/v/cache/nodeids,generated-result,1490,bytecode/cache (gitignored/derived)
.pytest_cache/v/cache/stepwise,generated-result,2,bytecode/cache (gitignored/derived)
DATA_PROVENANCE.md,report,5590,repo documentation
PROJECT_CONVENTIONS.md,report,6429,repo documentation
README.md,report,4694,repo documentation
WORKING_NOTES.md,report,5056,repo documentation
__pycache__/ack_separation_probe.cpython-312.pyc,generated-result,51267,bytecode/cache (gitignored/derived)
__pycache__/ack_separation_probe.cpython-38.pyc,generated-result,34661,bytecode/cache (gitignored/derived)
__pycache__/attacker_eval.cpython-38.pyc,generated-result,35700,bytecode/cache (gitignored/derived)
__pycache__/lab_config.cpython-312.pyc,generated-result,1530,bytecode/cache (gitignored/derived)
__pycache__/lab_config.cpython-38.pyc,generated-result,1411,bytecode/cache (gitignored/derived)
__pycache__/rto_probe.cpython-312.pyc,generated-result,41888,bytecode/cache (gitignored/derived)
__pycache__/rto_probe.cpython-38.pyc,generated-result,27329,bytecode/cache (gitignored/derived)
__pycache__/run_outstation.cpython-38.pyc,generated-result,20024,bytecode/cache (gitignored/derived)
__pycache__/run_timing_experiment.cpython-38.pyc,generated-result,6441,bytecode/cache (gitignored/derived)
__pycache__/split_server.cpython-38.pyc,generated-result,24983,bytecode/cache (gitignored/derived)
__pycache__/timing_policy.cpython-312.pyc,generated-result,20207,bytecode/cache (gitignored/derived)
__pycache__/timing_policy.cpython-38.pyc,generated-result,14268,bytecode/cache (gitignored/derived)
ack_fingerprint_eval.py,active-CLI,16934,runnable experiment/analysis entry point
ack_separation_probe.py,active-CLI,43672,runnable experiment/analysis entry point
analyze_ack.py,active-CLI,10008,runnable experiment/analysis entry point
archive_experiments/dnp3_crc_splitter.py,legacy,6020,superseded experiment code (inert; not imported by active path)
archive_experiments/dnp3_ordered_replay_server.py,legacy,12771,superseded experiment code (inert; not imported by active path)
archive_experiments/dnp3_replay_server.py,legacy,6458,superseded experiment code (inert; not imported by active path)
archive_experiments/legacy_single_response_server.py,legacy,9806,superseded experiment code (inert; not imported by active path)
archive_experiments/split_reader.pcap,raw-data,26357,archived capture
archive_original/master.py,legacy,12138,unmodified original pydnp3 example (reference)
archive_original/master_cmd.py,legacy,9269,unmodified original pydnp3 example (reference)
archive_original/outstation.py,legacy,12711,unmodified original pydnp3 example (reference)
archive_original/outstation_cmd.py,legacy,5272,unmodified original pydnp3 example (reference)
archive_original/run_master_vision_prewrapper.py,legacy,7664,unmodified original pydnp3 example (reference)
archive_original/simple_master.py,legacy,9408,unmodified original pydnp3 example (reference)
archive_original/simple_outstation.py,legacy,5330,unmodified original pydnp3 example (reference)
archive_original/visitors.py,legacy,3004,unmodified original pydnp3 example (reference)
attacker_eval.py,active-CLI,40839,runnable experiment/analysis entry point
captures/baseline/Hulk_outstation.pcapng,raw-data,7536,source/derived capture (replay input or baseline)
captures/baseline/Vision_Master.pcapng,raw-data,7540,source/derived capture (replay input or baseline)
captures/baseline/large_read.pcap,raw-data,16014,source/derived capture (replay input or baseline)
captures/baseline/large_reply.pcap,raw-data,14040,source/derived capture (replay input or baseline)
captures/baseline/read_exchange.pcap,raw-data,4051,source/derived capture (replay input or baseline)
captures/baseline/read_reply.pcap,raw-data,2766,source/derived capture (replay input or baseline)
captures/baseline/read_request.pcap,raw-data,1309,source/derived capture (replay input or baseline)
captures/manual/master_side.pcap,raw-data,34464,source/derived capture (replay input or baseline)
captures/manual/split_side.pcap,raw-data,34740,source/derived capture (replay input or baseline)
captures/replay/consolidation_rig_20260625.pcap,raw-data,48784,source/derived capture (replay input or baseline)
captures/replay/flatten_rig.pcap,raw-data,34464,source/derived capture (replay input or baseline)
captures/replay/ordered_rig.pcap,raw-data,47738,source/derived capture (replay input or baseline)
captures/replay/refactor_rig.pcap,raw-data,34484,source/derived capture (replay input or baseline)
captures/replay/request_aware_rig.pcap,raw-data,34464,source/derived capture (replay input or baseline)
captures/replay/sweep_bpc1.pcap,raw-data,34484,source/derived capture (replay input or baseline)
captures/replay/sweep_bpc2.pcap,raw-data,20732,source/derived capture (replay input or baseline)
captures/replay/sweep_bpc4.pcap,raw-data,13732,source/derived capture (replay input or baseline)
captures/replay/sweep_bpc8.pcap,raw-data,10132,source/derived capture (replay input or baseline)
characterize_ack_traces.py,active-CLI,30948,runnable experiment/analysis entry point
dnp3_crc.py,active-source,3490,reusable library module (imported by active path)
docs/ack_timing_explainer.html,report,61418,spec / research notes / explainer
docs/ack_timing_obfuscation_research.md,report,24858,spec / research notes / explainer
docs/implementation_guide.md,report,17063,spec / research notes / explainer
extract_payloads.py,active-CLI,6485,runnable experiment/analysis entry point
future_work/README.md,report,824,archived recompute line (NOT used this phase)
future_work/dnp3_aware_splitter.py,legacy,7577,archived recompute line (NOT used this phase)
future_work/dnp3_frame_codec.py,legacy,8910,archived recompute line (NOT used this phase)
lab_config.py,active-source,3379,reusable library module (imported by active path)
logs/loopback_smoke/request_01.bin,generated-result,24,runtime output (gitignored)
logs/loopback_smoke/request_02.bin,generated-result,21,runtime output (gitignored)
logs/loopback_smoke/request_03.bin,generated-result,24,runtime output (gitignored)
logs/loopback_smoke/request_04.bin,generated-result,18,runtime output (gitignored)
logs/loopback_smoke/request_05.bin,generated-result,15,runtime output (gitignored)
logs/loopback_smoke/split_replay_server_1784059996.log,generated-result,4348,runtime output (gitignored)
logs/loopback_smoke/split_replay_server_1784059997.log,generated-result,4931,runtime output (gitignored)
logs/loopback_smoke/split_replay_server_1784059998.log,generated-result,4961,runtime output (gitignored)
logs/loopback_smoke/split_replay_server_1784059999.log,generated-result,21266,runtime output (gitignored)
logs/loopback_smoke/split_replay_server_1784060002.log,generated-result,21849,runtime output (gitignored)
logs/loopback_smoke/split_replay_server_1784060651.log,generated-result,4348,runtime output (gitignored)
logs/loopback_smoke/split_replay_server_1784060653.log,generated-result,4931,runtime output (gitignored)
logs/loopback_smoke/split_replay_server_1784060654.log,generated-result,4961,runtime output (gitignored)
logs/loopback_smoke/split_replay_server_1784060655.log,generated-result,21266,runtime output (gitignored)
logs/loopback_smoke/split_replay_server_1784060658.log,generated-result,21849,runtime output (gitignored)
logs/loopback_smoke/split_replay_server_1784061265.log,generated-result,4348,runtime output (gitignored)
logs/loopback_smoke/split_replay_server_1784061266.log,generated-result,4931,runtime output (gitignored)
logs/loopback_smoke/split_replay_server_1784061267.log,generated-result,4961,runtime output (gitignored)
logs/loopback_smoke/split_replay_server_1784061268.log,generated-result,21266,runtime output (gitignored)
logs/loopback_smoke/split_replay_server_1784061272.log,generated-result,21849,runtime output (gitignored)
logs/loopback_smoke/split_replay_server_1784061820.log,generated-result,4348,runtime output (gitignored)
logs/loopback_smoke/split_replay_server_1784061821.log,generated-result,4931,runtime output (gitignored)
logs/loopback_smoke/split_replay_server_1784061822.log,generated-result,4961,runtime output (gitignored)
logs/loopback_smoke/split_replay_server_1784061823.log,generated-result,21266,runtime output (gitignored)
logs/loopback_smoke/split_replay_server_1784061827.log,generated-result,21849,runtime output (gitignored)
logs/loopback_smoke/split_replay_server_1784070757.log,generated-result,4348,runtime output (gitignored)
logs/loopback_smoke/split_replay_server_1784070758.log,generated-result,4931,runtime output (gitignored)
logs/loopback_smoke/split_replay_server_1784070759.log,generated-result,4961,runtime output (gitignored)
logs/loopback_smoke/split_replay_server_1784070760.log,generated-result,21266,runtime output (gitignored)
logs/loopback_smoke/split_replay_server_1784070764.log,generated-result,21849,runtime output (gitignored)
logs/loopback_smoke/timing_decisions.jsonl,generated-result,85081,runtime output (gitignored)
logs/master/baseline_soe.csv,generated-result,7827,runtime output (gitignored)
logs/master/experiment_master_1784061651.log,generated-result,135090,runtime output (gitignored)
logs/master/experiment_master_1784061730.log,generated-result,135090,runtime output (gitignored)
logs/master/experiment_master_1784061832.log,generated-result,135090,runtime output (gitignored)
logs/master/experiment_master_1784120414.log,generated-result,403548,runtime output (gitignored)
logs/master/experiment_master_1784120421.log,generated-result,403540,runtime output (gitignored)
logs/master/experiment_master_1784120429.log,generated-result,403566,runtime output (gitignored)
logs/master/experiment_master_1784120546.log,generated-result,403708,runtime output (gitignored)
logs/master/experiment_master_1784120554.log,generated-result,403700,runtime output (gitignored)
logs/master/experiment_master_1784120562.log,generated-result,403756,runtime output (gitignored)
logs/master/experiment_master_1784120635.log,generated-result,18869,runtime output (gitignored)
logs/master/experiment_master_1784120781.log,generated-result,7325,runtime output (gitignored)
logs/native_master_loopback/master.log,generated-result,142326,runtime output (gitignored)
logs/native_master_loopback/request_01.bin,generated-result,24,runtime output (gitignored)
logs/native_master_loopback/request_02.bin,generated-result,21,runtime output (gitignored)
logs/native_master_loopback/request_03.bin,generated-result,24,runtime output (gitignored)
logs/native_master_loopback/request_04.bin,generated-result,27,runtime output (gitignored)
logs/native_master_loopback/request_05.bin,generated-result,15,runtime output (gitignored)
logs/native_master_loopback/server.log,generated-result,4866,runtime output (gitignored)
logs/native_master_loopback/split_replay_server_1784061831.log,generated-result,4866,runtime output (gitignored)
logs/native_master_loopback/timing_decisions.jsonl,generated-result,3329,runtime output (gitignored)
logs/outstation/experiment_outstation_1784120411.log,generated-result,2392,runtime output (gitignored)
logs/outstation/experiment_outstation_1784120419.log,generated-result,4328,runtime output (gitignored)
logs/outstation/experiment_outstation_1784120427.log,generated-result,5237,runtime output (gitignored)
logs/outstation/experiment_outstation_1784120543.log,generated-result,2392,runtime output (gitignored)
logs/outstation/experiment_outstation_1784120551.log,generated-result,4328,runtime output (gitignored)
logs/outstation/experiment_outstation_1784120560.log,generated-result,8867,runtime output (gitignored)
logs/outstation/experiment_outstation_1784120632.log,generated-result,3294,runtime output (gitignored)
logs/outstation/experiment_outstation_1784120779.log,generated-result,2392,runtime output (gitignored)
logs/pydnp3_loopback/master_stdout.log,generated-result,142326,runtime output (gitignored)
logs/pydnp3_loopback/request_01.bin,generated-result,24,runtime output (gitignored)
logs/pydnp3_loopback/request_02.bin,generated-result,21,runtime output (gitignored)
logs/pydnp3_loopback/request_03.bin,generated-result,24,runtime output (gitignored)
logs/pydnp3_loopback/request_04.bin,generated-result,27,runtime output (gitignored)
logs/pydnp3_loopback/request_05.bin,generated-result,15,runtime output (gitignored)
logs/pydnp3_loopback/server_stdout.log,generated-result,4866,runtime output (gitignored)
logs/pydnp3_loopback/split_replay_server_1784061650.log,generated-result,4866,runtime output (gitignored)
logs/pydnp3_loopback/timing_decisions.jsonl,generated-result,3329,runtime output (gitignored)
logs/timing_exp/bounded-10-15ms/request_01.bin,generated-result,24,runtime output (gitignored)
logs/timing_exp/bounded-10-15ms/request_02.bin,generated-result,21,runtime output (gitignored)
logs/timing_exp/bounded-10-15ms/request_03.bin,generated-result,24,runtime output (gitignored)
logs/timing_exp/bounded-10-15ms/request_04.bin,generated-result,18,runtime output (gitignored)
logs/timing_exp/bounded-10-15ms/request_05.bin,generated-result,15,runtime output (gitignored)
logs/timing_exp/bounded-10-15ms/split_replay_server_1784060328.log,generated-result,4963,runtime output (gitignored)
logs/timing_exp/bounded-10-15ms/split_replay_server_1784060329.log,generated-result,4963,runtime output (gitignored)
logs/timing_exp/bounded-10-15ms/split_replay_server_1784060331.log,generated-result,4963,runtime output (gitignored)
logs/timing_exp/bounded-10-15ms/split_replay_server_1784060332.log,generated-result,4963,runtime output (gitignored)
logs/timing_exp/bounded-10-15ms/split_replay_server_1784060333.log,generated-result,4963,runtime output (gitignored)
logs/timing_exp/bounded-10-15ms/split_replay_server_1784060334.log,generated-result,4963,runtime output (gitignored)
logs/timing_exp/bounded-10-15ms/split_replay_server_1784060335.log,generated-result,4962,runtime output (gitignored)
logs/timing_exp/bounded-10-15ms/split_replay_server_1784060336.log,generated-result,4962,runtime output (gitignored)
logs/timing_exp/bounded-10-15ms/split_replay_server_1784060337.log,generated-result,4962,runtime output (gitignored)
logs/timing_exp/bounded-10-15ms/split_replay_server_1784060339.log,generated-result,4962,runtime output (gitignored)
logs/timing_exp/bounded-10-15ms/split_replay_server_1784060340.log,generated-result,4962,runtime output (gitignored)
logs/timing_exp/bounded-10-15ms/split_replay_server_1784060341.log,generated-result,4963,runtime output (gitignored)
logs/timing_exp/bounded-10-15ms/split_replay_server_1784060342.log,generated-result,4962,runtime output (gitignored)
logs/timing_exp/bounded-10-15ms/split_replay_server_1784060343.log,generated-result,4962,runtime output (gitignored)
logs/timing_exp/bounded-10-15ms/split_replay_server_1784060344.log,generated-result,4962,runtime output (gitignored)
logs/timing_exp/bounded-10-15ms/split_replay_server_1784060345.log,generated-result,4962,runtime output (gitignored)
logs/timing_exp/bounded-10-15ms/split_replay_server_1784060346.log,generated-result,4962,runtime output (gitignored)
logs/timing_exp/bounded-10-15ms/split_replay_server_1784060348.log,generated-result,4962,runtime output (gitignored)
logs/timing_exp/bounded-10-15ms/split_replay_server_1784060349.log,generated-result,4962,runtime output (gitignored)
logs/timing_exp/bounded-10-15ms/split_replay_server_1784060350.log,generated-result,4962,runtime output (gitignored)
logs/timing_exp/bounded-10-15ms/timing_decisions.jsonl,generated-result,67289,runtime output (gitignored)
logs/timing_exp/bounded-15-25ms-crc-split/request_01.bin,generated-result,24,runtime output (gitignored)
logs/timing_exp/bounded-15-25ms-crc-split/request_02.bin,generated-result,21,runtime output (gitignored)
logs/timing_exp/bounded-15-25ms-crc-split/request_03.bin,generated-result,24,runtime output (gitignored)
logs/timing_exp/bounded-15-25ms-crc-split/request_04.bin,generated-result,18,runtime output (gitignored)
logs/timing_exp/bounded-15-25ms-crc-split/request_05.bin,generated-result,15,runtime output (gitignored)
logs/timing_exp/bounded-15-25ms-crc-split/split_replay_server_1784060444.log,generated-result,21882,runtime output (gitignored)
logs/timing_exp/bounded-15-25ms-crc-split/split_replay_server_1784060448.log,generated-result,21882,runtime output (gitignored)
logs/timing_exp/bounded-15-25ms-crc-split/split_replay_server_1784060452.log,generated-result,21882,runtime output (gitignored)
logs/timing_exp/bounded-15-25ms-crc-split/split_replay_server_1784060455.log,generated-result,21882,runtime output (gitignored)
logs/timing_exp/bounded-15-25ms-crc-split/split_replay_server_1784060459.log,generated-result,21882,runtime output (gitignored)
logs/timing_exp/bounded-15-25ms-crc-split/split_replay_server_1784060463.log,generated-result,21882,runtime output (gitignored)
logs/timing_exp/bounded-15-25ms-crc-split/split_replay_server_1784060466.log,generated-result,21882,runtime output (gitignored)
logs/timing_exp/bounded-15-25ms-crc-split/split_replay_server_1784060470.log,generated-result,21882,runtime output (gitignored)
logs/timing_exp/bounded-15-25ms-crc-split/split_replay_server_1784060473.log,generated-result,21882,runtime output (gitignored)
logs/timing_exp/bounded-15-25ms-crc-split/split_replay_server_1784060477.log,generated-result,21882,runtime output (gitignored)
logs/timing_exp/bounded-15-25ms-crc-split/split_replay_server_1784060481.log,generated-result,21882,runtime output (gitignored)
logs/timing_exp/bounded-15-25ms-crc-split/split_replay_server_1784060484.log,generated-result,21882,runtime output (gitignored)
logs/timing_exp/bounded-15-25ms-crc-split/split_replay_server_1784060488.log,generated-result,21882,runtime output (gitignored)
logs/timing_exp/bounded-15-25ms-crc-split/split_replay_server_1784060492.log,generated-result,21882,runtime output (gitignored)
logs/timing_exp/bounded-15-25ms-crc-split/split_replay_server_1784060495.log,generated-result,21882,runtime output (gitignored)
logs/timing_exp/bounded-15-25ms-crc-split/split_replay_server_1784060499.log,generated-result,21882,runtime output (gitignored)
logs/timing_exp/bounded-15-25ms-crc-split/split_replay_server_1784060502.log,generated-result,21882,runtime output (gitignored)
logs/timing_exp/bounded-15-25ms-crc-split/split_replay_server_1784060506.log,generated-result,21882,runtime output (gitignored)
logs/timing_exp/bounded-15-25ms-crc-split/split_replay_server_1784060510.log,generated-result,21882,runtime output (gitignored)
logs/timing_exp/bounded-15-25ms-crc-split/split_replay_server_1784060513.log,generated-result,21882,runtime output (gitignored)
logs/timing_exp/bounded-15-25ms-crc-split/timing_decisions.jsonl,generated-result,67356,runtime output (gitignored)
logs/timing_exp/bounded-15-25ms/request_01.bin,generated-result,24,runtime output (gitignored)
logs/timing_exp/bounded-15-25ms/request_02.bin,generated-result,21,runtime output (gitignored)
logs/timing_exp/bounded-15-25ms/request_03.bin,generated-result,24,runtime output (gitignored)
logs/timing_exp/bounded-15-25ms/request_04.bin,generated-result,18,runtime output (gitignored)
logs/timing_exp/bounded-15-25ms/request_05.bin,generated-result,15,runtime output (gitignored)
logs/timing_exp/bounded-15-25ms/split_replay_server_1784060351.log,generated-result,4964,runtime output (gitignored)
logs/timing_exp/bounded-15-25ms/split_replay_server_1784060352.log,generated-result,4964,runtime output (gitignored)
logs/timing_exp/bounded-15-25ms/split_replay_server_1784060353.log,generated-result,4964,runtime output (gitignored)
logs/timing_exp/bounded-15-25ms/split_replay_server_1784060354.log,generated-result,4964,runtime output (gitignored)
logs/timing_exp/bounded-15-25ms/split_replay_server_1784060356.log,generated-result,4964,runtime output (gitignored)
logs/timing_exp/bounded-15-25ms/split_replay_server_1784060357.log,generated-result,4964,runtime output (gitignored)
logs/timing_exp/bounded-15-25ms/split_replay_server_1784060358.log,generated-result,4964,runtime output (gitignored)
logs/timing_exp/bounded-15-25ms/split_replay_server_1784060359.log,generated-result,4964,runtime output (gitignored)
logs/timing_exp/bounded-15-25ms/split_replay_server_1784060360.log,generated-result,4964,runtime output (gitignored)
logs/timing_exp/bounded-15-25ms/split_replay_server_1784060361.log,generated-result,4964,runtime output (gitignored)
logs/timing_exp/bounded-15-25ms/split_replay_server_1784060363.log,generated-result,4964,runtime output (gitignored)
logs/timing_exp/bounded-15-25ms/split_replay_server_1784060364.log,generated-result,4964,runtime output (gitignored)
logs/timing_exp/bounded-15-25ms/split_replay_server_1784060365.log,generated-result,4964,runtime output (gitignored)
logs/timing_exp/bounded-15-25ms/split_replay_server_1784060366.log,generated-result,4964,runtime output (gitignored)
logs/timing_exp/bounded-15-25ms/split_replay_server_1784060367.log,generated-result,4964,runtime output (gitignored)
logs/timing_exp/bounded-15-25ms/split_replay_server_1784060368.log,generated-result,4964,runtime output (gitignored)
logs/timing_exp/bounded-15-25ms/split_replay_server_1784060370.log,generated-result,4964,runtime output (gitignored)
logs/timing_exp/bounded-15-25ms/split_replay_server_1784060371.log,generated-result,4964,runtime output (gitignored)
logs/timing_exp/bounded-15-25ms/split_replay_server_1784060372.log,generated-result,4964,runtime output (gitignored)
logs/timing_exp/bounded-15-25ms/split_replay_server_1784060373.log,generated-result,4964,runtime output (gitignored)
logs/timing_exp/bounded-15-25ms/timing_decisions.jsonl,generated-result,67360,runtime output (gitignored)
logs/timing_exp/fixed-10ms/request_01.bin,generated-result,24,runtime output (gitignored)
logs/timing_exp/fixed-10ms/request_02.bin,generated-result,21,runtime output (gitignored)
logs/timing_exp/fixed-10ms/request_03.bin,generated-result,24,runtime output (gitignored)
logs/timing_exp/fixed-10ms/request_04.bin,generated-result,18,runtime output (gitignored)
logs/timing_exp/fixed-10ms/request_05.bin,generated-result,15,runtime output (gitignored)
logs/timing_exp/fixed-10ms/split_replay_server_1784060282.log,generated-result,4926,runtime output (gitignored)
logs/timing_exp/fixed-10ms/split_replay_server_1784060283.log,generated-result,4926,runtime output (gitignored)
logs/timing_exp/fixed-10ms/split_replay_server_1784060284.log,generated-result,4926,runtime output (gitignored)
logs/timing_exp/fixed-10ms/split_replay_server_1784060285.log,generated-result,4926,runtime output (gitignored)
logs/timing_exp/fixed-10ms/split_replay_server_1784060287.log,generated-result,4926,runtime output (gitignored)
logs/timing_exp/fixed-10ms/split_replay_server_1784060288.log,generated-result,4926,runtime output (gitignored)
logs/timing_exp/fixed-10ms/split_replay_server_1784060289.log,generated-result,4926,runtime output (gitignored)
logs/timing_exp/fixed-10ms/split_replay_server_1784060290.log,generated-result,4926,runtime output (gitignored)
logs/timing_exp/fixed-10ms/split_replay_server_1784060291.log,generated-result,4926,runtime output (gitignored)
logs/timing_exp/fixed-10ms/split_replay_server_1784060292.log,generated-result,4926,runtime output (gitignored)
logs/timing_exp/fixed-10ms/split_replay_server_1784060293.log,generated-result,4926,runtime output (gitignored)
logs/timing_exp/fixed-10ms/split_replay_server_1784060294.log,generated-result,4926,runtime output (gitignored)
logs/timing_exp/fixed-10ms/split_replay_server_1784060296.log,generated-result,4926,runtime output (gitignored)
logs/timing_exp/fixed-10ms/split_replay_server_1784060297.log,generated-result,4926,runtime output (gitignored)
logs/timing_exp/fixed-10ms/split_replay_server_1784060298.log,generated-result,4926,runtime output (gitignored)
logs/timing_exp/fixed-10ms/split_replay_server_1784060299.log,generated-result,4926,runtime output (gitignored)
logs/timing_exp/fixed-10ms/split_replay_server_1784060300.log,generated-result,4926,runtime output (gitignored)
logs/timing_exp/fixed-10ms/split_replay_server_1784060301.log,generated-result,4926,runtime output (gitignored)
logs/timing_exp/fixed-10ms/split_replay_server_1784060302.log,generated-result,4926,runtime output (gitignored)
logs/timing_exp/fixed-10ms/split_replay_server_1784060303.log,generated-result,4926,runtime output (gitignored)
logs/timing_exp/fixed-10ms/timing_decisions.jsonl,generated-result,66369,runtime output (gitignored)
logs/timing_exp/fixed-25ms/request_01.bin,generated-result,24,runtime output (gitignored)
logs/timing_exp/fixed-25ms/request_02.bin,generated-result,21,runtime output (gitignored)
logs/timing_exp/fixed-25ms/request_03.bin,generated-result,24,runtime output (gitignored)
logs/timing_exp/fixed-25ms/request_04.bin,generated-result,18,runtime output (gitignored)
logs/timing_exp/fixed-25ms/request_05.bin,generated-result,15,runtime output (gitignored)
logs/timing_exp/fixed-25ms/split_replay_server_1784060304.log,generated-result,4931,runtime output (gitignored)
logs/timing_exp/fixed-25ms/split_replay_server_1784060306.log,generated-result,4931,runtime output (gitignored)
logs/timing_exp/fixed-25ms/split_replay_server_1784060307.log,generated-result,4931,runtime output (gitignored)
logs/timing_exp/fixed-25ms/split_replay_server_1784060308.log,generated-result,4931,runtime output (gitignored)
logs/timing_exp/fixed-25ms/split_replay_server_1784060309.log,generated-result,4931,runtime output (gitignored)
logs/timing_exp/fixed-25ms/split_replay_server_1784060310.log,generated-result,4931,runtime output (gitignored)
logs/timing_exp/fixed-25ms/split_replay_server_1784060312.log,generated-result,4931,runtime output (gitignored)
logs/timing_exp/fixed-25ms/split_replay_server_1784060313.log,generated-result,4931,runtime output (gitignored)
logs/timing_exp/fixed-25ms/split_replay_server_1784060314.log,generated-result,4931,runtime output (gitignored)
logs/timing_exp/fixed-25ms/split_replay_server_1784060315.log,generated-result,4931,runtime output (gitignored)
logs/timing_exp/fixed-25ms/split_replay_server_1784060316.log,generated-result,4931,runtime output (gitignored)
logs/timing_exp/fixed-25ms/split_replay_server_1784060318.log,generated-result,4931,runtime output (gitignored)
logs/timing_exp/fixed-25ms/split_replay_server_1784060319.log,generated-result,4931,runtime output (gitignored)
logs/timing_exp/fixed-25ms/split_replay_server_1784060320.log,generated-result,4931,runtime output (gitignored)
logs/timing_exp/fixed-25ms/split_replay_server_1784060321.log,generated-result,4931,runtime output (gitignored)
logs/timing_exp/fixed-25ms/split_replay_server_1784060322.log,generated-result,4931,runtime output (gitignored)
logs/timing_exp/fixed-25ms/split_replay_server_1784060324.log,generated-result,4931,runtime output (gitignored)
logs/timing_exp/fixed-25ms/split_replay_server_1784060325.log,generated-result,4931,runtime output (gitignored)
logs/timing_exp/fixed-25ms/split_replay_server_1784060326.log,generated-result,4931,runtime output (gitignored)
logs/timing_exp/fixed-25ms/split_replay_server_1784060327.log,generated-result,4931,runtime output (gitignored)
logs/timing_exp/fixed-25ms/timing_decisions.jsonl,generated-result,66568,runtime output (gitignored)
logs/timing_exp/native-crc-split/request_01.bin,generated-result,24,runtime output (gitignored)
logs/timing_exp/native-crc-split/request_02.bin,generated-result,21,runtime output (gitignored)
logs/timing_exp/native-crc-split/request_03.bin,generated-result,24,runtime output (gitignored)
logs/timing_exp/native-crc-split/request_04.bin,generated-result,18,runtime output (gitignored)
logs/timing_exp/native-crc-split/request_05.bin,generated-result,15,runtime output (gitignored)
logs/timing_exp/native-crc-split/split_replay_server_1784060374.log,generated-result,21266,runtime output (gitignored)
logs/timing_exp/native-crc-split/split_replay_server_1784060378.log,generated-result,21266,runtime output (gitignored)
logs/timing_exp/native-crc-split/split_replay_server_1784060381.log,generated-result,21266,runtime output (gitignored)
logs/timing_exp/native-crc-split/split_replay_server_1784060385.log,generated-result,21266,runtime output (gitignored)
logs/timing_exp/native-crc-split/split_replay_server_1784060388.log,generated-result,21266,runtime output (gitignored)
logs/timing_exp/native-crc-split/split_replay_server_1784060392.log,generated-result,21266,runtime output (gitignored)
logs/timing_exp/native-crc-split/split_replay_server_1784060395.log,generated-result,21266,runtime output (gitignored)
logs/timing_exp/native-crc-split/split_replay_server_1784060399.log,generated-result,21266,runtime output (gitignored)
logs/timing_exp/native-crc-split/split_replay_server_1784060402.log,generated-result,21266,runtime output (gitignored)
logs/timing_exp/native-crc-split/split_replay_server_1784060406.log,generated-result,21266,runtime output (gitignored)
logs/timing_exp/native-crc-split/split_replay_server_1784060409.log,generated-result,21266,runtime output (gitignored)
logs/timing_exp/native-crc-split/split_replay_server_1784060413.log,generated-result,21266,runtime output (gitignored)
logs/timing_exp/native-crc-split/split_replay_server_1784060416.log,generated-result,21266,runtime output (gitignored)
logs/timing_exp/native-crc-split/split_replay_server_1784060420.log,generated-result,21266,runtime output (gitignored)
logs/timing_exp/native-crc-split/split_replay_server_1784060423.log,generated-result,21266,runtime output (gitignored)
logs/timing_exp/native-crc-split/split_replay_server_1784060427.log,generated-result,21266,runtime output (gitignored)
logs/timing_exp/native-crc-split/split_replay_server_1784060430.log,generated-result,21266,runtime output (gitignored)
logs/timing_exp/native-crc-split/split_replay_server_1784060434.log,generated-result,21266,runtime output (gitignored)
logs/timing_exp/native-crc-split/split_replay_server_1784060437.log,generated-result,21266,runtime output (gitignored)
logs/timing_exp/native-crc-split/split_replay_server_1784060441.log,generated-result,21266,runtime output (gitignored)
logs/timing_exp/native-crc-split/timing_decisions.jsonl,generated-result,64848,runtime output (gitignored)
logs/timing_exp/native/request_01.bin,generated-result,24,runtime output (gitignored)
logs/timing_exp/native/request_02.bin,generated-result,21,runtime output (gitignored)
logs/timing_exp/native/request_03.bin,generated-result,24,runtime output (gitignored)
logs/timing_exp/native/request_04.bin,generated-result,18,runtime output (gitignored)
logs/timing_exp/native/request_05.bin,generated-result,15,runtime output (gitignored)
logs/timing_exp/native/split_replay_server_1784060261.log,generated-result,4348,runtime output (gitignored)
logs/timing_exp/native/split_replay_server_1784060262.log,generated-result,4348,runtime output (gitignored)
logs/timing_exp/native/split_replay_server_1784060263.log,generated-result,4348,runtime output (gitignored)
logs/timing_exp/native/split_replay_server_1784060264.log,generated-result,4348,runtime output (gitignored)
logs/timing_exp/native/split_replay_server_1784060265.log,generated-result,4348,runtime output (gitignored)
logs/timing_exp/native/split_replay_server_1784060266.log,generated-result,4348,runtime output (gitignored)
logs/timing_exp/native/split_replay_server_1784060267.log,generated-result,4348,runtime output (gitignored)
logs/timing_exp/native/split_replay_server_1784060268.log,generated-result,4348,runtime output (gitignored)
logs/timing_exp/native/split_replay_server_1784060269.log,generated-result,4348,runtime output (gitignored)
logs/timing_exp/native/split_replay_server_1784060270.log,generated-result,4348,runtime output (gitignored)
logs/timing_exp/native/split_replay_server_1784060271.log,generated-result,4348,runtime output (gitignored)
logs/timing_exp/native/split_replay_server_1784060272.log,generated-result,4348,runtime output (gitignored)
logs/timing_exp/native/split_replay_server_1784060274.log,generated-result,4348,runtime output (gitignored)
logs/timing_exp/native/split_replay_server_1784060275.log,generated-result,4348,runtime output (gitignored)
logs/timing_exp/native/split_replay_server_1784060276.log,generated-result,4348,runtime output (gitignored)
logs/timing_exp/native/split_replay_server_1784060277.log,generated-result,4348,runtime output (gitignored)
logs/timing_exp/native/split_replay_server_1784060278.log,generated-result,4348,runtime output (gitignored)
logs/timing_exp/native/split_replay_server_1784060279.log,generated-result,4348,runtime output (gitignored)
logs/timing_exp/native/split_replay_server_1784060280.log,generated-result,4348,runtime output (gitignored)
logs/timing_exp/native/split_replay_server_1784060281.log,generated-result,4348,runtime output (gitignored)
logs/timing_exp/native/timing_decisions.jsonl,generated-result,64860,runtime output (gitignored)
map_response.py,active-CLI,10301,runnable experiment/analysis entry point
payloads/baseline/data_frame.bin,derived-data,292,extracted payload bin/metadata (replay input)
payloads/baseline/metadata.json,derived-data,4193,extracted payload bin/metadata (replay input)
payloads/baseline/orig_0001.bin,derived-data,24,extracted payload bin/metadata (replay input)
payloads/baseline/orig_0002.bin,derived-data,21,extracted payload bin/metadata (replay input)
payloads/baseline/orig_0003.bin,derived-data,27,extracted payload bin/metadata (replay input)
payloads/baseline/orig_0004.bin,derived-data,15,extracted payload bin/metadata (replay input)
payloads/baseline/orig_0005.bin,derived-data,24,extracted payload bin/metadata (replay input)
payloads/baseline/orig_0006.bin,derived-data,18,extracted payload bin/metadata (replay input)
payloads/baseline/resp_0001.bin,derived-data,17,extracted payload bin/metadata (replay input)
payloads/baseline/resp_0002.bin,derived-data,17,extracted payload bin/metadata (replay input)
payloads/baseline/resp_0003.bin,derived-data,292,extracted payload bin/metadata (replay input)
payloads/baseline/resp_0004.bin,derived-data,638,extracted payload bin/metadata (replay input)
payloads/baseline/resp_0005.bin,derived-data,17,extracted payload bin/metadata (replay input)
payloads/baseline/resp_0006.bin,derived-data,292,extracted payload bin/metadata (replay input)
payloads/baseline/resp_0007.bin,derived-data,292,extracted payload bin/metadata (replay input)
payloads/baseline/resp_0008.bin,derived-data,230,extracted payload bin/metadata (replay input)
payloads/from_live/metadata.json,derived-data,4320,extracted payload bin/metadata (replay input)
payloads/from_live/orig_0001.bin,derived-data,24,extracted payload bin/metadata (replay input)
payloads/from_live/orig_0002.bin,derived-data,21,extracted payload bin/metadata (replay input)
payloads/from_live/orig_0003.bin,derived-data,24,extracted payload bin/metadata (replay input)
payloads/from_live/orig_0004.bin,derived-data,18,extracted payload bin/metadata (replay input)
payloads/from_live/orig_0005.bin,derived-data,15,extracted payload bin/metadata (replay input)
payloads/from_live/read_response_full.bin,derived-data,2407,extracted payload bin/metadata (replay input)
payloads/from_live/resp_0001.bin,derived-data,17,extracted payload bin/metadata (replay input)
payloads/from_live/resp_0002.bin,derived-data,17,extracted payload bin/metadata (replay input)
payloads/from_live/resp_0003.bin,derived-data,17,extracted payload bin/metadata (replay input)
payloads/from_live/resp_0004.bin,derived-data,292,extracted payload bin/metadata (replay input)
payloads/from_live/resp_0005.bin,derived-data,1168,extracted payload bin/metadata (replay input)
payloads/from_live/resp_0006.bin,derived-data,947,extracted payload bin/metadata (replay input)
payloads/from_live/resp_0007.bin,derived-data,292,extracted payload bin/metadata (replay input)
payloads/from_live/resp_0008.bin,derived-data,1168,extracted payload bin/metadata (replay input)
payloads/from_live/resp_0009.bin,derived-data,197,extracted payload bin/metadata (replay input)
payloads/replay/metadata.json,derived-data,4320,extracted payload bin/metadata (replay input)
payloads/replay/orig_0001.bin,derived-data,24,extracted payload bin/metadata (replay input)
payloads/replay/orig_0002.bin,derived-data,21,extracted payload bin/metadata (replay input)
payloads/replay/orig_0003.bin,derived-data,24,extracted payload bin/metadata (replay input)
payloads/replay/orig_0004.bin,derived-data,18,extracted payload bin/metadata (replay input)
payloads/replay/orig_0005.bin,derived-data,15,extracted payload bin/metadata (replay input)
payloads/replay/replay_response.bin,derived-data,902,extracted payload bin/metadata (replay input)
payloads/replay/resp_0001.bin,derived-data,17,extracted payload bin/metadata (replay input)
payloads/replay/resp_0002.bin,derived-data,17,extracted payload bin/metadata (replay input)
payloads/replay/resp_0003.bin,derived-data,17,extracted payload bin/metadata (replay input)
payloads/replay/resp_0004.bin,derived-data,292,extracted payload bin/metadata (replay input)
payloads/replay/resp_0005.bin,derived-data,1168,extracted payload bin/metadata (replay input)
payloads/replay/resp_0006.bin,derived-data,947,extracted payload bin/metadata (replay input)
payloads/replay/resp_0007.bin,derived-data,292,extracted payload bin/metadata (replay input)
payloads/replay/resp_0008.bin,derived-data,1168,extracted payload bin/metadata (replay input)
payloads/replay/resp_0009.bin,derived-data,197,extracted payload bin/metadata (replay input)
profiles/ab1400_combined_ack.json,generated-result,984,measured device profile (characterize_ack_traces.py)
profiles/ion7550_combined_ack.json,generated-result,1002,measured device profile (characterize_ack_traces.py)
profiles/sel751_separate_ack.json,generated-result,1005,measured device profile (characterize_ack_traces.py)
reports/ack_delay_master_report.md,report,17586,write-up / briefing
reports/ack_delay_tutorial.html,report,373948,write-up / briefing
reports/ack_fingerprint_clusters.png,generated-result,106589,analysis output (csv/json/png/pcap/jsonl)
reports/ack_fingerprint_eval.json,generated-result,7601,analysis output (csv/json/png/pcap/jsonl)
reports/ack_fingerprint_eval.md,report,3101,write-up / briefing
reports/ack_separation_matrix.csv,generated-result,72815,analysis output (csv/json/png/pcap/jsonl)
reports/ack_separation_matrix.json,generated-result,335339,analysis output (csv/json/png/pcap/jsonl)
reports/ack_separation_notes.md,report,9280,write-up / briefing
reports/ack_separation_rig/ack_separation_client_matrix.csv,generated-result,123837,analysis output (csv/json/png/pcap/jsonl)
reports/ack_separation_rig/acksep_refine.pcap,generated-result,2619752,analysis output (csv/json/png/pcap/jsonl)
reports/ack_separation_rig/acksep_serverside.pcap,generated-result,2268688,analysis output (csv/json/png/pcap/jsonl)
reports/ack_separation_rig_results.md,report,5839,write-up / briefing
reports/ack_timing_implementation_report.md,report,21837,write-up / briefing
reports/ack_trace_characterization.csv,generated-result,5020153,analysis output (csv/json/png/pcap/jsonl)
reports/ack_trace_characterization.json,generated-result,19433731,analysis output (csv/json/png/pcap/jsonl)
reports/ack_trace_summary.md,report,10228,write-up / briefing
reports/attacker_eval.md,report,10247,write-up / briefing
reports/attacker_eval_results.json,generated-result,122061,analysis output (csv/json/png/pcap/jsonl)
reports/baseline_segmentation.md,report,4079,write-up / briefing
reports/dnp3_timing_obfuscation_briefing.html,report,87152,write-up / briefing
reports/field_map_results.md,report,1648,write-up / briefing
reports/from_live_split_results.md,report,5471,write-up / briefing
reports/ordered_replay_results.md,report,3333,write-up / briefing
reports/original_code_audit.md,report,7123,write-up / briefing
reports/pad_rig/pad_devA.pcap,generated-result,1817,analysis output (csv/json/png/pcap/jsonl)
reports/pad_rig/pad_devA_pad.pcap,generated-result,2128,analysis output (csv/json/png/pcap/jsonl)
reports/pad_rig/pad_devB.pcap,generated-result,2128,analysis output (csv/json/png/pcap/jsonl)
reports/pad_rig_results.md,report,4048,write-up / briefing
reports/phases/phase_00/dependency_inventory.txt,generated-result,576,analysis output (csv/json/png/pcap/jsonl)
reports/phases/phase_00/proposed_repository_tree.md,report,4838,write-up / briefing
reports/phases/phase_00/repository_tree_before.txt,generated-result,31459,analysis output (csv/json/png/pcap/jsonl)
reports/replay_results.md,report,3115,write-up / briefing
reports/request_aware_replay_results.md,report,7050,write-up / briefing
reports/rig_timing/bounded-10-15ms_timing_decisions.jsonl,generated-result,116438,analysis output (csv/json/png/pcap/jsonl)
reports/rig_timing/bounded-15-25ms-crc-split_timing_decisions.jsonl,generated-result,69901,analysis output (csv/json/png/pcap/jsonl)
reports/rig_timing/bounded-15-25ms_timing_decisions.jsonl,generated-result,116614,analysis output (csv/json/png/pcap/jsonl)
reports/rig_timing/fixed-10ms_timing_decisions.jsonl,generated-result,115122,analysis output (csv/json/png/pcap/jsonl)
reports/rig_timing/fixed-25ms_timing_decisions.jsonl,generated-result,115433,analysis output (csv/json/png/pcap/jsonl)
reports/rig_timing/native-crc-split_timing_decisions.jsonl,generated-result,67715,analysis output (csv/json/png/pcap/jsonl)
reports/rig_timing/native_timing_decisions.jsonl,generated-result,113007,analysis output (csv/json/png/pcap/jsonl)
reports/rig_timing/pcap-bounded1525.pcap,generated-result,42144,analysis output (csv/json/png/pcap/jsonl)
reports/rig_timing/pcap-fixed25.pcap,generated-result,42144,analysis output (csv/json/png/pcap/jsonl)
reports/rig_timing/pcap-native.pcap,generated-result,42144,analysis output (csv/json/png/pcap/jsonl)
reports/rig_timing/rig_matrix_results.json,generated-result,3834,analysis output (csv/json/png/pcap/jsonl)
reports/rig_timing_matrix_results.md,report,7145,write-up / briefing
reports/rto_probe_notes.md,report,3507,write-up / briefing
reports/rto_probe_results.csv,generated-result,8551,analysis output (csv/json/png/pcap/jsonl)
reports/rto_probe_results.json,generated-result,56407,analysis output (csv/json/png/pcap/jsonl)
reports/split_aggressiveness_sweep.md,report,2868,write-up / briefing
reports/split_results.md,report,2560,write-up / briefing
reports/tcp_ack_details.csv,generated-result,1383,analysis output (csv/json/png/pcap/jsonl)
reports/tcp_ack_fingerprinting.md,report,1865,write-up / briefing
reports/tcp_ack_summary.csv,generated-result,212,analysis output (csv/json/png/pcap/jsonl)
reports/timing_experiment_results.csv,generated-result,1100,analysis output (csv/json/png/pcap/jsonl)
reports/timing_experiment_results.json,generated-result,3859,analysis output (csv/json/png/pcap/jsonl)
reports/trace_before_after.csv,generated-result,1422,analysis output (csv/json/png/pcap/jsonl)
reports/trace_before_after.json,generated-result,4763,analysis output (csv/json/png/pcap/jsonl)
reports/trace_before_after.md,report,3480,write-up / briefing
reports/trace_before_after.png,generated-result,104155,analysis output (csv/json/png/pcap/jsonl)
requirements.txt,experiment-config,395,dependency manifest (INCOMPLETE: numpy/pandas/sklearn/tshark undeclared)
rto_probe.py,active-CLI,34039,runnable experiment/analysis entry point
run_master.py,active-CLI,34230,runnable experiment/analysis entry point
run_outstation.py,active-CLI,24536,runnable experiment/analysis entry point
run_timing_experiment.py,active-CLI,6975,runnable experiment/analysis entry point
runs/run_01/baseline.pcap,generated-result,17468,runtime output (gitignored)
runs/run_01/baseline_soe.csv,generated-result,237197,runtime output (gitignored)
runs/run_01/crc_split_soe.csv,generated-result,237197,runtime output (gitignored)
runs/run_01/crc_split_summary.txt,generated-result,50985,runtime output (gitignored)
runs/run_01/exact_replay_soe.csv,generated-result,237197,runtime output (gitignored)
runs/run_01/payloads/metadata.json,generated-result,8944,runtime output (gitignored)
runs/run_01/payloads/orig_0001.bin,generated-result,24,runtime output (gitignored)
runs/run_01/payloads/orig_0002.bin,generated-result,21,runtime output (gitignored)
runs/run_01/payloads/orig_0003.bin,generated-result,24,runtime output (gitignored)
runs/run_01/payloads/orig_0004.bin,generated-result,18,runtime output (gitignored)
runs/run_01/payloads/orig_0005.bin,generated-result,15,runtime output (gitignored)
runs/run_01/payloads/orig_0006.bin,generated-result,15,runtime output (gitignored)
runs/run_01/payloads/orig_0007.bin,generated-result,15,runtime output (gitignored)
runs/run_01/payloads/orig_0008.bin,generated-result,15,runtime output (gitignored)
runs/run_01/payloads/orig_0009.bin,generated-result,15,runtime output (gitignored)
runs/run_01/payloads/resp_0001.bin,generated-result,17,runtime output (gitignored)
runs/run_01/payloads/resp_0002.bin,generated-result,17,runtime output (gitignored)
runs/run_01/payloads/resp_0003.bin,generated-result,17,runtime output (gitignored)
runs/run_01/payloads/resp_0004.bin,generated-result,292,runtime output (gitignored)
runs/run_01/payloads/resp_0005.bin,generated-result,1448,runtime output (gitignored)
runs/run_01/payloads/resp_0006.bin,generated-result,596,runtime output (gitignored)
runs/run_01/payloads/resp_0007.bin,generated-result,72,runtime output (gitignored)
runs/run_01/payloads/resp_0008.bin,generated-result,292,runtime output (gitignored)
runs/run_01/payloads/resp_0009.bin,generated-result,1448,runtime output (gitignored)
runs/run_01/payloads/resp_0010.bin,generated-result,668,runtime output (gitignored)
runs/run_01/payloads/resp_0011.bin,generated-result,292,runtime output (gitignored)
runs/run_01/payloads/resp_0012.bin,generated-result,1448,runtime output (gitignored)
runs/run_01/payloads/resp_0013.bin,generated-result,668,runtime output (gitignored)
runs/run_01/payloads/resp_0014.bin,generated-result,292,runtime output (gitignored)
runs/run_01/payloads/resp_0015.bin,generated-result,1448,runtime output (gitignored)
runs/run_01/payloads/resp_0016.bin,generated-result,669,runtime output (gitignored)
runs/run_01/payloads/resp_0017.bin,generated-result,292,runtime output (gitignored)
runs/run_01/payloads/resp_0018.bin,generated-result,1448,runtime output (gitignored)
runs/run_01/payloads/resp_0019.bin,generated-result,669,runtime output (gitignored)
runs/run_01/payloads/resp_0020.bin,generated-result,111,runtime output (gitignored)
split_server.py,active-CLI,34161,runnable experiment/analysis entry point
tests/__pycache__/loopback_smoke.cpython-38.pyc,generated-result,5662,bytecode/cache (gitignored/derived)
tests/__pycache__/test_timing_policy.cpython-38-pytest-8.3.5.pyc,generated-result,25077,bytecode/cache (gitignored/derived)
tests/loopback_smoke.py,test,6276,test / smoke harness
tests/native_master_loopback.sh,test,2674,test / smoke harness
tests/test_timing_policy.py,test,9807,test / smoke harness
timing_policy.py,active-source,20186,reusable library module (imported by active path)
trace_before_after.py,active-CLI,23436,runnable experiment/analysis entry point
worklogs/agents/phase_00/cli_inventory.md,report,24141,Phase 00 agent worklog (audit evidence)
worklogs/agents/phase_00/repository_architect.md,report,16590,Phase 00 agent worklog (audit evidence)
worklogs/agents/phase_00/research_reviewer.md,report,16548,Phase 00 agent worklog (audit evidence)
worklogs/agents/phase_00/result_provenance.md,report,13536,Phase 00 agent worklog (audit evidence)
