arm,class,request_to_ack_ms,clrt_ms
timing_off,READ,0.5534,1.1610
timing_off,READ,1.8222,1.1650
timing_off,READ,0.5059,2.3160
timing_off,READ,0.5195,1.2630
timing_off,READ,1.6842,1.2010
timing_off,READ,0.5212,2.2790
timing_off,READ,0.6337,1.2490
timing_off,READ,1.5652,1.2380
timing_off,READ,0.5648,2.2540
timing_off,READ,0.5541,1.2870
timing_off,READ,1.5512,1.1640
timing_off,READ,0.5677,2.4010
timing_off,READ,0.6468,1.1390
timing_off,READ,1.6570,1.1440
timing_off,READ,0.6177,2.1920
timing_off,READ,0.6137,1.1640
timing_off,READ,1.5287,1.1720
timing_off,READ,0.6235,2.2360
timing_off,READ,0.5484,1.2830
timing_off,READ,1.5082,1.1320
timing_off,READ,0.6309,2.2920
timing_off,READ,0.5147,1.2730
timing_off,READ,1.6420,1.2260
timing_off,READ,0.4997,2.3440
timing_off,READ,0.5257,2.1990
timing_off,READ,0.5076,5.5440
timing_off,READ,1.6336,1.2210
timing_off,READ,0.6309,6.4230
timing_off,READ,0.6278,1.1710
timing_off,READ,1.6644,6.2220
timing_off,READ,1.6456,1.1540
timing_off,READ,0.6213,6.9730
timing_off,READ,0.6683,1.1850
timing_off,READ,1.5702,1.1700
timing_off,READ,0.6230,2.1820
timing_off,READ,0.6125,5.4810
timing_off,READ,1.5426,1.2420
timing_off,READ,0.6022,2.1750
timing_off,READ,0.6049,1.1860
timing_off,READ,1.5280,1.2480
timing_off,READ,0.5240,7.2830
timing_off,READ,0.5968,2.1290
timing_off,READ,0.5705,1.2270
timing_off,READ,1.6191,1.1960
timing_off,READ,0.8271,2.0850
timing_off,READ,0.5343,1.2680
timing_off,READ,1.6615,1.2340
timing_off,READ,0.5765,7.2370
timing_off,READ,0.5960,2.1300
timing_off,READ,0.6790,1.2040
timing_off,READ,1.5635,1.1810
timing_off,READ,4.7877,6.4010
timing_off,READ,0.5569,1.2160
timing_off,READ,1.4982,6.3790
timing_off,READ,1.6479,1.1410
timing_off,READ,0.6247,2.1350
timing_off,READ,0.6461,1.1320
timing_off,READ,1.6584,1.1150
timing_off,READ,0.5736,7.3660
timing_off,READ,0.5591,2.1490
timing_off,READ,0.6101,7.1880
timing_off,READ,0.5174,1.3370
timing_off,READ,1.7097,1.2460
timing_off,READ,0.5188,7.3730
timing_off,READ,0.6325,2.1940
timing_off,READ,0.5844,7.2670
timing_off,READ,0.5288,1.2480
timing_off,READ,1.6367,1.2120
timing_off,READ,0.5648,7.2470
timing_off,READ,0.6223,2.1070
timing_off,READ,0.6251,7.1750
timing_off,READ,0.5848,1.2770
timing_off,READ,0.5829,11.2800
timing_off,READ,0.6044,2.1390
timing_off,READ,0.7045,1.1570
timing_off,READ,1.5986,1.2200
timing_off,READ,0.7474,2.1560
timing_off,READ,0.5910,1.2060
timing_off,READ,5.7535,1.2370
timing_off,READ,0.5188,7.3510
timing_off,READ,0.6340,2.1550
timing_off,READ,0.6359,7.1170
timing_off,READ,0.6275,1.2430
timing_off,READ,1.6809,1.1500
timing_off,READ,0.6270,2.1510
timing_off,READ,0.6130,5.3270
timing_off,READ,1.6382,1.1430
timing_off,READ,0.6843,2.1790
timing_off,READ,0.6268,1.1770
timing_off,READ,1.6921,1.1920
timing_off,READ,0.5980,7.3570
timing_off,READ,0.6025,2.1590
timing_off,READ,0.6764,1.1670
timing_off,READ,1.5850,1.1780
timing_off,READ,0.6793,2.1250
timing_off,READ,0.6013,1.1580
timing_off,READ,1.6127,1.1820
timing_off,READ,0.5744,7.4960
timing_off,READ,0.5143,2.2170
timing_off,READ,0.6831,1.1590
timing_off,READ,1.5192,1.2270
timing_off,READ,0.5436,2.2370
timing_off,READ,0.5322,1.2270
timing_off,READ,1.5686,1.2120
timing_off,READ,0.5305,7.5090
timing_off,READ,0.6835,2.2500
timing_off,READ,0.7820,2.1930
timing_off,READ,0.5720,1.2010
timing_off,READ,1.6110,1.1730
timing_off,READ,0.6101,6.4300
timing_off,READ,0.6163,1.1670
timing_off,READ,1.6525,6.2100
timing_off,READ,1.6513,1.1400
timing_off,READ,0.6397,7.0630
timing_off,READ,0.6001,1.2010
timing_off,READ,1.4832,1.2380
timing_off,READ,0.5670,7.2320
timing_off,READ,0.6275,2.1690
timing_off,READ,0.5708,7.1590
timing_off,READ,0.6340,1.2420
timing_off,READ,1.5860,1.1920
timing_off,READ,0.5851,2.2000
timing_off,READ,4.6954,7.2660
timing_off,READ,0.5345,1.2690
timing_off,READ,1.6677,1.1430
timing_off,READ,0.6285,12.0830
timing_off,READ,0.5546,2.2480
timing_off,READ,0.5443,11.3420
timing_off,READ,0.5808,1.2020
timing_off,READ,1.6112,12.2740
timing_off,READ,0.5710,1.1550
timing_off,READ,1.6854,1.1510
timing_off,READ,0.6163,7.1280
timing_off,READ,0.5817,2.2220
timing_off,READ,0.6020,4.7790
timing_off,READ,0.6294,2.1990
timing_off,READ,0.5796,1.2500
timing_off,READ,1.6747,1.1810
timing_off,READ,0.5784,2.3190
timing_off,READ,0.6275,1.1580
timing_off,READ,1.5819,1.1370
timing_off,READ,0.5598,2.2240
timing_off,READ,4.8368,1.3270
timing_off,READ,1.5059,1.2530
timing_off,READ,0.5789,2.2290
timing_off,READ,0.4911,1.2710
timing_off,READ,1.4808,1.2730
timing_off,READ,0.5240,2.3270
timing_off,READ,0.5693,2.1810
timing_off,READ,0.5708,1.2610
timing_off,READ,0.5779,2.2000
timing_off,READ,0.6037,2.1410
timing_off,READ,0.5875,1.2520
timing_off,READ,0.5596,2.3750
timing_off,READ,0.6161,2.1810
timing_off,READ,0.6256,1.2250
timing_off,READ,1.6301,1.1660
timing_off,READ,0.6154,2.1260
timing_off,READ,0.6404,1.1410
timing_off,READ,1.6470,1.2340
timing_off,READ,0.5453,2.1710
timing_off,READ,0.6237,1.1510
timing_off,READ,1.7016,1.1550
timing_off,READ,0.5386,2.3220
timing_off,READ,0.4978,1.2850
timing_off,READ,1.5342,1.3730
timing_off,READ,0.4880,2.1810
timing_off,READ,0.5028,1.4650
timing_off,READ,1.7061,1.1220
timing_off,READ,0.7179,2.2030
timing_off,READ,0.5975,1.1680
timing_off,READ,1.6482,1.1300
timing_off,READ,0.6378,2.1320
timing_off,READ,0.6208,1.1590
timing_off,READ,1.6298,1.3000
timing_off,READ,0.5832,2.1690
timing_off,READ,0.7010,1.1640
timing_off,READ,1.5161,1.3130
timing_off,READ,4.6747,2.4990
timing_off,READ,0.6270,2.1840
timing_off,READ,0.6390,1.1530
timing_off,READ,1.6427,1.2200
timing_off,READ,0.6268,2.0760
timing_off,READ,0.6320,1.3110
timing_off,READ,1.5860,1.1830
timing_off,READ,0.5116,2.2710
timing_off,READ,0.6306,1.1720
timing_off,READ,1.6522,1.1880
timing_off,READ,0.5670,2.2530
timing_off,READ,0.6056,1.2440
timing_off,READ,1.6103,1.2290
timing_off,READ,0.5505,2.1280
timing_off,READ,0.5448,1.2850
timing_off,READ,1.6105,1.1860
timing_off,READ,0.8173,2.1210
timing_off,READ,0.6683,1.1780
timing_off,READ,1.7047,1.1060
timing_off,READ,0.6230,2.2070
timing_off,READ,0.5517,1.2230
timing_off,READ,1.6084,1.1630
timing_off,READ,0.6032,2.1520
timing_off,READ,0.6902,1.1400
timing_off,READ,1.5292,1.1960
timing_off,READ,0.7210,2.2070
timing_off,READ,0.5202,1.2340
timing_off,READ,1.6978,1.2140
timing_off,READ,0.5116,2.4060
timing_off,READ,0.6280,2.1390
timing_off,READ,0.6437,1.1880
timing_off,READ,1.5595,1.2370
timing_off,READ,0.6902,2.1520
timing_off,READ,0.6316,1.1690
timing_off,READ,1.6072,1.2310
timing_off,READ,0.6115,6.5120
timing_off,READ,0.5548,1.2320
timing_off,READ,1.6279,1.4320
timing_off,READ,0.6235,2.1440
timing_off,READ,0.6390,1.1970
timing_off,READ,1.6587,1.0860
timing_off,READ,0.6316,2.1340
timing_off,READ,0.6268,1.1600
timing_off,READ,1.6639,1.1870
timing_off,READ,0.6340,2.1700
timing_off,READ,0.5298,1.2120
timing_off,READ,1.6234,1.3150
timing_off,READ,0.5224,2.2290
timing_off,READ,0.5617,1.2160
timing_off,READ,1.5745,1.1850
timing_off,READ,0.6282,2.1500
timing_off,READ,0.6683,1.1820
timing_off,READ,1.6210,1.1760
timing_off,READ,0.5498,2.2000
timing_off,READ,0.5722,1.1950
timing_off,READ,1.6158,1.1730
timing_off,READ,0.5641,2.1900
timing_off,READ,0.7851,1.2120
timing_off,READ,1.5390,1.2400
timing_off,READ,0.6406,2.2190
timing_off,READ,0.5128,2.3110
timing_off,READ,0.6289,1.2070
timing_off,READ,1.5719,1.1860
timing_off,READ,0.6156,2.1820
timing_off,READ,0.6287,1.1450
timing_off,READ,1.5733,1.1710
timing_off,READ,0.7143,2.1320
timing_off,READ,0.5579,1.2170
timing_off,READ,1.7099,1.2320
timing_off,READ,0.5102,2.3500
timing_off,READ,0.5915,1.1980
timing_off,READ,5.6779,1.3360
timing_off,READ,0.5267,2.2020
timing_off,READ,0.5503,1.3280
timing_off,READ,1.6217,1.1680
timing_off,READ,0.5875,2.1410
timing_off,READ,0.5736,1.2570
timing_off,READ,1.8458,1.1240
timing_off,READ,0.6406,2.3320
timing_off,READ,0.5829,1.2710
timing_off,READ,1.5304,1.2680
timing_off,READ,0.5250,2.2160
timing_off,READ,0.6332,1.1980
timing_off,READ,1.5166,1.2490
timing_off,READ,0.5469,2.2430
timing_off,READ,0.5221,1.2760
timing_off,READ,1.5240,1.2400
timing_off,READ,0.5233,2.7370
timing_off,READ,0.5257,2.2890
timing_off,READ,0.6280,1.2000
timing_off,READ,1.5514,6.3240
timing_off,READ,1.6425,1.1880
timing_off,READ,0.5703,4.0710
timing_off,READ,1.6916,1.2350
timing_off,READ,0.6254,2.1550
timing_off,READ,0.7792,1.1450
timing_off,READ,1.5757,1.1730
timing_off,READ,0.6320,2.3200
timing_off,READ,0.5789,1.2960
timing_off,READ,1.6124,1.1310
timing_off,READ,0.5724,2.2420
timing_off,READ,0.6375,1.1460
timing_off,READ,1.5821,1.1300
timing_off,READ,0.6094,6.1220
timing_off,READ,0.5782,1.4030
timing_off,READ,1.6739,1.1800
timing_off,READ,0.6588,2.1380
timing_off,READ,0.6459,1.1510
timing_off,READ,1.6832,1.1450
timing_off,READ,0.5598,2.2530
timing_off,READ,0.5805,1.2020
timing_off,READ,1.6065,1.2410
timing_off,READ,0.5701,2.1880
timing_off,READ,0.6113,1.1870
timing_off,READ,1.5631,1.2330
timing_off,READ,0.7510,2.2070
timing_off,READ,0.5324,2.5110
timing_off,READ,0.6325,1.1520
timing_off,READ,1.6406,1.1370
timing_off,READ,0.6194,2.1650
timing_off,READ,0.5760,1.2070
timing_off,READ,1.6146,1.1360
timing_off,READ,0.5307,2.2570
timing_off,READ,0.5426,1.3240
timing_off,READ,1.5800,1.1780
timing_off,READ,0.6297,2.3080
timing_off,READ,0.5226,1.2720
timing_off,READ,1.5852,1.1910
timing_off,READ,0.5078,2.2460
timing_off,READ,0.4966,1.3630
timing_off,READ,1.5347,1.2730
timing_off,READ,0.6270,2.1600
timing_off,READ,0.6280,1.2470
timing_off,READ,1.5981,1.1080
timing_off,READ,0.6151,2.2290
timing_off,READ,0.6223,1.1610
timing_off,READ,1.7741,1.1390
timing_off,READ,0.5870,2.3500
timing_off,READ,0.5586,1.2260
timing_off,READ,1.4994,5.4370
timing_off,READ,0.5698,2.2740
timing_off,READ,0.5028,2.3790
timing_off,READ,0.5982,1.1930
timing_off,READ,1.5969,1.2070
timing_off,READ,0.6166,2.1880
timing_off,READ,0.7854,1.1450
timing_off,READ,1.6313,1.1480
timing_off,READ,0.5970,2.1660
timing_off,READ,0.5424,1.2380
timing_off,READ,1.6356,1.2340
timing_off,READ,0.6139,2.2500
timing_off,READ,0.5822,1.2730
timing_off,READ,1.6131,1.1960
timing_off,READ,0.5684,2.2180
timing_off,READ,0.6499,1.3440
timing_off,READ,1.6022,1.2830
timing_off,READ,0.6199,2.1740
timing_off,READ,0.6299,1.2340
timing_off,READ,1.4763,1.2380
timing_off,READ,0.5746,2.2670
timing_off,READ,0.5088,1.2530
timing_off,READ,1.5051,1.1990
timing_off,READ,0.5593,2.2840
timing_off,READ,0.5205,1.2660
timing_off,READ,1.4577,1.3140
timing_off,READ,0.5207,2.2870
timing_off,READ,0.5252,2.4600
timing_off,READ,0.5689,1.2430
timing_off,READ,1.5991,1.2300
timing_off,READ,0.6299,2.1350
timing_off,READ,0.6282,1.1550
timing_off,READ,1.6451,1.2250
timing_off,READ,0.6192,2.1240
timing_off,READ,0.6185,1.1940
timing_off,READ,1.6477,1.1380
timing_off,READ,4.6945,2.3490
timing_off,READ,0.6120,1.1740
timing_off,READ,1.6463,1.1810
timing_off,READ,0.5782,2.2250
timing_off,READ,0.5538,1.2460
timing_off,READ,1.5521,1.2170
timing_off,READ,0.5186,2.2710
timing_off,READ,0.5133,1.3500
timing_off,READ,1.5788,1.0590
timing_off,READ,0.5140,2.4490
timing_off,READ,0.5193,1.2830
timing_off,READ,1.7340,1.1680
timing_off,READ,0.6361,2.1950
timing_off,READ,0.6177,1.1560
timing_off,READ,1.5819,1.2130
timing_off,READ,0.6275,2.1600
timing_off,READ,0.6030,2.3880
timing_off,READ,0.5326,1.2240
timing_off,READ,0.5698,2.2680
timing_off,READ,0.5808,2.2250
timing_off,READ,0.5906,1.1950
timing_off,READ,0.5612,2.4480
timing_off,READ,0.6294,2.1210
timing_off,READ,0.6046,1.2570
timing_off,READ,1.6539,1.1400
timing_off,READ,0.5195,2.1340
timing_off,READ,0.6404,1.1820
timing_off,READ,1.7352,1.1370
timing_off,READ,0.5150,2.3940
timing_off,READ,0.5159,1.3010
timing_off,READ,1.5965,1.5150
timing_off,READ,0.5577,2.1830
timing_off,READ,0.7646,1.2030
timing_off,READ,1.5361,1.2440
timing_off,READ,0.5724,2.1940
timing_off,READ,0.5536,5.3450
timing_off,READ,1.5821,1.2900
timing_off,READ,0.5784,2.2080
timing_off,READ,0.5808,2.1640
timing_off,READ,0.5848,1.3120
timing_off,READ,1.5979,1.1860
timing_off,READ,0.6015,2.3020
timing_off,READ,0.6256,1.2140
timing_off,READ,1.6916,1.1830
timing_off,READ,0.5825,2.1910
timing_off,READ,0.5436,1.2320
timing_off,READ,1.6191,1.2650
timing_off,READ,0.5620,2.1550
timing_off,READ,0.5169,1.2680
timing_off,READ,1.6243,1.1910
timing_off,READ,0.6320,2.1540
timing_off,READ,0.5245,1.2750
timing_off,READ,1.8640,1.2110
timing_off,READ,0.5236,2.3320
timing_off,READ,0.6256,1.1880
timing_off,READ,1.6186,1.1800
timing_off,READ,0.6318,2.1720
timing_off,READ,0.6933,1.1650
timing_off,READ,1.5433,1.2110
timing_off,READ,0.6235,2.1400
timing_off,READ,0.6065,1.1650
timing_off,READ,1.5798,1.2510
timing_off,READ,0.5901,2.3800
timing_off,READ,0.5918,2.2150
timing_off,READ,0.7129,1.1790
timing_off,READ,1.5705,1.1950
timing_off,READ,0.6239,2.1780
timing_off,READ,0.5581,1.2390
timing_off,READ,1.6406,1.1290
timing_off,READ,0.6406,2.1660
timing_off,READ,0.6282,1.1470
timing_off,READ,5.7759,1.3160
timing_off,READ,0.5805,2.1970
timing_off,READ,0.6101,1.2140
timing_off,READ,1.6181,1.1890
timing_off,READ,0.5798,2.1900
timing_off,READ,0.5925,1.1870
timing_off,READ,1.6642,1.1930
timing_off,READ,0.5658,2.2040
timing_off,READ,0.5660,1.2120
timing_off,READ,1.5647,1.2760
timing_off,READ,0.5786,2.0970
timing_off,READ,0.7663,1.2520
timing_off,READ,1.6696,1.0970
timing_off,READ,0.6845,2.1630
timing_off,READ,0.5739,1.2230
timing_off,READ,1.6248,1.1690
timing_off,READ,0.5586,2.2110
timing_off,READ,0.6282,1.1870
timing_off,READ,1.6608,1.1410
timing_off,READ,0.6270,2.1650
timing_off,READ,0.7246,1.1500
timing_off,READ,1.5216,1.2420
timing_off,READ,0.7045,2.1640
timing_off,READ,0.5019,2.6600
timing_off,READ,0.7133,1.1690
timing_off,READ,1.6291,1.2770
timing_off,READ,0.5322,2.3840
timing_off,READ,0.6733,1.1540
timing_off,READ,1.6031,1.3000
timing_off,READ,0.7110,2.3030
timing_off,READ,0.5646,2.2290
timing_off,READ,0.5980,1.2300
timing_off,READ,1.7903,1.1480
timing_off,READ,0.6299,2.2080
timing_off,READ,0.6547,1.1430
timing_off,READ,1.6568,5.1760
timing_off,READ,0.6220,2.2000
timing_off,READ,0.6168,1.2580
timing_off,READ,1.6003,1.1310
timing_off,READ,0.6270,2.2350
timing_off,READ,0.6042,1.1780
timing_off,READ,1.8198,1.1730
timing_off,READ,0.4921,7.0390
timing_off,READ,0.5128,2.2960
timing_off,READ,0.6022,1.2490
timing_off,READ,1.6105,1.1490
timing_off,READ,0.6456,2.1700
timing_off,READ,0.6220,1.1360
timing_off,READ,1.6522,1.1700
timing_off,READ,0.6180,2.1570
timing_off,READ,0.8256,1.1310
timing_off,READ,1.5635,1.5280
timing_off,READ,0.5534,2.2370
timing_off,READ,0.6297,1.2430
timing_off,READ,1.6096,1.1250
timing_off,READ,0.6266,2.2660
timing_off,READ,0.5445,1.2300
timing_off,READ,1.6494,1.1500
timing_off,READ,0.6278,2.3670
timing_off,READ,0.5162,1.2690
timing_off,READ,1.4861,1.4480
timing_off,READ,1.6298,1.1480
timing_off,READ,0.6497,2.1060
timing_off,READ,0.5727,1.2770
timing_off,READ,1.6637,1.1570
timing_off,READ,0.6196,2.2370
timing_off,READ,0.5984,1.1830
timing_off,READ,1.6458,1.1620
timing_off,READ,0.5958,2.1150
timing_off,READ,0.6073,5.4500
timing_off,READ,1.6434,1.1580
timing_off,READ,0.5960,2.2580
timing_off,READ,0.5872,1.2110
timing_off,READ,1.5910,1.2550
timing_off,READ,0.4952,2.3360
timing_off,READ,0.5059,1.3290
timing_off,READ,1.5950,1.1890
timing_off,READ,0.5181,2.2780
timing_off,READ,0.5913,1.2480
timing_off,READ,1.5752,1.2070
timing_off,READ,0.5751,2.3800
timing_off,READ,0.6237,1.2150
timing_off,READ,1.5798,1.1710
timing_off,READ,0.6247,2.2150
timing_off,READ,0.6027,1.1860
timing_off,READ,1.5013,1.3150
timing_off,READ,0.5701,2.2280
timing_off,READ,0.5574,2.2440
timing_off,READ,0.5732,1.2210
timing_off,READ,0.5891,2.2070
timing_off,READ,0.5755,2.3710
timing_off,READ,0.6180,1.1580
timing_off,READ,1.6537,1.2170
timing_off,READ,0.5820,2.1160
timing_off,READ,0.5479,1.2640
timing_off,READ,1.6530,1.1290
timing_off,READ,0.6795,2.1320
timing_off,READ,0.6368,1.1550
timing_off,READ,1.6730,1.1410
timing_off,READ,0.5591,2.4230
timing_off,READ,0.4940,1.2800
timing_off,READ,1.5986,1.4070
timing_off,READ,0.6280,2.1210
timing_off,READ,0.6418,1.1400
timing_off,READ,1.6422,1.1610
timing_off,READ,4.7445,2.3420
timing_off,READ,0.5784,1.1760
timing_off,READ,1.5862,1.1390
timing_off,READ,0.6230,2.2360
timing_off,READ,0.6518,1.1920
timing_off,READ,1.5569,1.3230
timing_off,READ,0.5918,2.2200
timing_off,READ,0.5600,2.2300
timing_off,READ,0.5829,1.2110
timing_off,READ,0.5434,2.2420
timing_off,READ,0.6399,2.2130
timing_off,READ,0.5267,1.3020
timing_off,READ,0.5271,2.3450
timing_off,READ,0.5169,2.1730
timing_off,READ,0.5271,1.4000
timing_off,READ,1.6348,1.1540
timing_off,READ,0.8020,2.0910
timing_off,READ,0.6256,1.1370
timing_off,READ,1.7657,1.1620
timing_off,READ,0.5777,2.2850
timing_off,READ,0.5555,1.1950
timing_off,READ,1.5967,1.3860
timing_off,READ,0.6282,2.1060
timing_off,READ,0.5896,1.2130
timing_off,READ,1.6658,1.1280
timing_off,READ,0.6902,2.1260
timing_off,READ,0.6187,1.2410
timing_off,READ,1.6525,1.3170
timing_off,READ,0.5856,2.2370
timing_off,READ,0.5772,1.1920
timing_off,READ,1.6236,1.3150
timing_off,READ,0.5150,2.2370
timing_off,READ,0.6225,2.2160
timing_off,READ,0.5050,1.4670
timing_off,READ,1.6136,1.1250
timing_off,READ,0.6292,6.5170
timing_off,READ,0.5085,1.2480
timing_off,READ,1.5674,1.2470
timing_off,READ,0.5181,2.2860
timing_off,READ,0.5727,1.2280
timing_off,READ,1.5752,1.2530
timing_off,READ,0.6311,2.1660
timing_off,READ,0.5841,1.2530
timing_off,READ,1.6236,1.1860
timing_off,READ,0.5629,2.1420
timing_off,READ,0.5476,1.2660
timing_off,READ,1.8156,1.1420
timing_off,READ,0.6471,2.1070
timing_off,READ,0.7093,1.2060
timing_off,READ,1.6253,1.1500
timing_off,READ,0.6196,2.1630
timing_off,READ,0.5424,1.2440
timing_off,READ,1.5912,1.1570
timing_off,READ,0.6266,2.1380
timing_off,READ,0.6273,1.1630
timing_off,READ,1.6937,1.1270
timing_off,READ,0.5450,2.2190
timing_off,READ,0.7932,1.1700
timing_off,READ,1.5197,1.2700
timing_off,READ,0.5777,2.1790
timing_off,READ,0.5853,2.3210
timing_off,READ,0.5908,1.1920
timing_off,READ,0.5796,2.2550
timing_off,READ,0.6189,2.1720
timing_off,READ,0.6232,1.1670
timing_off,READ,1.5891,1.2010
timing_off,READ,0.6261,2.1700
timing_off,READ,0.6204,1.3160
timing_off,READ,1.5898,1.1550
timing_off,READ,0.5701,2.3230
timing_off,READ,0.5128,1.2730
timing_off,READ,5.6899,1.3920
timing_off,READ,0.5217,2.1800
timing_off,READ,0.5214,1.3210
timing_off,READ,1.6093,1.2320
timing_off,READ,0.6909,2.0950
timing_off,READ,0.5212,1.2730
timing_off,READ,1.6882,1.2220
timing_off,READ,0.6263,2.1800
timing_off,READ,0.6230,1.1440
timing_off,READ,1.7545,1.2240
timing_off,READ,0.5856,2.1620
timing_off,READ,0.6866,1.1700
timing_off,READ,1.4775,1.2520
timing_off,READ,0.5629,2.3220
timing_off,READ,0.5665,1.2630
timing_off,READ,1.5352,1.2500
timing_off,READ,0.5891,2.3830
timing_off,READ,0.6359,2.1440
timing_off,READ,0.6008,1.2170
timing_off,READ,1.5922,1.1670
timing_off,READ,0.6273,2.1620
timing_off,READ,0.6306,1.2520
timing_off,READ,1.6174,1.1560
timing_off,READ,0.6306,2.4080
timing_off,READ,0.6142,1.2540
timing_off,READ,1.6289,1.1560
timing_off,READ,0.6275,7.2990
timing_off,READ,0.6309,2.2430
timing_off,READ,0.6235,4.2420
timing_off,READ,0.6998,2.2640
timing_off,READ,0.6168,1.1630
timing_off,READ,1.5919,1.1310
timing_off,READ,0.6285,6.3210
timing_off,READ,0.7915,1.2020
timing_off,READ,1.5125,1.4530
timing_off,READ,1.5748,1.2460
timing_off,READ,0.6115,2.2470
timing_off,READ,0.6363,1.1590
timing_off,READ,1.6234,1.1460
timing_off,READ,0.5620,2.2620
timing_off,READ,0.6087,1.2360
timing_off,READ,1.5860,1.2100
timing_off,READ,0.5617,2.1960
timing_off,READ,0.6273,1.3920
timing_off,READ,1.5795,1.1430
timing_off,READ,0.5090,2.3560
timing_off,READ,0.4957,1.2570
timing_off,READ,1.5862,1.2290
timing_off,READ,0.5691,2.2920
timing_off,READ,0.6135,1.2310
timing_off,READ,1.5557,1.2150
timing_off,READ,0.6235,2.1710
timing_off,READ,0.6294,1.2090
timing_off,READ,1.5783,1.1300
timing_off,READ,0.6011,2.3000
timing_off,READ,0.6282,1.1750
timing_off,READ,1.5876,1.1620
timing_off,READ,0.6285,2.2600
timing_off,READ,0.5987,1.2140
timing_off,READ,1.4989,1.2960
timing_off,READ,0.4985,2.2690
timing_off,READ,0.5131,1.3080
timing_off,READ,1.4911,1.2390
timing_off,READ,0.6309,2.2150
timing_off,READ,0.5798,2.3870
timing_off,READ,0.6437,1.2100
timing_off,READ,1.6103,1.1510
timing_off,READ,0.5431,2.1710
timing_off,READ,4.7956,1.2080
timing_off,READ,1.6606,1.1460
timing_off,READ,0.6154,2.2120
timing_off,READ,0.6189,1.1600
timing_off,READ,1.6246,1.1380
timing_off,READ,0.6073,2.4940
timing_off,READ,0.6349,1.1620
timing_off,READ,1.5755,1.2620
timing_off,READ,0.6466,2.1480
timing_off,READ,0.6187,1.2420
timing_off,READ,1.5824,1.1080
timing_off,READ,0.5441,2.2840
timing_off,READ,0.6332,1.1250
timing_off,READ,1.6904,1.1450
timing_off,READ,0.6278,2.2310
timing_off,READ,0.6280,1.2140
timing_off,READ,1.5454,1.3350
timing_off,READ,0.5047,2.2630
timing_off,READ,0.5882,2.2230
timing_off,READ,0.6034,1.1950
timing_off,READ,0.5844,2.2140
timing_off,READ,0.6104,2.2990
timing_off,READ,0.5686,1.2410
timing_off,READ,1.6084,1.2120
timing_off,READ,0.6032,2.1160
timing_off,READ,0.5715,1.2820
timing_off,READ,1.6327,1.1610
timing_off,READ,0.8528,2.0880
timing_off,READ,0.6249,1.1690
timing_off,READ,1.7133,1.1540
timing_off,READ,0.5021,2.2800
timing_off,READ,0.5038,1.2810
timing_off,READ,1.6236,1.1930
timing_off,READ,0.5982,2.2090
timing_off,READ,0.5214,1.2770
timing_off,READ,1.6057,1.1960
timing_off,READ,4.6837,2.4820
timing_off,READ,0.6270,1.1320
timing_off,READ,1.6181,1.1460
timing_off,READ,0.6282,2.1840
timing_off,READ,0.6275,1.1600
timing_off,READ,1.6179,1.2090
timing_off,READ,0.6077,2.1800
timing_off,READ,0.6099,1.3780
timing_off,READ,1.4858,1.2520
timing_off,READ,0.6409,2.2140
timing_off,READ,0.5903,2.3600
timing_off,READ,0.6313,1.2040
timing_off,READ,1.6136,1.2270
timing_off,READ,0.6115,2.1230
timing_off,READ,0.5898,1.1960
timing_off,READ,1.6613,1.1950
timing_off,READ,0.6289,2.1630
timing_off,READ,0.6278,1.1530
timing_off,READ,1.6663,1.1550
timing_off,READ,0.5610,2.2300
timing_off,READ,0.5386,1.2200
timing_off,READ,1.7726,1.2180
timing_off,READ,0.5136,2.2290
timing_off,READ,0.5345,1.3090
timing_off,READ,1.5767,1.2730
timing_off,READ,0.6056,2.1700
timing_off,READ,0.5577,1.2750
timing_off,READ,1.5819,1.3120
timing_off,READ,0.6187,2.1320
timing_off,READ,0.6216,1.1680
timing_off,READ,1.6398,1.1620
timing_off,READ,0.6218,2.1540
timing_off,READ,0.8111,1.1550
timing_off,READ,1.5674,1.3020
timing_off,READ,0.5894,2.1580
timing_off,READ,0.5419,5.4100
timing_off,READ,1.5783,1.2270
timing_off,READ,0.5343,2.3170
timing_off,READ,0.5040,1.2620
timing_off,READ,1.4741,1.3800
timing_off,READ,0.5975,2.1940
timing_off,READ,0.8388,2.1460
timing_off,READ,0.6287,1.1540
timing_off,READ,1.6959,1.1220
timing_off,READ,0.6156,2.3250
timing_off,READ,0.5715,1.2380
timing_off,READ,1.6601,1.2330
timing_off,READ,0.5691,2.1360
timing_off,READ,0.5858,1.2560
timing_off,READ,1.6191,1.1840
timing_off,READ,0.5872,2.1110
timing_off,READ,0.5622,1.2680
timing_off,READ,1.6453,1.2690
timing_off,READ,0.6471,2.1780
timing_off,READ,0.6490,1.1550
timing_off,READ,1.6432,1.0580
timing_off,READ,0.5012,2.2770
timing_off,READ,0.6304,1.1780
timing_off,READ,1.6162,1.1320
timing_off,READ,0.5581,2.2670
timing_off,READ,0.5624,1.2960
timing_off,READ,1.5621,1.1820
timing_off,READ,0.5562,2.3470
timing_off,READ,0.5243,1.2640
timing_off,READ,1.5197,1.2640
timing_off,READ,0.5593,2.2460
timing_off,READ,0.5469,1.2390
timing_off,READ,1.5390,1.3550
timing_off,READ,0.5798,2.1850
timing_off,READ,0.5846,2.2910
timing_off,READ,0.5734,1.2210
timing_off,READ,4.6740,2.4010
timing_off,READ,0.6220,2.1260
timing_off,READ,0.7064,1.1560
timing_off,READ,1.6608,1.1470
timing_off,READ,0.5846,2.1460
timing_off,READ,0.6731,1.1820
timing_off,READ,1.6682,1.1970
timing_off,READ,0.5851,2.1930
timing_off,READ,0.5429,1.2450
timing_off,READ,1.7226,1.1550
timing_off,READ,0.5887,2.2090
timing_off,READ,0.7446,1.2310
timing_off,READ,1.6131,1.1860
timing_off,READ,0.6120,2.2880
timing_off,READ,0.6087,1.2000
timing_off,READ,1.6079,1.1060
timing_off,READ,0.6170,2.2530
timing_off,READ,0.6115,1.1650
timing_off,READ,1.6086,1.1640
timing_off,READ,0.6182,2.1380
timing_off,READ,0.6390,1.2110
timing_off,READ,1.5624,1.2910
timing_off,READ,0.5870,2.1840
timing_off,READ,0.5283,2.3320
timing_off,READ,0.5872,1.2340
timing_off,READ,0.5231,2.2910
timing_off,READ,0.5248,2.2580
timing_off,READ,0.5167,1.3420
timing_off,READ,1.5643,1.3290
timing_off,READ,0.7317,2.1930
timing_off,READ,0.5329,1.4610
timing_off,READ,1.5485,1.1900
timing_off,READ,0.4978,2.4520
timing_off,READ,0.6270,1.1840
timing_off,READ,1.6251,1.1830
timing_off,READ,0.6039,6.4230
timing_off,READ,0.7865,1.1980
timing_off,READ,1.5759,1.3660
timing_off,READ,1.5812,1.2170
timing_off,READ,0.6225,2.2180
timing_off,READ,0.6440,1.1360
timing_off,READ,1.7517,1.1410
timing_off,READ,0.6225,6.7420
timing_off,READ,0.5734,1.2290
timing_off,READ,1.6422,1.1080
timing_off,READ,0.5434,2.2630
timing_off,READ,0.6461,1.1780
timing_off,READ,1.6592,1.1630
timing_off,READ,0.6437,2.2990
timing_off,READ,0.5231,1.2790
timing_off,READ,1.6828,1.3300
timing_off,READ,1.6055,1.1820
timing_off,READ,0.6280,2.1490
timing_off,READ,0.6409,1.1710
timing_off,READ,1.6222,1.1130
timing_off,READ,0.6576,2.2190
timing_off,READ,0.6008,1.1710
timing_off,READ,1.5936,1.1370
timing_off,READ,0.6294,2.1550
timing_off,READ,0.6173,1.1700
timing_off,READ,1.6284,1.2920
timing_off,READ,0.5822,2.2320
timing_off,READ,0.5758,1.2570
timing_off,READ,1.5759,1.1890
timing_off,READ,0.5748,2.2470
timing_off,READ,0.5121,1.3250
timing_off,READ,1.5891,1.0990
timing_off,READ,0.5145,2.3700
timing_off,READ,0.5198,1.3170
timing_off,READ,1.5700,5.3390
timing_off,READ,0.7377,2.2280
timing_off,READ,0.5572,1.2410
timing_off,READ,1.6265,1.1070
timing_off,READ,0.6299,2.1760
timing_off,READ,0.6137,1.2630
timing_off,READ,1.6899,1.1470
timing_off,READ,0.5567,2.1710
timing_off,READ,0.5763,1.2040
timing_off,READ,1.5380,1.2990
timing_off,READ,0.5713,2.1800
timing_off,READ,0.5956,2.3470
timing_off,READ,0.5927,1.2510
timing_off,READ,0.5922,2.2340
timing_off,READ,0.5114,2.2620
timing_off,READ,0.5610,1.2700
timing_off,READ,1.6005,1.3030
timing_off,READ,0.6280,2.2080
timing_off,READ,0.6280,1.1900
timing_off,READ,1.5917,1.1670
timing_off,READ,0.5748,2.2950
timing_off,READ,0.5105,1.2760
timing_off,READ,1.7231,1.2410
timing_off,READ,0.5286,2.3090
timing_off,READ,0.6225,1.1550
timing_off,READ,1.5810,1.2050
timing_off,READ,0.5982,2.1660
timing_off,READ,0.5977,1.2340
timing_off,READ,1.6003,1.1430
timing_off,READ,0.6371,2.1640
timing_off,READ,0.6237,1.1710
timing_off,READ,1.6456,1.1910
timing_off,READ,0.5958,2.3110
timing_off,READ,0.5953,1.2200
timing_off,READ,1.4791,1.2920
timing_off,READ,0.5915,2.2540
timing_off,READ,4.7052,1.2870
timing_off,READ,1.5619,1.2790
timing_off,READ,0.5319,2.2440
timing_off,READ,0.5083,2.2630
timing_off,READ,0.5128,1.3410
timing_off,READ,0.5851,2.3400
timing_off,READ,0.5767,2.2480
timing_off,READ,0.6273,1.2610
timing_off,READ,1.6241,1.1430
timing_off,READ,0.6180,2.2590
timing_off,READ,0.5834,1.1650
timing_off,READ,1.6565,1.1480
timing_off,READ,0.5844,2.2440
timing_off,READ,0.6292,1.2010
timing_off,READ,1.5914,1.2110
timing_off,READ,0.5674,2.2330
timing_off,READ,0.5803,1.4130
timing_off,READ,1.5485,1.2590
timing_off,READ,0.6785,2.1570
timing_off,READ,0.6270,1.1510
timing_off,READ,1.6146,1.0650
timing_off,READ,0.5112,2.5540
timing_off,READ,0.5045,1.2530
timing_off,READ,1.4999,1.2900
timing_off,READ,0.5288,2.2770
timing_off,READ,0.6568,1.2390
timing_off,READ,1.4923,1.2460
timing_off,READ,0.7570,2.2300
timing_off,READ,0.5965,2.1380
timing_off,READ,0.6099,1.1700
timing_off,READ,1.6644,1.1400
timing_off,READ,0.6428,2.0990
timing_off,READ,0.7102,1.1390
timing_off,READ,1.7006,1.1640
timing_off,READ,0.6270,2.1220
timing_off,READ,0.6249,1.1630
timing_off,READ,5.8811,1.1310
timing_off,READ,0.6258,2.2780
timing_off,READ,0.5283,1.2590
timing_off,READ,1.5690,1.2550
timing_off,READ,0.5147,2.2720
timing_off,READ,0.5705,1.3260
timing_off,READ,1.5562,1.1390
timing_off,READ,0.5634,2.2820
timing_off,READ,0.5865,1.2310
timing_off,READ,1.6649,1.2260
timing_off,READ,0.5238,2.4510
timing_off,READ,0.6270,1.1590
timing_off,READ,1.5616,1.1900
timing_off,READ,0.6034,2.2440
timing_off,READ,0.6166,1.1730
timing_off,READ,1.5528,1.1750
timing_off,READ,0.6771,2.1670
timing_off,READ,0.6013,1.2430
timing_off,READ,1.5323,1.1820
timing_off,READ,0.6194,2.2120
timing_off,READ,0.5896,1.1630
timing_off,READ,1.5240,1.3150
timing_off,READ,0.5276,2.2700
timing_off,READ,0.6459,2.1620
timing_off,READ,0.5276,1.1960
timing_off,READ,0.5383,2.4390
timing_off,READ,0.5174,2.3930
timing_off,READ,0.5579,1.2100
timing_off,READ,1.6494,1.1480
timing_off,READ,0.6216,2.1180
timing_off,READ,0.7308,1.1470
timing_off,READ,1.6534,1.1460
timing_off,READ,0.7811,2.1080
timing_off,READ,0.5429,1.2150
timing_off,READ,1.6108,1.2650
timing_off,READ,0.5081,6.4000
timing_off,READ,0.6084,1.2400
timing_off,READ,1.5864,1.2250
timing_off,READ,0.5641,2.2190
timing_off,READ,0.6125,1.2340
timing_off,READ,1.5776,1.1850
timing_off,READ,0.8111,2.1550
timing_off,READ,0.5720,1.2120
timing_off,READ,1.6325,1.1900
timing_off,READ,0.6070,2.2580
timing_off,READ,0.4916,1.2640
timing_off,READ,1.4963,2.1220
timing_off,READ,1.6284,1.1770
timing_off,READ,0.6268,2.1070
timing_off,READ,0.5660,1.2910
timing_off,READ,1.6222,1.1380
timing_off,READ,0.6266,2.3210
timing_off,READ,0.6006,1.2070
timing_off,READ,1.5275,1.2730
timing_off,READ,0.5434,2.2110
timing_off,READ,0.5829,1.1890
timing_off,READ,1.6177,1.2640
timing_off,READ,0.5944,2.1710
timing_off,READ,0.5782,1.2690
timing_off,READ,1.5500,1.2320
timing_off,READ,0.6168,2.2140
timing_off,READ,0.5634,2.2740
timing_off,READ,0.7679,1.1710
timing_off,READ,1.5905,1.4590
timing_off,READ,0.5929,2.2150
timing_off,READ,0.4861,1.4240
timing_off,READ,1.5681,1.1790
timing_off,READ,0.6704,2.1600
timing_off,READ,0.5147,1.2560
timing_off,READ,1.5731,1.2370
timing_off,READ,0.5126,6.5420
timing_off,READ,0.7503,5.1590
timing_off,READ,1.6401,1.1310
timing_off,READ,0.6313,2.1620
timing_off,READ,0.6454,1.1450
timing_off,READ,1.6589,1.1410
timing_off,READ,0.6173,6.1060
timing_off,READ,0.6125,1.2620
timing_off,READ,1.5798,6.2350
timing_off,READ,1.6408,1.1950
timing_off,READ,0.5786,6.4630
timing_off,READ,0.5891,1.2130
timing_off,READ,1.5833,6.2100
timing_off,SBO,0.9015,9.0080
timing_off,SBO,0.4854,8.1790
timing_off,SBO,0.4420,8.8470
timing_off,SBO,0.5107,7.8300
timing_off,SBO,1.1511,1.0940
timing_off,SBO,1.0231,1.4800
timing_off,SBO,1.2424,4.1440
timing_off,SBO,0.4864,2.8830
timing_off,SBO,0.4947,3.9150
timing_off,SBO,0.4520,4.7190
timing_off,SBO,0.4907,3.1530
timing_off,SBO,1.1678,4.1260
timing_off,SBO,0.4792,3.0520
timing_off,SBO,0.4702,3.8460
timing_off,SBO,2.8369,2.4550
timing_off,SBO,0.4888,4.1230
timing_off,SBO,0.4954,3.9730
timing_off,SBO,0.4799,7.7010
timing_off,SBO,1.3032,1.3950
timing_off,SBO,1.3034,1.0590
timing_off,SBO,1.4169,1.1360
timing_off,SBO,0.4544,1.9820
timing_off,SBO,0.4823,2.0900
timing_off,SBO,0.3815,2.0540
timing_off,SBO,0.4199,2.0440
timing_off,SBO,0.4385,1.0180
timing_off,SBO,0.5147,1.1420
timing_off,SBO,0.9930,1.0650
timing_off,SBO,1.4925,1.0130
timing_off,SBO,0.4334,2.0880
timing_off,SBO,0.4742,2.0380
timing_off,SBO,0.5276,6.8140
timing_off,SBO,0.4504,3.0090
timing_off,SBO,1.0729,4.3100
timing_off,SBO,0.4804,7.6780
timing_off,SBO,1.3223,4.1630
timing_off,SBO,0.4818,12.0560
timing_off,SBO,1.2960,13.7750
timing_off,SBO,1.4036,18.1780
timing_off,SBO,1.2345,8.9680
timing_off,SBO,0.4749,7.9510
timing_off,SBO,0.5565,8.9400
timing_off,SBO,2.7385,7.5520
timing_off,SBO,0.3788,7.9360
timing_off,SBO,1.4226,8.9130
timing_off,SBO,0.4904,3.9030
timing_off,SBO,0.4833,3.9460
timing_off,SBO,0.3788,3.1980
timing_off,SBO,0.4911,6.6330
timing_off,SBO,1.4729,5.2980
timing_off,SBO,0.4404,7.6360
timing_off,SBO,0.7765,1.1370
timing_off,SBO,1.4853,1.6540
timing_off,SBO,1.1849,3.9030
timing_off,SBO,0.4408,3.2070
timing_off,SBO,0.4864,3.8820
timing_off,SBO,0.4604,2.6930
timing_off,SBO,0.4716,1.0290
timing_off,SBO,1.1873,0.9870
timing_off,SBO,1.4575,1.0070
timing_off,SBO,0.4580,2.0810
timing_off,SBO,0.4857,2.0530
timing_off,SBO,4.5638,2.1670
timing_off,SBO,0.3846,2.0940
timing_off,SBO,0.4749,1.9500
timing_off,SBO,0.4497,1.0290
timing_off,SBO,0.4749,1.0280
timing_off,SBO,1.2960,1.0100
timing_off,SBO,1.4889,1.0130
timing_off,SBO,0.4368,2.0700
timing_off,SBO,0.4785,2.0360
timing_off,SBO,0.4475,2.0370
timing_off,SBO,0.4671,2.0640
timing_off,SBO,0.5035,2.0120
timing_off,SBO,0.4411,1.0890
timing_off,SBO,3.9744,1.1030
timing_off,SBO,1.4584,1.0180
timing_off,SBO,0.4816,6.3010
timing_off,SBO,0.4964,2.8720
timing_off,SBO,1.4513,2.8660
timing_off,SBO,0.4632,4.2390
timing_off,SBO,0.4973,3.6940
timing_off,SBO,0.6950,4.6860
timing_off,SBO,0.4981,2.9140
timing_off,SBO,1.4682,3.9000
timing_off,SBO,0.4582,12.3310
timing_off,SBO,1.3099,4.6100
timing_off,SBO,0.4897,3.1580
timing_off,SBO,1.2891,2.8180
timing_off,SBO,0.4442,4.5010
timing_off,SBO,0.4404,3.4920
timing_off,SBO,0.6626,4.5950
timing_off,SBO,0.4904,2.8920
timing_off,SBO,1.4582,2.8960
timing_off,SBO,0.4489,4.2050
timing_off,SBO,2.6004,1.5870
timing_off,SBO,0.7212,4.6510
timing_off,SBO,0.4818,3.0070
timing_off,SBO,1.4567,1.8120
timing_off,SBO,0.8876,1.0500
timing_off,SBO,1.4348,1.2020
timing_off,SBO,0.3858,2.0690
timing_off,SBO,0.4776,2.0550
timing_off,SBO,0.5045,1.9440
timing_off,SBO,0.4628,1.9860
timing_off,SBO,0.4838,1.9650
timing_off,SBO,0.4647,1.0290
timing_off,SBO,0.4828,5.1580
timing_off,SBO,1.3659,1.0060
timing_off,SBO,1.4131,1.1930
timing_off,SBO,0.4268,1.9970
timing_off,SBO,0.4840,2.1620
timing_off,SBO,0.5226,1.9450
timing_off,SBO,0.4418,2.0010
timing_off,SBO,0.4823,2.0310
timing_off,SBO,0.4339,1.0330
timing_off,SBO,0.4797,1.0830
timing_off,SBO,1.1909,1.0660
timing_off,SBO,1.5013,1.0130
timing_off,SBO,0.4385,2.0360
timing_off,SBO,4.1122,2.0300
timing_off,SBO,0.4475,1.0160
timing_off,SBO,0.4227,1.2370
timing_off,SBO,0.9918,0.9820
timing_off,SBO,1.5633,1.0160
timing_off,SBO,0.4430,2.0870
timing_off,SBO,0.4709,2.0220
timing_off,SBO,0.4609,2.0310
timing_off,SBO,0.4568,2.0270
timing_off,SBO,0.5560,2.0090
timing_off,SBO,0.4468,1.0040
timing_off,SBO,0.4797,1.0320
timing_off,SBO,1.1737,2.7400
timing_off,SBO,2.8253,6.6140
timing_off,SBO,1.4758,2.8560
timing_off,SBO,0.4928,4.3530
timing_off,SBO,0.4916,3.4310
timing_off,SBO,0.8619,4.5350
timing_off,SBO,0.4404,2.8870
timing_off,SBO,1.4646,2.9520
timing_off,SBO,0.4404,8.9220
timing_off,SBO,1.4651,8.8740
timing_off,SBO,2.3856,11.0680
timing_off,SBO,0.4849,4.3700
timing_off,SBO,0.5057,3.4220
timing_off,SBO,0.8719,4.5170
timing_off,SBO,0.4480,8.0070
timing_off,SBO,0.8061,4.5500
timing_off,SBO,0.4914,2.9240
timing_off,SBO,1.4791,2.7640
timing_off,SBO,0.4871,4.3450
timing_off,SBO,2.4893,1.6970
timing_off,SBO,0.6905,4.4110
timing_off,SBO,0.4487,3.0270
timing_off,SBO,1.4269,3.0720
timing_off,SBO,0.4933,1.9370
timing_off,SBO,0.4549,1.0310
timing_off,SBO,1.4229,1.0340
timing_off,SBO,1.5879,0.9810
timing_off,SBO,0.4392,1.9460
timing_off,SBO,0.4935,1.9480
timing_off,SBO,0.4635,2.0630
timing_off,SBO,0.4687,1.9520
timing_off,SBO,4.0255,1.0380
timing_off,SBO,0.6287,1.0290
timing_off,SBO,1.4253,1.2100
timing_off,SBO,1.4129,1.0270
timing_off,SBO,0.5503,2.0350
timing_off,SBO,0.4811,2.0190
timing_off,SBO,0.4230,1.9970
timing_off,SBO,0.5035,1.9250
timing_off,SBO,0.4520,1.0340
timing_off,SBO,0.4866,1.1580
timing_off,SBO,1.1847,1.0150
timing_off,SBO,1.5097,0.9870
timing_off,SBO,0.4303,2.0470
timing_off,SBO,4.0457,2.1580
timing_off,SBO,0.4723,0.9990
timing_off,SBO,0.4504,1.0810
timing_off,SBO,1.0593,1.0510
timing_off,SBO,1.6534,1.0050
timing_off,SBO,1.4560,1.0150
timing_off,SBO,0.4663,2.0130
timing_off,SBO,0.4909,2.0130
timing_off,SBO,0.4494,2.0200
timing_off,SBO,0.4828,6.5670
timing_off,SBO,0.4518,2.9620
timing_off,SBO,1.4379,2.9110
timing_off,SBO,2.8074,2.2100
timing_off,SBO,0.4988,3.2250
timing_off,SBO,1.0130,4.3400
timing_off,SBO,0.4716,2.9680
timing_off,SBO,0.4406,4.0850
timing_off,SBO,0.4940,4.4150
timing_off,SBO,0.5102,3.2600
timing_off,SBO,1.0159,4.3000
timing_off,SBO,0.5057,2.9700
timing_off,SBO,0.4456,3.8790
timing_off,SBO,0.4382,13.7120
timing_off,SBO,1.2627,4.2920
timing_off,SBO,0.4804,2.9450
timing_off,SBO,0.4508,3.9340
timing_off,SBO,0.4847,4.6730
timing_off,SBO,0.4470,3.2760
timing_off,SBO,0.9251,4.1910
timing_off,SBO,0.4842,3.0770
timing_off,SBO,0.4351,2.0020
timing_off,SBO,0.6378,1.9860
timing_off,SBO,0.4802,6.1030
timing_off,SBO,0.4389,2.0270
timing_off,SBO,0.4981,2.2250
timing_off,SBO,0.4771,1.9910
timing_off,SBO,0.5140,1.0060
timing_off,SBO,0.5014,1.0080
timing_off,SBO,1.3216,1.0690
timing_off,SBO,1.4629,1.0120
timing_off,SBO,0.4332,1.9750
timing_off,SBO,0.5045,2.0680
timing_off,SBO,0.4716,1.9620
timing_off,SBO,0.4630,2.0050
timing_off,SBO,0.4740,0.9880
timing_off,SBO,0.4387,5.2120
timing_off,SBO,1.0519,1.0140
timing_off,SBO,1.4195,1.1130
timing_off,SBO,0.4375,2.0150
timing_off,SBO,0.6270,1.9900
timing_off,SBO,0.4463,2.0040
timing_off,SBO,0.4637,1.9160
timing_off,SBO,0.4380,1.0360
timing_off,SBO,0.4699,1.0320
timing_off,SBO,1.1599,1.0420
timing_off,SBO,1.4789,1.0340
timing_off,SBO,0.4320,2.0940
timing_off,SBO,0.4706,2.0430
timing_off,SBO,3.9749,1.0770
timing_off,SBO,0.4718,1.0950
timing_off,SBO,1.1468,1.1650
timing_off,SBO,1.4882,1.0150
timing_off,SBO,1.5116,0.9690
timing_off,SBO,0.4394,2.0580
timing_off,SBO,0.4845,6.0230
timing_off,SBO,0.4859,2.8860
timing_off,SBO,0.4451,4.0700
timing_off,SBO,0.4392,4.5230
timing_off,SBO,0.5100,3.1000
timing_off,SBO,1.1759,12.4940
timing_off,SBO,0.4861,4.6400
timing_off,SBO,0.4442,4.6260
timing_off,SBO,0.5109,13.8880
timing_off,SBO,0.4482,3.3120
timing_off,SBO,0.4487,3.6870
timing_off,SBO,0.4418,4.7210
timing_off,SBO,0.4950,3.1100
timing_off,SBO,1.2205,4.1870
timing_off,SBO,2.6543,5.7610
timing_off,SBO,1.2350,4.2640
timing_off,SBO,0.4797,2.8890
timing_off,SBO,0.5004,3.9400
timing_off,SBO,0.4530,5.0400
timing_off,SBO,1.5075,6.8640
timing_off,SBO,0.4988,2.0210
timing_off,SBO,0.6573,1.0340
timing_off,SBO,1.4479,0.9900
timing_off,SBO,1.4260,1.0200
timing_off,SBO,0.4671,6.1750
timing_off,SBO,0.4821,2.0000
timing_off,SBO,0.4482,2.0360
timing_off,SBO,0.4802,2.0180
timing_off,SBO,0.5639,1.0350
timing_off,SBO,0.4582,1.0970
timing_off,SBO,1.1125,1.0840
timing_off,SBO,1.4310,1.0330
timing_off,SBO,0.4294,2.0040
timing_off,SBO,0.4718,2.0390
timing_off,SBO,0.4365,2.0090
timing_off,SBO,0.4764,2.0560
timing_off,SBO,0.4842,1.9500
timing_off,SBO,3.7892,1.1720
timing_off,SBO,0.7949,1.0160
timing_off,SBO,1.6186,1.0020
timing_off,SBO,0.4494,1.9740
timing_off,SBO,0.4900,1.9140
timing_off,SBO,0.3946,2.1200
timing_off,SBO,0.4628,1.9900
timing_off,SBO,0.4957,0.9880
timing_off,SBO,0.4482,1.0690
timing_off,SBO,1.1284,1.0160
timing_off,SBO,1.4894,0.9980
timing_off,SBO,0.4380,2.0600
timing_off,SBO,0.4840,2.0430
timing_off,SBO,3.8788,1.1680
timing_off,SBO,0.4652,1.0330
timing_off,SBO,1.1263,1.0780
timing_off,SBO,1.5051,4.1970
timing_off,SBO,0.4923,2.9610
timing_off,SBO,0.5081,3.8550
timing_off,SBO,0.4508,4.8030
timing_off,SBO,0.4885,2.9810
timing_off,SBO,1.3144,4.0520
timing_off,SBO,0.3908,3.0710
timing_off,SBO,0.5088,3.8460
timing_off,SBO,2.7184,2.5600
timing_off,SBO,0.4792,2.9870
timing_off,SBO,1.2693,4.0430
timing_off,SBO,0.4456,3.0680
timing_off,SBO,0.5033,3.8350
timing_off,SBO,0.5035,4.8000
timing_off,SBO,0.4740,2.8920
timing_off,SBO,1.3642,4.0170
timing_off,SBO,0.4454,3.0490
timing_off,SBO,0.4873,3.8520
timing_off,SBO,0.4990,13.8140
timing_off,SBO,1.3928,3.9820
timing_off,SBO,0.4513,3.0850
timing_off,SBO,0.5040,2.1390
timing_off,SBO,0.4988,1.9720
timing_off,SBO,0.4735,2.1420
timing_off,SBO,0.4494,1.9700
timing_off,SBO,0.4802,2.0590
timing_off,SBO,0.3829,1.0920
timing_off,SBO,0.4411,1.0790
timing_off,SBO,1.2650,1.0460
timing_off,SBO,1.5149,1.0070
timing_off,SBO,1.8232,1.0090
timing_off,SBO,1.4641,1.0150
timing_off,SBO,0.4590,2.1900
timing_off,SBO,0.4666,2.0860
timing_off,SBO,0.4828,1.9940
timing_off,SBO,0.4497,2.1290
timing_off,SBO,0.4656,2.0150
timing_off,SBO,0.4327,1.0330
timing_off,SBO,0.4718,1.0380
timing_off,SBO,1.1346,1.0860
timing_off,SBO,1.3921,1.0470
timing_off,SBO,0.4501,1.9950
timing_off,SBO,0.4802,1.9730
timing_off,SBO,3.0248,1.3930
timing_off,SBO,0.7579,1.0160
timing_off,SBO,1.5383,1.0020
timing_off,SBO,0.4389,1.9810
timing_off,SBO,0.5763,2.0200
timing_off,SBO,0.3865,2.0650
timing_off,SBO,0.4170,2.0430
timing_off,SBO,0.4451,1.0820
timing_off,SBO,0.4354,1.0220
timing_off,SBO,1.1344,1.0240
timing_off,SBO,1.4911,1.0090
timing_off,SBO,0.4437,2.1490
timing_off,SBO,0.4618,2.0840
timing_off,SBO,3.7098,2.4900
timing_off,SBO,0.4494,3.1100
timing_off,SBO,0.5171,3.6360
timing_off,SBO,0.5748,4.8700
timing_off,SBO,0.5052,2.8910
timing_off,SBO,1.4672,3.9110
timing_off,SBO,0.4411,3.1220
timing_off,SBO,0.4966,3.7390
timing_off,SBO,0.6108,4.8650
timing_off,SBO,0.4389,2.9020
timing_off,SBO,1.4963,9.0970
timing_off,SBO,0.4394,2.7570
timing_off,SBO,1.4932,3.7860
timing_off,SBO,0.4356,3.4570
timing_off,SBO,0.4790,3.4540
timing_off,SBO,0.6542,4.7720
timing_off,SBO,0.4923,3.0430
timing_off,SBO,1.3566,2.8310
timing_off,SBO,0.3850,4.2730
timing_off,SBO,0.4866,3.7920
timing_off,SBO,0.5062,13.5800
timing_off,SBO,1.4760,4.2420
timing_off,SBO,0.4351,1.0160
timing_off,SBO,0.5302,5.4180
timing_off,SBO,0.9518,0.9890
timing_off,SBO,1.4746,1.0240
timing_off,SBO,0.4587,2.0100
timing_off,SBO,0.4838,1.9310
timing_off,SBO,0.4683,2.1310
timing_off,SBO,0.4745,1.9990
timing_off,SBO,0.3853,1.1310
timing_off,SBO,0.4625,1.0230
timing_off,SBO,1.1604,1.2040
timing_off,SBO,1.4796,0.9820
timing_off,SBO,1.5535,0.9920
timing_off,SBO,0.4358,2.0470
timing_off,SBO,0.4730,2.0240
timing_off,SBO,0.4437,2.0260
timing_off,SBO,0.4716,2.0290
timing_off,SBO,0.4508,1.0240
timing_off,SBO,0.4680,1.0270
timing_off,SBO,1.1046,1.0110
timing_off,SBO,1.4107,1.0100
timing_off,SBO,0.4742,1.9990
timing_off,SBO,0.5085,2.0470
timing_off,SBO,2.8157,1.0630
timing_off,SBO,1.1625,1.1050
timing_off,SBO,1.6048,1.0320
timing_off,SBO,1.4331,2.2950
timing_off,SBO,0.7637,4.6450
timing_off,SBO,0.4892,3.0310
timing_off,SBO,1.4789,2.7420
timing_off,SBO,0.4270,4.3380
timing_off,SBO,0.5045,8.5610
timing_off,SBO,0.4897,9.0390
timing_off,SBO,2.7311,7.5450
timing_off,SBO,0.4880,7.8670
timing_off,SBO,0.7243,8.9900
timing_off,SBO,0.4854,8.5460
timing_off,SBO,0.4969,8.9290
timing_off,SBO,1.4775,2.9040
timing_off,SBO,0.5071,4.2320
timing_off,SBO,0.5081,3.5250
timing_off,SBO,2.7835,2.6280
timing_off,SBO,0.5152,2.7960
timing_off,SBO,1.5118,2.9080
timing_off,SBO,0.4847,4.2350
timing_off,SBO,0.5062,3.6040
timing_off,SBO,0.7560,4.6250
timing_off,SBO,0.4377,2.9720
timing_off,SBO,1.4799,2.9160
timing_off,SBO,0.5143,4.3950
timing_off,SBO,0.3903,5.6310
timing_off,SBO,0.4966,15.6630
timing_off,SBO,0.4370,1.9450
timing_off,SBO,0.4981,3.0700
timing_off,SBO,1.3690,2.4910
timing_off,SBO,0.4411,4.3490
timing_off,SBO,0.5090,2.0860
timing_off,SBO,0.4380,2.0270
timing_off,SBO,0.4740,2.0220
timing_off,SBO,0.4373,1.0220
timing_off,SBO,0.4921,1.0480
timing_off,SBO,1.2019,1.0140
timing_off,SBO,4.4787,2.1340
timing_off,SBO,0.4508,2.0440
timing_off,SBO,0.4992,2.1640
timing_off,SBO,0.4976,2.0030
timing_off,SBO,0.4470,2.0750
timing_off,SBO,0.4778,2.0060
timing_off,SBO,0.4358,5.1660
timing_off,SBO,0.4854,2.1320
timing_off,SBO,0.4883,4.4490
timing_off,SBO,0.4687,2.1600
timing_off,SBO,0.4814,6.2190
timing_off,SBO,0.4387,12.0250
timing_off,SBO,0.9384,1.6620
timing_off,SBO,1.0924,2.6060
timing_off,SBO,0.4869,2.1980
timing_off,SBO,0.5100,1.0110
timing_off,SBO,1.2915,1.0700
timing_off,SBO,1.5018,2.8110
timing_off,SBO,0.4923,4.3790
timing_off,SBO,0.4866,3.3590
timing_off,SBO,0.9367,4.5410
timing_off,SBO,0.4389,2.9090
timing_off,SBO,2.8718,1.5480
timing_off,SBO,0.4964,4.3730
timing_off,SBO,0.4916,3.3330
timing_off,SBO,0.9642,4.5090
timing_off,SBO,0.4425,2.9300
timing_off,SBO,1.5070,2.8120
timing_off,SBO,0.4687,8.8840
timing_off,SBO,0.4539,10.0010
timing_off,SBO,0.4482,7.8760
timing_off,SBO,2.9118,7.0510
timing_off,SBO,0.4382,3.3750
timing_off,SBO,0.8881,4.4540
timing_off,SBO,0.4189,3.0420
timing_off,SBO,1.4784,2.8150
timing_off,SBO,0.4911,4.4420
timing_off,SBO,0.4876,3.3330
timing_off,SBO,0.9849,4.4790
timing_off,SBO,0.4604,2.9480
timing_off,SBO,0.4375,2.0380
timing_off,SBO,4.6418,2.0450
timing_off,SBO,0.4981,1.9440
timing_off,SBO,0.5052,3.9600
timing_off,SBO,0.7780,1.0470
timing_off,SBO,1.4508,0.9680
timing_off,SBO,0.4463,2.0060
timing_off,SBO,0.4838,2.0060
timing_off,SBO,0.4392,2.0490
timing_off,SBO,0.4315,2.0090
timing_off,SBO,0.4473,1.0310
timing_off,SBO,0.4838,1.0330
timing_off,SBO,1.2560,1.0080
timing_off,SBO,1.5054,1.0060
timing_off,SBO,1.9348,1.0000
timing_on,READ,20.5317,3.9990
timing_on,READ,20.5774,3.9990
timing_on,READ,20.5905,4.0030
timing_on,READ,20.6172,4.0030
timing_on,READ,20.6187,4.0560
timing_on,READ,20.6139,4.0070
timing_on,READ,20.6013,4.0050
timing_on,READ,20.6490,3.9880
timing_on,READ,20.6356,3.9950
timing_on,READ,20.6306,3.9740
timing_on,READ,20.6711,3.9790
timing_on,READ,20.6695,3.9960
timing_on,READ,20.6385,4.0260
timing_on,READ,20.6554,4.0620
timing_on,READ,20.6223,4.0300
timing_on,READ,23.4020,4.0000
timing_on,READ,20.7124,3.9990
timing_on,READ,20.7553,3.9990
timing_on,READ,20.7076,4.0050
timing_on,READ,24.6608,3.9980
timing_on,READ,20.7884,4.0010
timing_on,READ,20.6337,3.9990
timing_on,READ,20.6847,4.0750
timing_on,READ,24.6847,4.0040
timing_on,READ,20.6335,4.0010
timing_on,READ,20.6363,3.9990
timing_on,READ,20.6513,4.0000
timing_on,READ,20.6378,3.9960
timing_on,READ,20.6614,3.9980
timing_on,READ,20.6318,3.9980
timing_on,READ,20.6575,4.0930
timing_on,READ,20.6473,4.0000
timing_on,READ,20.6752,4.0020
timing_on,READ,20.6752,3.9970
timing_on,READ,20.6716,4.0610
timing_on,READ,20.6504,4.0050
timing_on,READ,20.6790,3.9970
timing_on,READ,20.6618,3.9980
timing_on,READ,20.6723,3.9920
timing_on,READ,20.6668,3.9920
timing_on,READ,20.6659,4.0550
timing_on,READ,20.6692,4.0010
timing_on,READ,20.6730,3.9670
timing_on,READ,20.6838,4.0020
timing_on,READ,21.1127,3.9980
timing_on,READ,20.6571,3.9950
timing_on,READ,20.6447,4.0000
timing_on,READ,20.6666,4.0030
timing_on,READ,20.6640,4.0040
timing_on,READ,20.6378,4.0140
timing_on,READ,20.6723,4.0010
timing_on,READ,20.6771,3.9970
timing_on,READ,20.6761,3.9950
timing_on,READ,20.6728,3.9980
timing_on,READ,20.6330,4.0000
timing_on,READ,20.6177,4.0590
timing_on,READ,20.6056,4.0050
timing_on,READ,20.6258,4.0000
timing_on,READ,20.6287,4.0590
timing_on,READ,20.6211,4.0050
timing_on,READ,20.6528,3.9980
timing_on,READ,20.6630,3.9960
timing_on,READ,20.6563,4.0030
timing_on,READ,20.6616,4.0040
timing_on,READ,20.6549,3.9980
timing_on,READ,20.8900,4.0030
timing_on,READ,20.6065,4.0540
timing_on,READ,20.6151,4.0040
timing_on,READ,20.6161,3.9730
timing_on,READ,20.6685,4.0000
timing_on,READ,20.6728,3.9990
timing_on,READ,20.6764,3.9990
timing_on,READ,20.6695,3.9990
timing_on,READ,20.6666,4.0030
timing_on,READ,20.6783,3.9990
timing_on,READ,20.6804,3.9980
timing_on,READ,20.6831,4.0580
timing_on,READ,20.6203,4.0240
timing_on,READ,20.6714,4.0050
timing_on,READ,20.6575,4.0050
timing_on,READ,20.6609,3.9990
timing_on,READ,20.6604,3.9790
timing_on,READ,20.6623,3.9790
timing_on,READ,20.6697,4.0080
timing_on,READ,20.6623,4.0550
timing_on,READ,20.6664,3.9930
timing_on,READ,20.7210,3.9780
timing_on,READ,20.6046,4.0270
timing_on,READ,20.6535,4.0030
timing_on,READ,20.6482,4.0920
timing_on,READ,20.6704,4.0000
timing_on,READ,20.6873,4.0040
timing_on,READ,20.6785,3.9970
timing_on,READ,20.6771,4.0060
timing_on,READ,20.6707,4.0180
timing_on,READ,20.6747,4.0040
timing_on,READ,20.6785,4.0060
timing_on,READ,20.6492,4.0640
timing_on,READ,20.6513,4.0040
timing_on,READ,20.6695,3.9940
timing_on,READ,20.6661,3.9960
timing_on,READ,20.6621,4.0000
timing_on,READ,20.6664,4.0580
timing_on,READ,20.6649,4.0030
timing_on,READ,20.6602,4.0020
timing_on,READ,20.6530,4.0040
timing_on,READ,20.6518,4.0070
timing_on,READ,20.7198,3.9980
timing_on,READ,20.6294,4.0290
timing_on,READ,20.6409,4.0160
timing_on,READ,20.6602,4.0020
timing_on,READ,20.6766,3.9970
timing_on,READ,20.6757,4.0000
timing_on,READ,20.6776,3.9990
timing_on,READ,20.6549,4.0210
timing_on,READ,20.6783,4.0030
timing_on,READ,20.6747,4.0030
timing_on,READ,20.6716,4.0020
timing_on,READ,20.6764,3.9920
timing_on,READ,20.6642,3.9910
timing_on,READ,20.6616,4.0580
timing_on,READ,20.6888,4.0010
timing_on,READ,20.8023,3.9980
timing_on,READ,20.6516,4.0000
timing_on,READ,20.6218,4.0010
timing_on,READ,20.6487,3.9880
timing_on,READ,20.6022,4.0010
timing_on,READ,20.6916,3.9970
timing_on,READ,20.7505,3.9980
timing_on,READ,20.6800,3.9950
timing_on,READ,20.6754,3.9980
timing_on,READ,20.6835,4.0620
timing_on,READ,24.7688,3.9810
timing_on,READ,20.6296,4.0050
timing_on,READ,20.6370,4.0070
timing_on,READ,20.6561,3.9980
timing_on,READ,20.6633,3.9960
timing_on,READ,20.6804,3.9970
timing_on,READ,20.6714,4.0540
timing_on,READ,20.6590,4.0050
timing_on,READ,20.6363,4.0050
timing_on,READ,20.6618,3.9960
timing_on,READ,20.6594,4.0050
timing_on,READ,20.6652,3.9920
timing_on,READ,20.6594,4.0010
timing_on,READ,20.6718,4.0010
timing_on,READ,20.6640,4.0510
timing_on,READ,20.6726,4.0070
timing_on,READ,20.6597,4.0760
timing_on,READ,20.6454,4.0010
timing_on,READ,20.6816,3.9980
timing_on,READ,20.6730,4.0000
timing_on,READ,20.6707,4.0680
timing_on,READ,21.0588,3.9990
timing_on,READ,20.6676,3.9970
timing_on,READ,20.6730,3.9990
timing_on,READ,20.6823,3.9920
timing_on,READ,20.6668,3.9990
timing_on,READ,20.6635,4.0020
timing_on,READ,20.6451,4.0000
timing_on,READ,20.6623,4.0040
timing_on,READ,20.6590,4.0010
timing_on,READ,20.6573,4.0010
timing_on,READ,20.6196,4.0000
timing_on,READ,20.6113,4.0540
timing_on,READ,20.6168,4.0010
timing_on,READ,20.6158,4.0020
timing_on,READ,20.6161,4.0070
timing_on,READ,20.6420,4.0000
timing_on,READ,20.6592,4.0010
timing_on,READ,20.6780,3.9890
timing_on,READ,20.6702,4.0010
timing_on,READ,20.6673,4.0000
timing_on,READ,20.6566,4.0930
timing_on,READ,20.8781,4.0040
timing_on,READ,20.6256,3.9990
timing_on,READ,20.6273,3.9990
timing_on,READ,20.6294,3.9990
timing_on,READ,20.6411,4.0020
timing_on,READ,20.6394,3.9980
timing_on,READ,20.6549,4.0010
timing_on,READ,20.6568,4.0070
timing_on,READ,20.6647,4.0550
timing_on,READ,20.6466,4.0040
timing_on,READ,20.6652,4.0020
timing_on,READ,20.6666,3.9980
timing_on,READ,20.6707,3.9970
timing_on,READ,20.5491,4.0460
timing_on,READ,20.6642,4.0010
timing_on,READ,20.6580,4.0040
timing_on,READ,20.6630,4.0680
timing_on,READ,20.6554,4.0040
timing_on,READ,20.6733,3.9990
timing_on,READ,20.6432,4.0200
timing_on,READ,20.6745,4.0630
timing_on,READ,20.7601,4.0020
timing_on,READ,20.6313,3.9980
timing_on,READ,20.6370,4.0160
timing_on,READ,20.6661,4.0000
timing_on,READ,20.6585,3.9980
timing_on,READ,20.6547,4.0580
timing_on,READ,20.6556,4.0070
timing_on,READ,20.6578,4.0020
timing_on,READ,20.6671,4.0020
timing_on,READ,20.6759,4.0010
timing_on,READ,20.6738,3.9920
timing_on,READ,20.6649,3.9970
timing_on,READ,20.6664,3.9990
timing_on,READ,20.6711,4.0030
timing_on,READ,20.6749,4.0000
timing_on,READ,20.6685,3.9750
timing_on,READ,20.7105,4.0050
timing_on,READ,20.6809,4.0010
timing_on,READ,20.6587,4.0080
timing_on,READ,20.6685,4.0040
timing_on,READ,20.6788,4.0630
timing_on,READ,20.7145,4.0060
timing_on,READ,20.6420,3.9960
timing_on,READ,20.6695,4.0560
timing_on,READ,20.9424,4.0080
timing_on,READ,24.7500,4.0010
timing_on,READ,20.6137,3.9960
timing_on,READ,20.5891,4.0310
timing_on,READ,20.6273,3.9990
timing_on,READ,20.6249,4.0050
timing_on,READ,20.6492,4.0080
timing_on,READ,20.6568,4.0560
timing_on,READ,20.6580,4.0000
timing_on,READ,20.6559,4.0000
timing_on,READ,20.6742,3.9870
timing_on,READ,20.6614,4.0010
timing_on,READ,20.6659,3.9990
timing_on,READ,20.6654,4.0020
timing_on,READ,20.6628,3.9760
timing_on,READ,20.6769,3.9990
timing_on,READ,20.6730,4.0030
timing_on,READ,20.6654,4.0580
timing_on,READ,20.6468,4.0160
timing_on,READ,20.6773,3.9990
timing_on,READ,20.7605,3.9980
timing_on,READ,20.6556,4.0080
timing_on,READ,21.1451,4.0040
timing_on,READ,20.6299,4.0000
timing_on,READ,20.6485,4.0040
timing_on,READ,20.6478,4.0510
timing_on,READ,20.6528,4.0020
timing_on,READ,20.6478,4.0030
timing_on,READ,20.6680,3.9920
timing_on,READ,20.6616,4.0010
timing_on,READ,20.6690,4.0740
timing_on,READ,20.6468,4.0040
timing_on,READ,20.6637,4.0010
timing_on,READ,20.6692,3.9680
timing_on,READ,20.6718,4.0000
timing_on,READ,20.6802,4.0000
timing_on,READ,20.6759,4.0020
timing_on,READ,20.6745,3.9990
timing_on,READ,20.6792,4.0640
timing_on,READ,20.6518,3.9970
timing_on,READ,20.6611,4.0000
timing_on,READ,20.6652,3.9960
timing_on,READ,20.6554,3.9980
timing_on,READ,20.7791,4.0500
timing_on,READ,20.6590,3.9960
timing_on,READ,20.6666,3.9930
timing_on,READ,20.6602,4.0080
timing_on,READ,20.6637,3.9940
timing_on,READ,20.6666,4.0000
timing_on,READ,20.6544,4.0010
timing_on,READ,20.6604,4.0100
timing_on,READ,20.6776,4.0010
timing_on,READ,20.6771,3.9970
timing_on,READ,20.6699,3.9990
timing_on,READ,20.6678,4.0030
timing_on,READ,20.6645,3.9960
timing_on,READ,20.6740,4.0040
timing_on,READ,20.6783,3.9730
timing_on,READ,20.6730,3.9980
timing_on,READ,20.6199,4.0010
timing_on,READ,20.6139,4.0010
timing_on,READ,20.5925,4.0760
timing_on,READ,20.6170,4.0060
timing_on,READ,20.6242,4.0040
timing_on,READ,20.8278,3.9990
timing_on,READ,20.5951,4.0040
timing_on,READ,20.6335,4.0000
timing_on,READ,20.6239,4.0000
timing_on,READ,20.6163,4.0030
timing_on,READ,20.6728,3.9940
timing_on,READ,20.6702,4.0050
timing_on,READ,20.6697,3.9980
timing_on,READ,20.6475,4.0980
timing_on,READ,20.6425,3.9990
timing_on,READ,20.6642,3.9980
timing_on,READ,20.6699,3.9990
timing_on,READ,20.6735,4.0010
timing_on,READ,20.6468,4.0300
timing_on,READ,20.6795,3.9930
timing_on,READ,20.6673,4.0530
timing_on,READ,20.6563,4.0000
timing_on,READ,20.6659,4.0060
timing_on,READ,20.6594,3.9960
timing_on,READ,20.6528,4.0040
timing_on,READ,20.6542,3.9970
timing_on,READ,20.7779,3.9980
timing_on,READ,20.6523,4.0040
timing_on,READ,20.6656,4.0480
timing_on,READ,20.6671,4.0060
timing_on,READ,20.6621,4.0700
timing_on,READ,20.6463,3.9990
timing_on,READ,20.6661,4.0040
timing_on,READ,20.6676,4.0010
timing_on,READ,20.6802,4.0580
timing_on,READ,20.6511,4.0030
timing_on,READ,20.6726,4.0010
timing_on,READ,20.6738,4.0010
timing_on,READ,20.6723,3.9760
timing_on,READ,20.6716,4.0010
timing_on,READ,20.6711,3.9970
timing_on,READ,20.6649,3.9990
timing_on,READ,20.6578,4.0010
timing_on,READ,20.6726,3.9980
timing_on,READ,20.6676,4.0010
timing_on,READ,20.6485,4.0000
timing_on,READ,20.6730,4.0590
timing_on,READ,20.7114,4.0190
timing_on,READ,20.6330,3.9940
timing_on,READ,20.6079,3.9960
timing_on,READ,20.6070,4.0290
timing_on,READ,20.6425,3.9990
timing_on,READ,20.6473,4.0010
timing_on,READ,20.6509,3.9980
timing_on,READ,20.6454,3.9890
timing_on,READ,20.6482,4.0670
timing_on,READ,20.6463,3.9970
timing_on,READ,20.6494,4.0030
timing_on,READ,20.6890,3.9790
timing_on,READ,20.7078,3.9990
timing_on,READ,20.6487,3.9980
timing_on,READ,20.6277,3.9980
timing_on,READ,20.7844,3.9980
timing_on,READ,20.6695,3.9990
timing_on,READ,20.6385,4.0570
timing_on,READ,20.6649,4.0000
timing_on,READ,20.6306,3.9970
timing_on,READ,20.6828,4.0040
timing_on,READ,20.8223,3.9970
timing_on,READ,20.6735,3.9750
timing_on,READ,20.6418,4.0010
timing_on,READ,20.6897,3.9920
timing_on,READ,24.8153,4.0590
timing_on,READ,20.6320,3.9950
timing_on,READ,20.6478,3.9970
timing_on,READ,20.6416,3.9990
timing_on,READ,20.6387,4.0650
timing_on,READ,20.6521,4.0060
timing_on,READ,20.6673,3.9990
timing_on,READ,20.6621,3.9990
timing_on,READ,20.6668,3.9980
timing_on,READ,20.6633,3.9960
timing_on,READ,20.6568,4.0510
timing_on,READ,20.6645,3.9730
timing_on,READ,20.6785,3.9740
timing_on,READ,20.7016,4.0040
timing_on,READ,20.6664,4.0040
timing_on,READ,20.6695,3.9960
timing_on,READ,20.6695,3.9980
timing_on,READ,20.6752,3.9980
timing_on,READ,20.6707,4.0050
timing_on,READ,20.6716,4.0010
timing_on,READ,20.6842,4.0000
timing_on,READ,21.0848,4.0000
timing_on,READ,20.6838,3.9900
timing_on,READ,20.6788,4.0020
timing_on,READ,20.6652,3.9990
timing_on,READ,20.6578,4.0590
timing_on,READ,20.6239,3.9970
timing_on,READ,20.6542,3.9940
timing_on,READ,20.5843,4.0550
timing_on,READ,20.6423,3.9980
timing_on,READ,20.6285,3.9990
timing_on,READ,20.7214,4.0040
timing_on,READ,20.6366,3.9970
timing_on,READ,20.7763,3.9920
timing_on,READ,20.7016,4.0000
timing_on,READ,20.6563,4.0030
timing_on,READ,20.5934,4.0840
timing_on,READ,20.6833,4.0040
timing_on,READ,20.7014,4.0020
timing_on,READ,20.7644,4.0060
timing_on,READ,20.6389,3.9970
timing_on,READ,20.6344,4.0080
timing_on,READ,20.7040,4.0010
timing_on,READ,20.6513,3.9790
timing_on,READ,20.6456,3.9980
timing_on,READ,20.8235,3.9960
timing_on,READ,24.7715,4.0640
timing_on,READ,20.6034,3.9970
timing_on,READ,20.6091,4.0250
timing_on,READ,20.6366,3.9950
timing_on,READ,20.6506,3.9940
timing_on,READ,20.7353,3.9950
timing_on,READ,20.6268,3.9930
timing_on,READ,20.6416,3.9800
timing_on,READ,20.6513,4.0540
timing_on,READ,20.6566,4.0040
timing_on,READ,20.6466,3.9800
timing_on,READ,20.6280,4.0150
timing_on,READ,20.6439,3.9890
timing_on,READ,20.6676,4.0640
timing_on,READ,20.6523,4.0000
timing_on,READ,20.6831,3.9950
timing_on,READ,20.6769,4.0000
timing_on,READ,20.6709,3.9840
timing_on,READ,20.6432,3.9920
timing_on,READ,20.6356,3.9960
timing_on,READ,20.6292,4.0020
timing_on,READ,21.3969,4.0580
timing_on,READ,20.6153,4.0040
timing_on,READ,20.6363,4.0010
timing_on,READ,20.6287,4.0020
timing_on,READ,20.6435,4.0060
timing_on,READ,20.6332,4.0480
timing_on,READ,20.5832,4.0020
timing_on,READ,20.6039,4.0010
timing_on,READ,20.6108,3.9970
timing_on,READ,20.6127,3.9980
timing_on,READ,20.5886,4.0010
timing_on,READ,20.6466,3.9920
timing_on,READ,20.6668,3.9970
timing_on,READ,20.6668,3.9990
timing_on,READ,20.6635,4.0020
timing_on,READ,20.6623,3.9980
timing_on,READ,20.6668,4.0050
timing_on,READ,20.6685,4.0010
timing_on,READ,20.6645,4.0040
timing_on,READ,20.6635,3.9980
timing_on,READ,20.6680,3.9930
timing_on,READ,20.9570,3.9970
timing_on,READ,20.6010,4.0070
timing_on,READ,20.6213,4.0490
timing_on,READ,20.5975,4.0320
timing_on,READ,20.6492,3.9980
timing_on,READ,20.6532,4.0010
timing_on,READ,20.6530,3.9770
timing_on,READ,20.6516,4.0040
timing_on,READ,20.6289,4.0220
timing_on,READ,20.6501,4.0020
timing_on,READ,20.6599,4.0010
timing_on,READ,20.6389,4.0190
timing_on,READ,20.6695,3.9770
timing_on,READ,20.6709,4.0660
timing_on,READ,20.6494,4.0010
timing_on,READ,20.6716,4.0000
timing_on,READ,20.6861,3.9930
timing_on,READ,20.6730,4.0080
timing_on,READ,20.6718,3.9950
timing_on,READ,20.6678,3.9990
timing_on,READ,20.6621,4.0550
timing_on,READ,20.8447,4.0040
timing_on,READ,20.6354,3.9960
timing_on,READ,20.6482,4.0010
timing_on,READ,20.7350,4.0030
timing_on,READ,20.6294,4.0000
timing_on,READ,20.6189,3.9970
timing_on,READ,20.6256,3.9970
timing_on,READ,20.6292,4.0490
timing_on,READ,20.6254,4.0040
timing_on,READ,20.6263,4.0510
timing_on,READ,20.6389,3.9970
timing_on,READ,20.6656,4.0010
timing_on,READ,20.6735,3.9920
timing_on,READ,20.6776,4.0630
timing_on,READ,20.6590,3.9980
timing_on,READ,20.6730,3.9790
timing_on,READ,20.6718,4.0050
timing_on,READ,20.6809,3.9950
timing_on,READ,20.6778,3.9930
timing_on,READ,20.6702,4.0010
timing_on,READ,20.6735,3.9970
timing_on,READ,20.7348,3.9920
timing_on,READ,20.6223,4.0070
timing_on,READ,20.6358,4.0030
timing_on,READ,20.6337,3.9990
timing_on,READ,20.6358,4.0540
timing_on,READ,20.6223,4.0060
timing_on,READ,20.6287,4.0030
timing_on,READ,20.6280,4.0010
timing_on,READ,20.6351,3.9990
timing_on,READ,20.6163,3.9970
timing_on,READ,20.5746,4.0040
timing_on,READ,20.6349,4.0000
timing_on,READ,20.6344,3.9990
timing_on,READ,20.6368,4.0600
timing_on,READ,20.6258,4.0010
timing_on,READ,20.6442,4.0020
timing_on,READ,20.6625,3.9960
timing_on,READ,20.6728,3.9960
timing_on,READ,20.6749,3.9990
timing_on,READ,20.6594,4.0010
timing_on,READ,20.6561,3.9980
timing_on,READ,20.8809,4.0040
timing_on,READ,20.5762,4.0600
timing_on,READ,20.6199,4.0060
timing_on,READ,20.6170,3.9980
timing_on,READ,20.6320,4.0020
timing_on,READ,20.6583,4.0100
timing_on,READ,20.6690,4.0010
timing_on,READ,20.6530,3.9830
timing_on,READ,20.6628,4.0010
timing_on,READ,20.6780,4.0700
timing_on,READ,20.6525,4.0000
timing_on,READ,20.6735,3.9770
timing_on,READ,20.6819,4.0000
timing_on,READ,20.6807,4.0570
timing_on,READ,20.6709,3.9970
timing_on,READ,20.6771,3.9990
timing_on,READ,20.6735,3.9950
timing_on,READ,20.6621,4.0020
timing_on,READ,20.6606,4.0020
timing_on,READ,20.6614,4.0560
timing_on,READ,20.6671,4.0030
timing_on,READ,20.6969,4.0090
timing_on,READ,20.7493,4.0020
timing_on,READ,20.6211,4.0010
timing_on,READ,20.6342,3.9980
timing_on,READ,20.6401,4.0050
timing_on,READ,20.6213,4.0010
timing_on,READ,20.6375,4.0030
timing_on,READ,20.6394,4.0020
timing_on,READ,20.6444,4.0010
timing_on,READ,20.6409,3.9960
timing_on,READ,20.6532,3.9870
timing_on,READ,20.6470,3.9910
timing_on,READ,20.6444,4.0050
timing_on,READ,20.6442,4.0630
timing_on,READ,20.6268,3.9960
timing_on,READ,20.6463,4.0060
timing_on,READ,20.6647,4.0700
timing_on,READ,20.6192,4.0030
timing_on,READ,20.6351,3.9960
timing_on,READ,20.6327,4.0020
timing_on,READ,20.6351,4.0010
timing_on,READ,20.6759,3.9990
timing_on,READ,20.6378,4.0020
timing_on,READ,20.6306,4.0030
timing_on,READ,20.6392,4.0350
timing_on,READ,20.6487,3.9980
timing_on,READ,20.6423,3.9850
timing_on,READ,20.6540,4.0090
timing_on,READ,20.6645,4.0000
timing_on,READ,20.6559,4.0020
timing_on,READ,20.7765,3.9980
timing_on,READ,20.6482,4.0000
timing_on,READ,20.6656,3.9910
timing_on,READ,20.7198,3.9990
timing_on,READ,20.6847,4.0660
timing_on,READ,20.6249,4.0030
timing_on,READ,20.8015,4.0060
timing_on,READ,20.6769,4.0040
timing_on,READ,20.6373,3.9930
timing_on,READ,20.6661,4.0060
timing_on,READ,20.6404,3.9980
timing_on,READ,20.6890,4.0010
timing_on,READ,20.8549,4.0370
timing_on,READ,20.6673,3.9990
timing_on,READ,20.6428,4.0270
timing_on,READ,20.7057,4.0030
timing_on,READ,24.7977,4.0000
timing_on,READ,20.6177,4.0770
timing_on,READ,20.6406,4.0060
timing_on,READ,20.6318,4.0010
timing_on,READ,20.6153,4.0140
timing_on,READ,20.6354,4.0010
timing_on,READ,20.6270,4.0000
timing_on,READ,20.6218,4.0200
timing_on,READ,20.6351,3.9760
timing_on,READ,20.6723,4.0810
timing_on,READ,20.6146,4.0320
timing_on,READ,20.6583,3.9990
timing_on,READ,20.6571,3.9960
timing_on,READ,20.6685,3.9970
timing_on,READ,20.6590,4.0490
timing_on,READ,20.6649,4.0060
timing_on,READ,20.6618,3.9990
timing_on,READ,20.6757,3.9990
timing_on,READ,20.6635,4.0060
timing_on,READ,20.6597,4.0010
timing_on,READ,20.6704,4.0040
timing_on,READ,21.0652,3.9970
timing_on,READ,20.6280,3.9980
timing_on,READ,20.6535,3.9990
timing_on,READ,20.6518,4.0000
timing_on,READ,20.6263,4.0280
timing_on,READ,20.6389,4.0020
timing_on,READ,20.6466,4.0010
timing_on,READ,20.6282,4.0210
timing_on,READ,20.6439,4.0010
timing_on,READ,20.6137,4.0010
timing_on,SBO,21.4632,4.0020
timing_on,SBO,20.4751,4.0310
timing_on,SBO,20.4756,4.0000
timing_on,SBO,20.4651,4.0100
timing_on,SBO,21.0800,4.0040
timing_on,SBO,20.5095,4.0780
timing_on,SBO,20.5007,4.0020
timing_on,SBO,20.4592,4.0060
timing_on,SBO,20.8704,4.0020
timing_on,SBO,20.4985,4.0750
timing_on,SBO,20.5152,4.0000
timing_on,SBO,20.4573,3.9760
timing_on,SBO,20.9100,4.0260
timing_on,SBO,20.5359,3.9940
timing_on,SBO,20.5145,4.0000
timing_on,SBO,20.4422,3.9990
timing_on,SBO,21.2867,4.0510
timing_on,SBO,20.5278,4.0000
timing_on,SBO,20.4983,3.9950
timing_on,SBO,20.5164,4.0030
timing_on,SBO,21.1973,4.0040
timing_on,SBO,20.5066,4.0030
timing_on,SBO,20.5014,4.0050
timing_on,SBO,20.4599,4.0180
timing_on,SBO,20.8452,4.0020
timing_on,SBO,20.5054,4.0520
timing_on,SBO,20.4937,4.0030
timing_on,SBO,20.4720,4.0050
timing_on,SBO,20.9308,4.0020
timing_on,SBO,20.5011,3.9780
timing_on,SBO,20.5028,4.0530
timing_on,SBO,20.4387,4.0290
timing_on,SBO,20.8416,4.0010
timing_on,SBO,20.4756,4.0010
timing_on,SBO,20.4811,3.9660
timing_on,SBO,20.4713,4.0050
timing_on,SBO,21.0645,4.0010
timing_on,SBO,20.5088,3.9960
timing_on,SBO,20.5088,4.0060
timing_on,SBO,21.5526,4.0050
timing_on,SBO,20.5078,4.0040
timing_on,SBO,20.4751,4.0020
timing_on,SBO,20.4835,4.0050
timing_on,SBO,21.0190,4.0550
timing_on,SBO,23.6821,3.9970
timing_on,SBO,20.5193,3.9950
timing_on,SBO,20.5221,4.0340
timing_on,SBO,20.4685,4.0030
timing_on,SBO,20.8983,4.0360
timing_on,SBO,20.5030,4.0010
timing_on,SBO,20.5066,3.9940
timing_on,SBO,20.4713,4.0000
timing_on,SBO,20.9503,3.9910
timing_on,SBO,20.5095,3.9990
timing_on,SBO,20.5126,3.9970
timing_on,SBO,20.4785,3.9950
timing_on,SBO,20.9274,4.0510
timing_on,SBO,20.5033,3.9990
timing_on,SBO,20.4985,4.0060
timing_on,SBO,20.4604,3.9980
timing_on,SBO,20.8721,3.9930
timing_on,SBO,20.5054,4.0580
timing_on,SBO,20.5057,4.0050
timing_on,SBO,21.4822,3.9840
timing_on,SBO,20.5469,4.0040
timing_on,SBO,20.5021,3.9970
timing_on,SBO,20.5119,4.0040
timing_on,SBO,21.2250,4.0290
timing_on,SBO,20.5090,4.0020
timing_on,SBO,20.5107,3.9990
timing_on,SBO,21.5151,4.0010
timing_on,SBO,20.4666,4.0020
timing_on,SBO,20.4675,4.0010
timing_on,SBO,20.5162,3.9980
timing_on,SBO,21.0662,4.0500
timing_on,SBO,20.5109,3.9910
timing_on,SBO,20.5064,4.0000
timing_on,SBO,20.4685,3.9990
timing_on,SBO,20.9479,4.0010
timing_on,SBO,20.5123,4.0450
timing_on,SBO,20.5860,4.0120
timing_on,SBO,21.5230,4.0040
timing_on,SBO,23.8006,4.0340
timing_on,SBO,20.5081,4.0040
timing_on,SBO,20.6594,4.0040
timing_on,SBO,21.6200,3.9990
timing_on,SBO,20.5164,3.9990
timing_on,SBO,20.5150,4.0540
timing_on,SBO,20.4723,3.9760
timing_on,SBO,21.0013,4.0000
timing_on,SBO,20.5047,3.9940
timing_on,SBO,20.4973,4.0040
timing_on,SBO,21.4233,4.0620
timing_on,SBO,20.4647,4.0050
timing_on,SBO,20.4790,4.0340
timing_on,SBO,20.5109,3.9960
timing_on,SBO,21.2245,4.0060
timing_on,SBO,20.5548,4.0030
timing_on,SBO,20.5126,4.0010
timing_on,SBO,21.4789,4.0280
timing_on,SBO,20.4723,4.0030
timing_on,SBO,20.4735,3.9670
timing_on,SBO,20.5162,4.0020
timing_on,SBO,21.1418,4.0020
timing_on,SBO,20.5190,4.0010
timing_on,SBO,20.4928,4.0790
timing_on,SBO,21.4338,3.9960
timing_on,SBO,20.4670,4.0060
timing_on,SBO,20.5054,4.0000
timing_on,SBO,20.5064,4.0000
timing_on,SBO,21.2460,4.0520
timing_on,SBO,20.5164,4.0010
timing_on,SBO,20.4985,4.0080
timing_on,SBO,24.4398,3.9960
timing_on,SBO,21.1706,3.9960
timing_on,SBO,20.5104,3.9960
timing_on,SBO,20.4840,4.0300
timing_on,SBO,21.5092,4.0000
timing_on,SBO,20.4682,4.0120
timing_on,SBO,20.4659,4.0000
timing_on,SBO,20.5109,3.9990
timing_on,SBO,21.0290,3.9970
timing_on,SBO,20.5116,3.9910
timing_on,SBO,20.5076,4.0550
timing_on,SBO,20.4616,4.0020
timing_on,SBO,20.9212,4.0040
timing_on,SBO,20.5061,3.9980
timing_on,SBO,20.5112,3.9940
timing_on,SBO,20.4585,4.0540
timing_on,SBO,20.8688,3.9990
timing_on,SBO,20.5152,3.9710
timing_on,SBO,20.5054,4.0040
timing_on,SBO,20.4685,3.9990
timing_on,SBO,20.9596,3.9970
timing_on,SBO,20.5142,3.9960
timing_on,SBO,20.5019,3.9970
timing_on,SBO,21.4751,4.0650
timing_on,SBO,20.4728,3.9930
timing_on,SBO,20.5047,3.9940
timing_on,SBO,20.5200,3.9980
timing_on,SBO,21.1577,4.0020
timing_on,SBO,20.5038,4.0610
timing_on,SBO,20.5014,3.9770
timing_on,SBO,20.4628,4.0000
timing_on,SBO,20.9587,4.0080
timing_on,SBO,20.5042,4.0050
timing_on,SBO,20.4997,4.0040
timing_on,SBO,21.5492,4.0240
timing_on,SBO,20.4680,4.0000
timing_on,SBO,20.4818,3.9990
timing_on,SBO,20.5183,3.9990
timing_on,SBO,25.4061,4.0000
timing_on,SBO,20.4833,4.0000
timing_on,SBO,20.5131,4.0000
timing_on,SBO,21.5106,4.0540
timing_on,SBO,20.4580,3.9740
timing_on,SBO,20.4859,4.0010
timing_on,SBO,20.5026,3.9800
timing_on,SBO,21.2424,4.0000
timing_on,SBO,20.5014,4.0570
timing_on,SBO,20.4968,4.0030
timing_on,SBO,20.4518,4.0030
timing_on,SBO,20.9408,4.0010
timing_on,SBO,20.5033,4.0090
timing_on,SBO,20.4921,4.0170
timing_on,SBO,20.4589,4.0000
timing_on,SBO,20.9062,4.0020
timing_on,SBO,20.5066,4.0560
timing_on,SBO,20.5772,4.0000
timing_on,SBO,21.4391,4.0040
timing_on,SBO,20.4818,4.0030
timing_on,SBO,20.5188,4.0020
timing_on,SBO,20.5290,4.0500
timing_on,SBO,21.2276,3.9960
timing_on,SBO,20.5042,4.0080
timing_on,SBO,20.5083,4.0040
timing_on,SBO,21.4536,3.9990
timing_on,SBO,20.4713,4.0260
timing_on,SBO,20.5021,4.0060
timing_on,SBO,20.5081,3.9900
timing_on,SBO,21.1802,4.0090
timing_on,SBO,20.4890,4.0010
timing_on,SBO,24.5662,4.0180
timing_on,SBO,20.4701,4.0010
timing_on,SBO,20.9849,4.0010
timing_on,SBO,20.5662,4.0580
timing_on,SBO,20.5250,3.9920
timing_on,SBO,21.3599,4.0670
timing_on,SBO,20.4682,4.0040
timing_on,SBO,20.5052,4.0020
timing_on,SBO,20.5171,4.0520
timing_on,SBO,21.2772,3.9970
timing_on,SBO,20.5038,3.9960
timing_on,SBO,20.4971,4.0000
timing_on,SBO,20.4699,3.9990
timing_on,SBO,20.8421,4.0000
timing_on,SBO,20.5064,4.0050
timing_on,SBO,20.5076,4.0010
timing_on,SBO,20.4623,4.0040
timing_on,SBO,20.9079,4.0050
timing_on,SBO,20.5112,4.0010
timing_on,SBO,20.5119,3.9840
timing_on,SBO,21.5189,4.0030
timing_on,SBO,20.4697,4.0610
timing_on,SBO,20.5133,4.0080
timing_on,SBO,20.5164,4.0010
timing_on,SBO,21.1329,3.9750
timing_on,SBO,20.5038,4.0040
timing_on,SBO,20.5038,4.0600
timing_on,SBO,20.4778,4.0000
timing_on,SBO,20.9484,3.9960
timing_on,SBO,20.5045,4.0080
timing_on,SBO,20.5030,4.0020
timing_on,SBO,21.4627,3.9980
timing_on,SBO,20.4666,3.9790
timing_on,SBO,20.5095,4.0020
timing_on,SBO,20.5204,4.0500
timing_on,SBO,21.2784,4.0010
timing_on,SBO,20.4980,4.0010
timing_on,SBO,20.5073,4.0040
timing_on,SBO,24.3485,4.0010
timing_on,SBO,21.3323,4.0540
timing_on,SBO,20.4895,4.0020
timing_on,SBO,20.4921,3.9960
timing_on,SBO,21.4047,4.0060
timing_on,SBO,20.4508,4.0100
timing_on,SBO,20.5009,3.9960
timing_on,SBO,20.4914,4.0020
timing_on,SBO,21.2121,4.0040
timing_on,SBO,20.5078,3.9990
timing_on,SBO,20.4740,4.0220
timing_on,SBO,20.4315,4.0260
timing_on,SBO,20.9360,3.9990
timing_on,SBO,20.5102,4.0020
timing_on,SBO,20.5238,4.0200
timing_on,SBO,20.4697,4.0070
timing_on,SBO,20.9544,4.0040
timing_on,SBO,20.5061,4.0010
timing_on,SBO,20.5066,3.9980
timing_on,SBO,21.5888,4.0550
timing_on,SBO,20.4728,4.0000
timing_on,SBO,20.4639,4.0010
timing_on,SBO,20.5119,4.0070
timing_on,SBO,21.0373,3.9990
timing_on,SBO,20.5011,4.0020
timing_on,SBO,20.4604,4.0060
timing_on,SBO,20.4649,4.0020
timing_on,SBO,20.9947,4.0550
timing_on,SBO,20.5159,4.0020
timing_on,SBO,20.5121,3.9920
timing_on,SBO,20.4713,4.0000
timing_on,SBO,20.8795,3.9980
timing_on,SBO,20.5164,4.0550
timing_on,SBO,20.5171,3.9950
timing_on,SBO,20.4740,4.0000
timing_on,SBO,20.9491,3.9820
timing_on,SBO,20.5038,3.9980
timing_on,SBO,20.5219,4.0030
timing_on,SBO,24.6110,4.0000
timing_on,SBO,20.9095,4.0010
timing_on,SBO,20.5107,4.0030
timing_on,SBO,20.5176,4.0030
timing_on,SBO,21.5693,4.0040
timing_on,SBO,20.4597,4.0020
timing_on,SBO,20.5164,4.0000
timing_on,SBO,20.5071,4.0480
timing_on,SBO,21.0936,3.9990
timing_on,SBO,20.5202,4.0000
timing_on,SBO,20.5166,3.9940
timing_on,SBO,20.4675,3.9990
timing_on,SBO,20.9670,4.0610
timing_on,SBO,20.5142,4.0040
timing_on,SBO,20.5212,4.0000
timing_on,SBO,21.4901,4.0220
timing_on,SBO,20.4668,4.0020
timing_on,SBO,20.4718,3.9950
timing_on,SBO,20.5207,3.9930
timing_on,SBO,21.0400,3.9990
timing_on,SBO,20.5033,4.0040
timing_on,SBO,20.5052,4.0030
timing_on,SBO,20.4706,4.0000
timing_on,SBO,20.8910,4.0030
timing_on,SBO,20.5126,4.0050
timing_on,SBO,20.5123,4.0550
timing_on,SBO,20.4706,4.0020
timing_on,SBO,20.8855,3.9960
timing_on,SBO,20.5107,4.0050
timing_on,SBO,20.5073,4.0050
timing_on,SBO,20.4608,4.0600
timing_on,SBO,20.8907,4.0050
timing_on,SBO,20.5035,3.9780
timing_on,SBO,20.5040,4.0000
timing_on,SBO,20.4630,3.9990
timing_on,SBO,20.8497,4.0010
timing_on,SBO,20.5162,3.9940
timing_on,SBO,20.5142,3.9930
timing_on,SBO,20.4034,4.1240
timing_on,SBO,21.0001,4.0120
timing_on,SBO,20.5138,4.0000
timing_on,SBO,20.5071,4.0040
timing_on,SBO,21.5113,4.0080
timing_on,SBO,20.4725,4.0590
timing_on,SBO,20.4768,3.9930
timing_on,SBO,22.8970,4.0010
timing_on,SBO,20.5181,3.9980
timing_on,SBO,20.4694,3.9970
timing_on,SBO,21.1468,3.9760
timing_on,SBO,20.4868,4.0010
timing_on,SBO,20.4909,4.0040
timing_on,SBO,21.4911,3.9950
timing_on,SBO,20.4604,3.9930
timing_on,SBO,20.4573,4.0030
timing_on,SBO,20.4914,3.9990
timing_on,SBO,21.1158,3.9930
timing_on,SBO,20.5362,4.0590
timing_on,SBO,20.5104,4.0050
timing_on,SBO,20.4704,3.9990
timing_on,SBO,20.9334,3.9950
timing_on,SBO,20.5147,4.0010
timing_on,SBO,20.5145,4.0600
timing_on,SBO,21.5633,4.0020
timing_on,SBO,20.4730,3.9950
timing_on,SBO,20.4482,4.0340
timing_on,SBO,20.5038,4.0010
timing_on,SBO,21.0886,4.0020
timing_on,SBO,20.5040,3.9960
timing_on,SBO,20.5095,4.0010
timing_on,SBO,21.4195,4.0640
timing_on,SBO,20.4873,4.0000
timing_on,SBO,20.5059,3.9990
timing_on,SBO,20.5135,3.9950
timing_on,SBO,21.2619,3.9990
timing_on,SBO,20.5050,4.0540
timing_on,SBO,20.5200,3.9750
timing_on,SBO,20.4430,4.0130
timing_on,SBO,20.9215,4.0100
timing_on,SBO,20.5097,4.0020
timing_on,SBO,20.5188,3.9970
timing_on,SBO,21.4365,4.0010
timing_on,SBO,20.5064,3.9970
timing_on,SBO,20.5038,4.0050
timing_on,SBO,23.5403,3.9970
timing_on,SBO,20.4563,4.0130
timing_on,SBO,21.5011,4.0010
timing_on,SBO,20.5033,4.0020
timing_on,SBO,20.4997,4.0590
timing_on,SBO,21.4660,4.0080
timing_on,SBO,20.4706,3.9970
timing_on,SBO,20.5123,4.0000
timing_on,SBO,20.5231,4.0000
timing_on,SBO,21.2207,4.0490
timing_on,SBO,20.5121,3.9940
timing_on,SBO,20.5166,4.0040
timing_on,SBO,21.4348,3.9830
timing_on,SBO,20.4690,3.9950
timing_on,SBO,20.5081,4.0030
timing_on,SBO,20.5126,3.9980
timing_on,SBO,21.2314,3.9760
timing_on,SBO,20.5243,3.9800
timing_on,SBO,20.5090,3.9990
timing_on,SBO,20.4654,3.9770
timing_on,SBO,20.9284,3.9990
timing_on,SBO,20.4761,3.9990
timing_on,SBO,20.4628,4.0550
timing_on,SBO,20.4713,3.9960
timing_on,SBO,21.0271,4.0000
timing_on,SBO,20.5119,4.0070
timing_on,SBO,20.4923,4.0230
timing_on,SBO,21.5056,4.0580
timing_on,SBO,20.4742,4.0020
timing_on,SBO,20.4704,4.0010
timing_on,SBO,20.5057,3.9980
timing_on,SBO,21.1098,4.0070
timing_on,SBO,20.5195,3.9990
timing_on,SBO,20.5834,3.9930
timing_on,SBO,21.4314,3.9910
timing_on,SBO,20.4604,4.0510
timing_on,SBO,20.5100,3.9980
timing_on,SBO,20.5035,3.9980
timing_on,SBO,23.0730,3.9940
timing_on,SBO,20.4682,3.9990
timing_on,SBO,21.0330,4.0550
timing_on,SBO,20.6237,4.0010
timing_on,SBO,20.5326,4.0090
timing_on,SBO,21.4648,4.0040
timing_on,SBO,20.5090,3.9810
timing_on,SBO,20.4597,4.0010
timing_on,SBO,20.4566,4.0090
timing_on,SBO,21.1148,3.9910
timing_on,SBO,20.5088,3.9980
timing_on,SBO,20.4959,3.9990
timing_on,SBO,21.4274,3.9990
timing_on,SBO,20.5028,3.9970
timing_on,SBO,20.5119,3.9940
timing_on,SBO,20.5045,4.0570
timing_on,SBO,21.2219,4.0060
timing_on,SBO,20.4997,4.0050
timing_on,SBO,20.5212,3.9960
timing_on,SBO,21.4319,4.0010
timing_on,SBO,20.4713,4.0600
timing_on,SBO,20.5123,4.0060
timing_on,SBO,20.4928,4.0020
timing_on,SBO,21.2984,4.0000
timing_on,SBO,20.5021,4.0020
timing_on,SBO,20.5090,3.9990
timing_on,SBO,20.4659,4.0000
timing_on,SBO,20.8449,4.0020
timing_on,SBO,20.5033,4.0560
timing_on,SBO,20.5092,4.0060
timing_on,SBO,20.4663,4.0010
timing_on,SBO,20.9258,3.9950
timing_on,SBO,20.5121,3.9910
timing_on,SBO,20.5050,4.0540
timing_on,SBO,21.4725,3.9980
timing_on,SBO,20.4833,3.9780
timing_on,SBO,20.5126,3.9990
timing_on,SBO,20.4904,4.0240
timing_on,SBO,23.5949,3.9990
timing_on,SBO,21.4193,4.0070
timing_on,SBO,20.4976,4.0020
timing_on,SBO,20.4997,3.9970
timing_on,SBO,20.4694,4.0000
timing_on,SBO,20.9482,3.9970
timing_on,SBO,20.4685,4.0270
timing_on,SBO,20.4883,4.0040
timing_on,SBO,20.4666,4.0600
timing_on,SBO,20.8335,4.0040
timing_on,SBO,20.4763,4.0230
timing_on,SBO,20.4782,4.0300
timing_on,SBO,20.4618,4.0020
timing_on,SBO,20.9405,4.0520
timing_on,SBO,20.5126,3.9980
timing_on,SBO,20.5340,3.9930
timing_on,SBO,21.4727,3.9950
timing_on,SBO,20.4701,4.0000
timing_on,SBO,20.5164,4.0020
timing_on,SBO,20.5097,3.9980
timing_on,SBO,21.1651,4.0020
timing_on,SBO,20.4744,4.0300
timing_on,SBO,20.5076,3.9980
timing_on,SBO,20.4606,4.0020
timing_on,SBO,20.9939,4.0000
timing_on,SBO,20.5097,3.9960
timing_on,SBO,20.5085,4.0500
timing_on,SBO,20.4678,4.0020
timing_on,SBO,20.8669,4.0030
timing_on,SBO,20.5035,4.0060
timing_on,SBO,20.5102,4.0010
timing_on,SBO,21.4334,4.0520
timing_on,SBO,20.5169,3.9960
timing_on,SBO,20.5226,3.9940
timing_on,SBO,20.5185,4.0000
timing_on,SBO,21.2502,3.9980
timing_on,SBO,20.5734,3.9930
timing_on,SBO,20.4890,4.0230
timing_on,SBO,24.5099,3.9960
timing_on,SBO,20.9188,4.0490
timing_on,SBO,20.6537,3.9700
timing_on,SBO,20.6194,4.0010
timing_on,SBO,21.5073,4.0000
timing_on,SBO,20.4973,4.0000
timing_on,SBO,20.4566,4.0580
timing_on,SBO,20.4480,4.0000
timing_on,SBO,20.9978,4.0020
timing_on,SBO,20.5090,4.0060
timing_on,SBO,20.5135,3.9980
timing_on,SBO,20.4716,4.0070
timing_on,SBO,20.8955,4.0220
timing_on,SBO,20.5078,3.9950
timing_on,SBO,20.5200,3.9770
timing_on,SBO,20.4546,4.0040
timing_on,SBO,20.8914,3.9950
timing_on,SBO,20.5047,3.9990
timing_on,SBO,20.5076,4.0010
timing_on,SBO,20.4706,4.0520
timing_on,SBO,20.8795,4.0000
timing_on,SBO,20.5741,3.9970
timing_on,SBO,20.5052,3.9970
timing_on,SBO,21.5058,4.0050
timing_on,SBO,20.4625,4.0550
timing_on,SBO,20.4678,4.0050
timing_on,SBO,20.5157,4.0020
timing_on,SBO,21.1549,4.0000
timing_on,SBO,20.5104,4.0010
timing_on,SBO,20.4873,4.0220
timing_on,SBO,20.4611,4.0000
timing_on,SBO,20.9458,3.9950
timing_on,SBO,20.5002,4.0570
timing_on,SBO,20.5066,3.9990
timing_on,SBO,20.4637,3.9700
timing_on,SBO,20.8790,4.0010
timing_on,SBO,20.5066,4.0010
timing_on,SBO,20.5112,4.0500
timing_on,SBO,20.4728,3.9830
timing_on,SBO,20.9935,4.0000
timing_on,SBO,20.5078,3.9980
timing_on,SBO,20.5114,3.9950
timing_on,SBO,21.4715,3.9960
timing_on,SBO,20.4778,3.9970
